{
    "format_version" : "1.8.0",  
    "animations" : {
       "animation.wave.tyler" : {  
          "loop" : true, 
          "animation_length": 20.0,
          "bones" : {
             "rightArm" : {
                "rotation" : {
                   "0.0" :[0, 0, 0],
                   "0.3" :[-40, 0,0],
                   "0.6" :[-40, 0,-30],
                   "0.9" :[-40, 0,-30],
                   "1.2" :[-40, 0,30],
                   "1.5" :[-40, 0,-30],
                   "1.8" :[-40, 0,-30],
                   "2.1" : [-40,0,30],
                   "2.4" : [40,0,30],
                   "2.7" : [40,0,-30],
                   "3.0" : [40,0,30],
                   "3.3" : [-40,0,30],
                   "3.6" :[-40, 0,0], 
                   "3.9":[0,0,0]
                } 
             },
             "rightSleeve" : {
                "rotation" : {
                   "0.0" :[0, 0, 0],
                   "0.3" :[-40, 0,0],
                   "0.6" :[-40, 0,-30],
                   "0.9" :[-40, 0,-30],
                   "1.2" :[-40, 0,30],
                   "1.5" :[-40, 0,-30],
                   "1.8" :[-40, 0,-30],
                   "2.1" : [-40,0,30],
                   "2.4" : [40,0,30],
                   "2.7" : [40,0,-30],
                   "3.0" : [40,0,30],
                   "3.3" : [-40,0,30],
                   "3.6" :[-40, 0,0], 
                   "3.9":[0,0,0]
                } 
             },
             "leftArm" : {
                "rotation" : {
                   "0.0" :[0, 0, 0],
                   "0.3" :[-40, 0, 0],
                   "0.6" :[-40, 0,-30],
                   "0.9" :[40, 0, -30],
                   "1.2" :[40, 0,30],
                   "1.5" :[40, 0,-30],
                   "1.8" :[-40, 0,-30],
                   "2.1" :[-40, 0,30],
                   "2.4" :[-40, 0,30],
                   "2.7" :[-40, 0,-30],
                   "3.0" :[-40, 0,30],
                   "3.3" :[-40, 0,30],
                   "3.6" :[-40, 0,0],
                   "3.9" :[0, 0,0]
                } 
             },
             "leftSleeve" : {
                "rotation" : {
                   "0.0" :[0, 0, 0],
                   "0.3" :[-40, 0, 0],
                   "0.6" :[-40, 0,-30],
                   "0.9" :[40, 0, -30],
                   "1.2" :[40, 0,30],
                   "1.5" :[40, 0,-30],
                   "1.8" :[-40, 0,-30],
                   "2.1" :[-40, 0,30],
                   "2.4" :[-40, 0,30],
                   "2.7" :[-40, 0,-30],
                   "3.0" :[-40, 0,30],
                   "3.3" :[-40, 0,30],
                   "3.6" :[-40, 0,0],
                   "3.9" :[0, 0,0]
                } 
             }
          }       
       } 
    }
} 