{
	"format_version": "1.10.0",
	"animation_controllers": {
		"controller.animation.c2.general": {
			"states": {
				"default": {
					"variables": {
						"moving_speed": {
							"input": "query.modified_move_speed"
						},
						"door": {
							"input": "query.has_rider('value=1')"
						},
						"door2": {
							"input": "query.has_rider('value=2')"
						},
						"softtop": {
							"input": "query.is_in_water_or_rain"
						}
					},
					"animations": [
						"turning",
						{
							"drive": "variable.moving_speed"
						},
						{
							"door": "variable.door"
						},
						{
							"door2": "variable.door2"
						},
						{
							"softtop": "variable.softtop"
						}
					]
				}
			}
		}
	}
}