{
  "format_version": "1.8.0",
  "minecraft:entity": {
    "description": {
      "identifier": "fernan:lamborghini_m2",
      "is_spawnable": true,
      "is_summonable": true,
      "is_experimental": false
    },
    "components": {
      "minecraft:type_family": {
        "family": [ "car" ]
      },
      "minecraft:breathable": {
        "totalSupply": 1,
        "suffocateTime": 0
      },
      "minecraft:collision_box": {
        "width": 3.0,
        "height": 3.0
      },
  "minecraft:scale": {
        "value": 0.3
      },
     "minecraft:movement": {
        "value": 0.92
        },
        "minecraft:movement.basic": {

        },
        "minecraft:jump.static": {
        },
      "minecraft:health": {
        "value": 50,
        "max": 50
      },
      "minecraft:nameable": {
      },
	  "minecraft:inventory": {
        "inventory_size": 27,
        "container_type": "container", 
        "private": false
      },
        "minecraft:knockback_resistance": {
        "value": 1.0
      },
	  "minecraft:rideable": {
        "priority": 0,
		"seat_count": 4,
		"crouching_skip_interact": true,
		"interact_text": "Drive",
        "family_types": [
          "player",
		  "zombie"
        ],
        "seats": [
          {
                      "position": [ 3.15, 0.35, -5.25 ],
            "min_rider_count": 0,
            "max_rider_count": 0

          }
        
        ]
      },
      "minecraft:input_ground_controlled": {
      },
      

      "minecraft:physics": {
      }
    }
  }
}
