{
  "format_version": "1.13.0",
  "minecraft:entity": {
    "description": {
      "identifier": "rg69:npc_sleep",
      "is_spawnable": true,
      "is_summonable": true,
      "is_experimental": false
    },

    "component_groups": {
      "minecraft:s0": {
        "minecraft:variant": {
          "value": 0
        }
      },
      "minecraft:1": {
        "minecraft:variant": {
          "value": 1
        }
      },
      "minecraft:s2": {
        "minecraft:variant": {
          "value": 2
        }
      },
      "minecraft:s3": {
        "minecraft:variant": {
          "value": 3
        }
      },
      "minecraft:s4": {
        "minecraft:variant": {
          "value": 4
        }
      },
      "minecraft:s5": {
        "minecraft:variant": {
          "value": 5
        }
      },
      "minecraft:s6": {
        "minecraft:variant": {
          "value": 6
        }
      },
      "minecraft:s7": {
        "minecraft:variant": {
          "value": 7
        }
      },
      "minecraft:s8": {
        "minecraft:variant": {
          "value": 8
        }
      },
      "minecraft:s9": {
        "minecraft:variant": {
          "value": 9
        }
      },
      "minecraft:s10": {
        "minecraft:variant": {
          "value": 10
        }
      },
      "minecraft:s11": {
        "minecraft:variant": {
          "value": 11
        }
      },
      "minecraft:s12": {
        "minecraft:variant": {
          "value": 12
        }
      },
      "minecraft:s13": {
        "minecraft:variant": {
          "value": 13
        }
      },
      "minecraft:s14": {
        "minecraft:variant": {
          "value": 14
        }
      },
      "minecraft:s15": {
        "minecraft:variant": {
          "value": 15
        }
      },
      "minecraft:16": {
        "minecraft:variant": {
          "value": 16
        }
      },
      "minecraft:s17": {
        "minecraft:variant": {
          "value": 17
        }
      },
      "minecraft:18": {
        "minecraft:variant": {
          "value": 18
        }
      },
      "minecraft:s19": {
        "minecraft:variant": {
          "value": 19
        }
      },
      "minecraft:s20": {
        "minecraft:variant": {
          "value": 20
        }
      },
      "minecraft:s21": {
        "minecraft:variant": {
          "value": 21
        }
      },
      "minecraft:s22": {
        "minecraft:variant": {
          "value": 22
        }
      },
      "minecraft:s23": {
        "minecraft:variant": {
          "value": 23
        }
      },
      "minecraft:s24": {
        "minecraft:variant": {
          "value": 24
        }
      },
      "minecraft:s25": {
        "minecraft:variant": {
          "value": 25
        }
      },
      "minecraft:s26": {
        "minecraft:variant": {
          "value": 26
        }
      },
      "minecraft:s27": {
        "minecraft:variant": {
          "value": 27
        }
      },
      "minecraft:s28": {
        "minecraft:variant": {
          "value": 28
        }
      },
      "minecraft:s29": {
        "minecraft:variant": {
          "value": 29
        }
      },
      "minecraft:s30": {
        "minecraft:variant": {
          "value": 30
        }
      },
      "minecraft:s31": {
        "minecraft:variant": {
          "value": 31
        }
      },
      "minecraft:s32": {
        "minecraft:variant": {
          "value": 32
        }
      },
      "minecraft:s33": {
        "minecraft:variant": {
          "value": 33
        }
      },
      "minecraft:s34": {
        "minecraft:variant": {
          "value": 34
        }
      },
      "minecraft:s35": {
        "minecraft:variant": {
          "value": 35
        }
      },
      "minecraft:s36": {
        "minecraft:variant": {
          "value": 36
        }
      },
      "minecraft:s37": {
        "minecraft:variant": {
          "value": 37
        }
      },
      "minecraft:s38": {
        "minecraft:variant": {
          "value": 38
        }
      },
      "minecraft:s39": {
        "minecraft:variant": {
          "value": 39
        }
      },
      "minecraft:s40": {
        "minecraft:variant": {
          "value": 40
        }
      },
      "minecraft:s41": {
        "minecraft:variant": {
          "value": 41
        }
      },
      "minecraft:s42": {
        "minecraft:variant": {
          "value": 42
        }
      },
      "minecraft:s43": {
        "minecraft:variant": {
          "value": 43
        }
      },
      "minecraft:s44": {
        "minecraft:variant": {
          "value": 44
        }
      },
      "minecraft:s45": {
        "minecraft:variant": {
          "value": 45
        }
      },
      "minecraft:s46": {
        "minecraft:variant": {
          "value": 46
        }
      },
      "minecraft:s47": {
        "minecraft:variant": {
          "value": 47
        }
      },
      "minecraft:s48": {
        "minecraft:variant": {
          "value": 48
        }
      },
      "minecraft:s49": {
        "minecraft:variant": {
          "value": 49
        }
      }
    },

    "components": {
      "minecraft:type_family": {
        "family": [ "furnicraft", "player" ]
      },
      "minecraft:sittable": {
      },
      "minecraft:health": {
        "value": 20000,
        "max": 20000
      },
      "minecraft:navigation.walk": {
        "can_path_over_water": true,
        "can_pass_doors": true,
        "can_open_doors": true,
        "avoid_water": true
      },
      "minecraft:movement.basic": {
      },
      "minecraft:jump.static": {
      },
      "minecraft:can_climb": {
      },
      "minecraft:behavior.float": {
        "priority": 0
      },
      "minecraft:behavior.move_indoors": {
        "priority": 4,
        "speed_multiplier": 0.8
      },
      "minecraft:behavior.restrict_open_door": {
        "priority": 5
      },
      "minecraft:behavior.open_door": {
        "priority": 6,
        "close_door_after": true
      },
      "minecraft:behavior.move_towards_restriction": {
        "priority": 7,
        "speed_multiplier": 0.6
      },
      "minecraft:movement": {
        "value": 0.0,
        "max": 0.0
      },
      "minecraft:behavior.trade_with_player": {
        "priority": 1
      },
      "minecraft:behavior.look_at_trading_player": {
        "priority": 2
      },
      "minecraft:knockback_resistance": {
        "value": 100,
        "max": 100
      },
      "minecraft:push_through": {
      "value": 1
      },
      "minecraft:nameable": {
      },
      "minecraft:fall_damage": {
      "value": 0.0
      },
      "minecraft:scale": {
        "value": 1.0
      },
      "minecraft:loot": {
        "table": "loot_tables/empty.json"
      },
      "minecraft:collision_box": {
        "width": 0.6,
        "height": 1.8
      },
      "minecraft:interact": {
        "interactions": {
          // Curing the villager
          "on_interact": {
            "filters": {
              "all_of": [
                { "test": "has_equipment", "domain": "hand", "subject": "other", "value": "minecraft:bedrock" }
              ]
            },
            "event": "minecraft:entity_spawnede",
            "target": "self"
          },
          "use_item": false,
          "interact_text": "action.interact.skin"
        }
      },
      "minecraft:physics": {
      }
    },
    "events": {
      "minecraft:entity_spawned": {
        "randomize": [
          {
            "weight": 6,
            "add": {
              "component_groups": [
                "minecraft:s0"
              ]
            }
          }
        ]
      },
      "minecraft:entity_spawnede": {
        "randomize": [
          {
            "weight": 6,
            "add": {
              "component_groups": [
                "minecraft:s1"
              ]
            }
          },
          {
            "weight": 6,
            "add": {
              "component_groups": [
                "minecraft:s2"
              ]
            }
          },
          {
            "weight": 6,
            "add": {
              "component_groups": [
                "minecraft:s3"
              ]
            }
          },
          {
            "weight": 6,
            "add": {
              "component_groups": [
                "minecraft:s4"
              ]
            }
          },
          {
            "weight": 6,
            "add": {
              "component_groups": [
                "minecraft:s5"
              ]
            }
          },
          {
            "weight": 6,
            "add": {
              "component_groups": [
                "minecraft:s6"
              ]
            }
          },
          {
            "weight": 6,
            "add": {
              "component_groups": [
                "minecraft:s7"
              ]
            }
          },
          {
            "weight": 6,
            "add": {
              "component_groups": [
                "minecraft:s8"
              ]
            }
          },
          {
            "weight": 6,
            "add": {
              "component_groups": [
                "minecraft:s9"
              ]
            }
          },
          {
            "weight": 6,
            "add": {
              "component_groups": [
                "minecraft:s10"
              ]
            }
          },
          {
            "weight": 6,
            "add": {
              "component_groups": [
                "minecraft:s11"
              ]
            }
          },
          {
            "weight": 6,
            "add": {
              "component_groups": [
                "minecraft:s12"
              ]
            }
          },
          {
            "weight": 6,
            "add": {
              "component_groups": [
                "minecraft:s13"
              ]
            }
          },
          {
            "weight": 6,
            "add": {
              "component_groups": [
                "minecraft:s14"
              ]
            }
          },
          {
            "weight": 6,
            "add": {
              "component_groups": [
                "minecraft:s15"
              ]
            }
          },
          {
            "weight": 6,
            "add": {
              "component_groups": [
                "minecraft:s16"
              ]
            }
          },
          {
            "weight": 6,
            "add": {
              "component_groups": [
                "minecraft:s17"
              ]
            }
          },
          {
            "weight": 6,
            "add": {
              "component_groups": [
                "minecraft:s18"
              ]
            }
          },
          {
            "weight": 6,
            "add": {
              "component_groups": [
                "minecraft:s19"
              ]
            }
          },
          {
            "weight": 6,
            "add": {
              "component_groups": [
                "minecraft:s20"
              ]
            }
          },
          {
            "weight": 6,
            "add": {
              "component_groups": [
                "minecraft:s21"
              ]
            }
          },
          {
            "weight": 6,
            "add": {
              "component_groups": [
                "minecraft:s22"
              ]
            }
          },
          {
            "weight": 6,
            "add": {
              "component_groups": [
                "minecraft:s23"
              ]
            }
          },
          {
            "weight": 6,
            "add": {
              "component_groups": [
                "minecraft:s24"
              ]
            }
          },
          {
            "weight": 6,
            "add": {
              "component_groups": [
                "minecraft:s25"
              ]
            }
          },
          {
            "weight": 6,
            "add": {
              "component_groups": [
                "minecraft:s26"
              ]
            }
          },
          {
            "weight": 6,
            "add": {
              "component_groups": [
                "minecraft:s27"
              ]
            }
          },
          {
            "weight": 6,
            "add": {
              "component_groups": [
                "minecraft:s28"
              ]
            }
          },
          {
            "weight": 6,
            "add": {
              "component_groups": [
                "minecraft:s29"
              ]
            }
          },
          {
            "weight": 6,
            "add": {
              "component_groups": [
                "minecraft:s30"
              ]
            }
          },
          {
            "weight": 6,
            "add": {
              "component_groups": [
                "minecraft:s31"
              ]
            }
          },
          {
            "weight": 6,
            "add": {
              "component_groups": [
                "minecraft:s32"
              ]
            }
          },
          {
            "weight": 6,
            "add": {
              "component_groups": [
                "minecraft:s33"
              ]
            }
          },
          {
            "weight": 6,
            "add": {
              "component_groups": [
                "minecraft:s34"
              ]
            }
          },
          {
            "weight": 6,
            "add": {
              "component_groups": [
                "minecraft:s35"
              ]
            }
          },
          {
            "weight": 6,
            "add": {
              "component_groups": [
                "minecraft:s36"
              ]
            }
          },
          {
            "weight": 6,
            "add": {
              "component_groups": [
                "minecraft:s37"
              ]
            }
          },
          {
            "weight": 6,
            "add": {
              "component_groups": [
                "minecraft:s38"
              ]
            }
          },
          {
            "weight": 6,
            "add": {
              "component_groups": [
                "minecraft:s39"
              ]
            }
          },
          {
            "weight": 6,
            "add": {
              "component_groups": [
                "minecraft:s40"
              ]
            }
          },
          {
            "weight": 6,
            "add": {
              "component_groups": [
                "minecraft:s41"
              ]
            }
          },
          {
            "weight": 6,
            "add": {
              "component_groups": [
                "minecraft:s42"
              ]
            }
          },
          {
            "weight": 6,
            "add": {
              "component_groups": [
                "minecraft:s43"
              ]
            }
          },
          {
            "weight": 6,
            "add": {
              "component_groups": [
                "minecraft:s44"
              ]
            }
          },
          {
            "weight": 6,
            "add": {
              "component_groups": [
                "minecraft:s45"
              ]
            }
          },
          {
            "weight": 6,
            "add": {
              "component_groups": [
                "minecraft:s46"
              ]
            }
          },
          {
            "weight": 6,
            "add": {
              "component_groups": [
                "minecraft:s47"
              ]
            }
          },
          {
            "weight": 6,
            "add": {
              "component_groups": [
                "minecraft:s48"
              ]
            }
          },
          {
            "weight": 6,
            "add": {
              "component_groups": [
                "minecraft:s49"
              ]
            }
          }
        ]
      },
      "minecraft:0": {
        "add": {
          "component_groups": [
            "minecraft:s0"
          ]
        }
      }
    }
  }
}