{
  "format_version": "1.8.0",
  "minecraft:client_entity": {
    "description": {
      "identifier": "rg69:npc_movement",
      "materials": { "default": "televisor" },
      "textures": {
        "s0": "textures/entity/humanos/special/0",
        "s1": "textures/entity/humanos/special/1",
        "s2": "textures/entity/humanos/special/2",
        "s3": "textures/entity/humanos/special/3",
        "s4": "textures/entity/humanos/special/4",
        "s5": "textures/entity/humanos/special/5",
        "s6": "textures/entity/humanos/special/6",
        "s7": "textures/entity/humanos/special/7",
        "s8": "textures/entity/humanos/special/8",
        "s9": "textures/entity/humanos/special/9",
        "s10": "textures/entity/humanos/special/10",
        "s11": "textures/entity/humanos/special/11",
        "s12": "textures/entity/humanos/special/12",
        "s13": "textures/entity/humanos/special/13",
        "s14": "textures/entity/humanos/special/14",
        "s15": "textures/entity/humanos/special/15",
        "s16": "textures/entity/humanos/special/16",
        "s17": "textures/entity/humanos/special/17",
        "s18": "textures/entity/humanos/special/18",
        "s19": "textures/entity/humanos/special/19",
        "s20": "textures/entity/humanos/special/20",
        "s21": "textures/entity/humanos/special/21",
        "s22": "textures/entity/humanos/special/22",
        "s23": "textures/entity/humanos/special/23",
        "s24": "textures/entity/humanos/special/24",
        "s25": "textures/entity/humanos/special/25",
        "s26": "textures/entity/humanos/special/26",
        "s27": "textures/entity/humanos/special/27",
        "s28": "textures/entity/humanos/special/28",
        "s29": "textures/entity/humanos/special/29",
        "s30": "textures/entity/humanos/special/30",
        "s31": "textures/entity/humanos/special/31",
        "s32": "textures/entity/humanos/special/32",
        "s33": "textures/entity/humanos/special/33",
        "s34": "textures/entity/humanos/special/34",
        "s35": "textures/entity/humanos/special/35",
        "s36": "textures/entity/humanos/special/36",
        "s37": "textures/entity/humanos/special/37",
        "s38": "textures/entity/humanos/special/38",
        "s39": "textures/entity/humanos/special/39",
        "s40": "textures/entity/humanos/special/40",
        "s41": "textures/entity/humanos/special/41",
        "s42": "textures/entity/humanos/special/42",
        "s43": "textures/entity/humanos/special/43",
        "s44": "textures/entity/humanos/special/44",
        "s45": "textures/entity/humanos/special/45",
        "s46": "textures/entity/humanos/special/46",
        "s47": "textures/entity/humanos/special/47",
        "s48": "textures/entity/humanos/special/48",
        "s49": "textures/entity/humanos/special/49"
      },
      "geometry": {
        "default": "geometry.humano"
      },
      "animations": {
        "walk": "animation.quadruped.walk",
        "look_at_target": "animation.common.look_at_target",
        "sitting": "animation.panda.sitting"
      },
      "animation_controllers": [
        { "move": "controller.animation.panda.move" }
      ],
      "render_controllers": [ "controller.render.humanos" ],
      "spawn_egg": {
        "texture": "humanos",
        "texture_index": 0
      }
    }
  }
}