{
	"format_version": "1.8.0",
	"minecraft:client_entity": {
		"description": {
			"identifier": "wa:demon_black1",
			"materials": {
				"default": "enderman"
			},
			"textures": {
				"default": "textures/entity/18demon/black"
			},
			"geometry": {
				"default": "geometry.18demon_close"
			},
			"render_controllers": [
				"controller.render.wai"
			],
			"animations": {
				"drive": "animation.wai.drive",
				"turning": "animation.wai.turning",
				"close": "animation.wai.close"
			},
			"spawn_egg": {
				"texture": "dodge",
				"texture_index": 0
			},
			"animation_controllers": [
				{
					"general": "controller.animation.wai.general1"
				}
			]
		}
	}
}