{
	"format_version": "1.8.0",
	"minecraft:client_entity": {
		"description": {
			"identifier": "jdml:rx7fcmod",
			"materials": {
				"default": "enderman"
			},
			"textures": {
				"default": "textures/entity/jdml/rx7fc/mlivery"
			},
			"geometry": {
				"default": "geometry.jdmrx7fcmod"
			},
			"render_controllers": [
				"controller.render.jdm6"
			],
			"animations": {
				"drive": "animation.jdml.drive",
				"turning": "animation.jdml.turning",
				"headlights": "animation.jdml.headlights"
			},
			"spawn_egg": {
				"texture": "mazda",
				"texture_index": 0
			},
			"animation_controllers": [
				{
					"general": "controller.animation.jdm2.general"
				}
			]
		}
	}
}