{ 
   "format_version": "1.8.0",
   "minecraft:client_entity": { 
      "description": { 
         "identifier": "npc:derp",
         "spawn_egg": {
            "base_color": "#FFFFFF",
            "overlay_color": "#FF00D0"
         }, 
         "materials": { 
            "default": "entity_alphatest" 
            },
         "textures": { 
            "default": "textures/DerpCyanStoner"
            }, 
         "geometry": { 
            "default": "geometry.steve" 
            },
         "render_controllers": [ 
              "controller.render.wave"
              ], 
              "animations" : {"aaron" :"animation.wave.aaron"},
         "animation_controllers" : [
         
         {
         "aaronn" : "controller.animation.aaron"
        } 
         
        ] 
         }
      }
}