{ 
   "format_version": "1.8.0",
   "minecraft:client_entity": { 
      "description": { 
         "identifier": "npc:extra1",
         "spawn_egg": {
            "base_color": "#FFFFFF",
            "overlay_color": "#FF00D0"
         },
         "materials": { 
            "default": "entity_alphatest" 
            },
         "textures": { 
            "default": "textures/extra1"
            }, 
         "geometry": { 
            "default": "geometry.steve" 
            },
         "render_controllers": [ 
              "controller.render.wave"
              ]
         }
      }
}