{ 
   "format_version": "1.8.0",
   "minecraft:client_entity": { 
      "description": { 
         "identifier": "npc:tyler",
         "spawn_egg": {
            "base_color": "#FFFFFF",
            "overlay_color": "#FF00D0"
         },
         "materials": { 
            "default": "entity_alphatest" 
            },
         "textures": { 
            "default": "textures/Tyler"
            }, 
         "geometry": { 
            "default": "geometry.steve" 
            },
         "render_controllers": [ 
              "controller.render.wave"
              ],
         "animations" : {
              "tyler" : "animation.wave.tyler"
              },
         "animation_controllers" : [
              {
              "tylerHand" : "controller.animation.tyler"
              } 
         ] 
       
       
       
       
         }
      }
}