{
	"format_version": "1.10.0",
	"minecraft:entity": {
		"description": {
			"identifier": "pkancil:l200_red1",
			"is_spawnable": false,
			"is_summonable": false,
			"is_experimental": false
		},
		"component_groups": {
			"door_open": {
        		"minecraft:transformation": {
          		"into": "pkancil:l200_red2",
          		"delay": 0.1
       			 }
    		},
    		"white": {
        		"minecraft:transformation": {
          		"into": "pkancil:l200_white1",
          		"delay": 0.1
       			 }
    		},
    		"silver": {
        		"minecraft:transformation": {
          		"into": "pkancil:l200_silver1",
          		"delay": 0.1
       			 }
    		}
		},
		"components": {
			"minecraft:type_family": {
				"family": [
					"cars",
					"sk_cars"
				]
			},
			"minecraft:knockback_resistance": {
				"value": 1,
				"max": 1
			},
			"minecraft:scale": {
				"value": 1
			},
			"minecraft:collision_box": {
				"width": 2,
				"height": 1.5
			},
			"minecraft:health": {
				"value": 60
			},
			"minecraft:movement.basic": {},
			"minecraft:jump.static": {},
			"minecraft:input_ground_controlled": {},
			"minecraft:physics": {},
			"minecraft:pushable": {
				"is_pushable": false,
				"is_pushable_by_piston": true
			},
			"minecraft:interact": [
				{
					"on_interact": {
						"filters": {
							"all_of": [
								{
									"test": "has_equipment",
									"subject": "other",
									"domain": "hand",
									"value": "wm:white"
								}
							]
						},
						"event": "turn_white"
					},
					"use_item": true,
					"interact_text": "Paint white"
				},
				{
					"on_interact": {
						"filters": {
							"all_of": [
								{
									"test": "has_equipment",
									"subject": "other",
									"domain": "hand",
									"value": "wm:silver"
								}
							]
						},
						"event": "turn_silver"
					},
					"use_item": true,
					"interact_text": "Paint silver"
				},
				{
					"on_interact": {
						"event": "door_open"
					},
					"use_item": false,
					"interact_text": "Open Door"
				}
			]
		},
		"events": {
			"door_open": {
        		"add": {
          			"component_groups": [
            			"door_open"
          			]
        		}
      		},
			"turn_white": {
				"add": {
					"component_groups": [
						"white"
					]
				}
			},
			"turn_silver": {
				"add": {
					"component_groups": [
						"silver"
					]
				}
			}
		}
	}
}