{
	"format_version": "1.8.0",
	"minecraft:client_entity": {
		"description": {
			"identifier": "mazda929hc:white2",
			"materials": {
				"default": "enderman"
			},
			"textures": {
				"default": "textures/entity/mazda_929hc/white"
			},
			"geometry": {
				"default": "geometry.mazda929hc_m2"
			},
			"render_controllers": [
				"controller.render.mazda_929hc"
			],
			"animations": {
				"drive": "animation.mazda_929hc.drive",
				"turning": "animation.mazda_929hc.turning",
				"door": "animation.mazda_929hc.door",
				"open": "animation.mazda_929hc.open",
				"meter_player": "animation.mazda_929hc.meter_player",
				"meter_player2": "animation.mazda_929hc.meter_player2",
				"wipers": "animation.mazda_929hc.wipers"
			},
			"spawn_egg": {
				"texture": "mazda_929hc",
				"texture_index": 0
			},
			"animation_controllers": [
				{
					"general": "controller.animation.mazda_929hc.general2"
				}
			]
		}
	}
}