{
	"format_version": "1.8.0",
	"minecraft:client_entity": {
		"description": {
			"identifier": "67vette:white",
			"materials": {
				"default": "enderman"
			},
			"textures": {
				"default": "textures/entity/c2/vette_white"
			},
			"geometry": {
				"default": "geometry.67vette"
			},
			"render_controllers": [
				"controller.render.c2"
			],
			"animations": {
				"drive": "animation.c2.drive",
			    "turning": "animation.c2.turning",
				"door": "animation.c2.door",
				"door2": "animation.c2.door2",
				"softtop": "animation.c2.softtop"
			},
			"spawn_egg": {
				"texture": "c2",
				"texture_index": 0
			},
			"animation_controllers": [ 
				{ "general": "controller.animation.c2.general" }
				]
			}
		}
	}
}