{
	"format_version": "1.12.0",
	"minecraft:geometry": [
		{
			"description": {
				"identifier": "geometry.bmwm1_open",
				"texture_width": 256,
				"texture_height": 256,
				"visible_bounds_width": 8,
				"visible_bounds_height": 3.5,
				"visible_bounds_offset": [0, 1.25, 0]
			},
			"bones": [
				{
					"name": "front",
					"pivot": [0, 0, 0],
					"cubes": [
						{"origin": [17, 3.5, -33], "size": [1, 1, 1], "uv": [204, 190]},
						{"origin": [-18, 3.5, -33], "size": [1, 1, 1], "uv": [12, 204]},
						{"origin": [-17, 3.5, -33], "size": [34, 1, 1], "uv": [27, 170]},
						{"origin": [17, 5.5, -39], "size": [1, 9, 3], "uv": [159, 203]},
						{"origin": [17, 14.5, -37], "size": [1, 1, 1], "uv": [202, 122]},
						{"origin": [-18, 14.5, -37], "size": [1, 1, 1], "uv": [202, 32]},
						{"origin": [-18, 5.5, -39], "size": [1, 9, 3], "uv": [114, 0]},
						{"origin": [17, 7.4, -43], "size": [1, 6, 2], "uv": [198, 122]},
						{"origin": [-18, 7.4, -43], "size": [1, 6, 2], "uv": [118, 193]},
						{"origin": [17, 8.4, -44.8], "size": [1, 4, 2], "uv": [61, 176]},
						{"origin": [-18, 8.4, -44.8], "size": [1, 4, 2], "uv": [52, 176]},
						{"origin": [17, 12.4, -43.8], "size": [1, 1, 1], "uv": [186, 202]},
						{"origin": [-18, 12.4, -43.8], "size": [1, 1, 1], "uv": [201, 59]},
						{"origin": [17, 7.4, -43.8], "size": [1, 1, 1], "uv": [34, 201]},
						{"origin": [-18, 7.4, -43.8], "size": [1, 1, 1], "uv": [200, 114]},
						{"origin": [17, 7.4, -44.2], "size": [1, 1, 1], "uv": [186, 200]},
						{"origin": [-18, 7.4, -44.2], "size": [1, 1, 1], "uv": [198, 133]},
						{"origin": [17, 6.4, -42], "size": [1, 1, 1], "uv": [198, 131]},
						{"origin": [-18, 6.4, -42], "size": [1, 1, 1], "uv": [197, 59]},
						{"origin": [17, 6.4, -41], "size": [1, 8, 2], "uv": [81, 131]},
						{"origin": [-18, 6.4, -41], "size": [1, 8, 2], "uv": [54, 131]},
						{"origin": [17, 4.5, -36], "size": [1, 11, 4], "uv": [160, 184]},
						{"origin": [-18, 4.5, -36], "size": [1, 11, 4], "uv": [102, 176]},
						{"origin": [16, 3.5, -42], "size": [1, 1, 9], "uv": [152, 61]},
						{"origin": [16, 4.5, -41], "size": [1, 1, 5], "uv": [205, 132]},
						{"origin": [-17, 4.5, -41], "size": [1, 1, 5], "uv": [194, 205]},
						{"origin": [16, 5.5, -40], "size": [1, 1, 1], "uv": [196, 114]},
						{"origin": [-17, 3.5, -42], "size": [1, 1, 9], "uv": [0, 148]},
						{"origin": [16, 3.5, -42.79], "size": [1, 1, 1], "uv": [196, 29]},
						{"origin": [-17, 3.5, -42.79], "size": [1, 1, 1], "uv": [154, 196]},
						{"origin": [-16, 3.5, -42.79], "size": [32, 1, 1], "uv": [174, 120]},
						{"origin": [-16, 3.5, -41.79], "size": [32, 1, 9], "uv": [80, 49]},
						{"origin": [16, 3.5, -43], "size": [1, 1, 3], "pivot": [17, 4.5, -41], "rotation": [-142.5, 0, 0], "uv": [220, 213]},
						{"origin": [-16, 3.5, -43], "size": [32, 1, 3], "pivot": [16, 4.5, -41], "rotation": [-142.5, 0, 0], "uv": [164, 34]},
						{"origin": [-17, 3.5, -43], "size": [1, 1, 3], "pivot": [-16, 4.5, -41], "rotation": [-142.5, 0, 0], "uv": [220, 202]},
						{"origin": [-17, 3.5, -40.5], "size": [34, 1, 1], "pivot": [17, 4.5, -41], "rotation": [-142.5, 0, 0], "uv": [97, 168]},
						{"origin": [17, 3.5, -45], "size": [1, 1, 12], "pivot": [18, 3.5, -33], "rotation": [-17.5, 0, 0], "uv": [100, 0]},
						{"origin": [-17, 3.5, -45], "size": [34, 1, 12], "pivot": [17, 3.5, -33], "rotation": [-17.5, 0, 0], "uv": [0, 48]},
						{"origin": [-18, 3.5, -45], "size": [1, 1, 12], "pivot": [-17, 3.5, -33], "rotation": [-17.5, 0, 0], "uv": [92, 93]},
						{"origin": [17, 7.235, -44.275], "size": [1, 1, 1], "pivot": [18, 8.5, -44], "rotation": [-47.5, 0, 0], "uv": [194, 139]},
						{"origin": [-18, 7.235, -44.275], "size": [1, 1, 1], "pivot": [-17, 8.5, -44], "rotation": [-47.5, 0, 0], "uv": [193, 59]},
						{"origin": [-17, 7.235, -44.275], "size": [34, 1, 1], "pivot": [17, 8.5, -44], "rotation": [-47.5, 0, 0], "uv": [27, 168]},
						{"origin": [17, 7.287, -47.55], "size": [1, 1, 4], "pivot": [18, 8.5, -44], "rotation": [-80, 0, 0], "uv": [175, 176]},
						{"origin": [-17, 11.67, -45.46], "size": [34, 1, 1], "pivot": [17, 11.5, -45], "rotation": [-90, 0, 0], "uv": [164, 57]},
						{"origin": [-18, 11.67, -45.46], "size": [1, 1, 1], "pivot": [-17, 11.5, -45], "rotation": [-90, 0, 0], "uv": [122, 193]},
						{"origin": [-18, 7.287, -47.55], "size": [1, 1, 4], "pivot": [-17, 8.5, -44], "rotation": [-80, 0, 0], "uv": [175, 80]},
						{"origin": [-3, 7, -47.55], "size": [1, 1, 4], "pivot": [-2, 8.5, -44], "rotation": [-80, 0, 0], "uv": [175, 75]},
						{"origin": [-2, 7.3, -46.55], "size": [4, 1, 3], "pivot": [-1, 8.5, -44], "rotation": [-80, 0, 0], "uv": [188, 184]},
						{"origin": [-3, 7, -48.2], "size": [6, 1, 1], "pivot": [-1, 8.5, -44], "rotation": [-80, 0, 0], "uv": [120, 116]},
						{"origin": [-3, 7, -47.7], "size": [6, 1, 1], "pivot": [-1, 8.5, -44], "rotation": [-80, 0, 0], "uv": [120, 109]},
						{"origin": [-3, 7, -43.7], "size": [6, 1, 1], "pivot": [-1, 8.5, -44], "rotation": [-80, 0, 0], "uv": [102, 116]},
						{"origin": [-3, 7, -44.2], "size": [6, 1, 1], "pivot": [-1, 8.5, -44], "rotation": [-80, 0, 0], "uv": [88, 116]},
						{"origin": [2, 7, -47.55], "size": [1, 1, 4], "pivot": [3, 8.5, -44], "rotation": [-80, 0, 0], "uv": [175, 66]},
						{"origin": [-0.5, 7, -46.55], "size": [1, 1, 2], "pivot": [1, 8.5, -44], "rotation": [-80, 0, 0], "uv": [224, 62]},
						{"origin": [-0.5, 7, -47.5], "size": [1, 1, 1], "pivot": [1, 8.5, -44], "rotation": [-80, 0, 0], "uv": [192, 29]},
						{"origin": [-0.5, 7, -44.6], "size": [1, 1, 1], "pivot": [1, 8.5, -44], "rotation": [-80, 0, 0], "uv": [190, 139]},
						{"origin": [-16, 7.8, -46.55], "size": [3, 1, 3], "pivot": [-15, 8.5, -44], "rotation": [-80, 0, 0], "uv": [13, 118]},
						{"origin": [-13, 7.8, -46.55], "size": [10, 1, 3], "pivot": [-12, 8.5, -44], "rotation": [-80, 0, 0], "uv": [92, 106]},
						{"origin": [3, 7.8, -46.55], "size": [10, 1, 3], "pivot": [4, 8.5, -44], "rotation": [-80, 0, 0], "uv": [34, 104]},
						{"origin": [13, 7.8, -46.55], "size": [3, 1, 3], "pivot": [14, 8.5, -44], "rotation": [-80, 0, 0], "uv": [113, 19]},
						{"origin": [-17, 7.8, -46.55], "size": [1, 1, 3], "pivot": [-16, 8.5, -44], "rotation": [-80, 0, 0], "uv": [220, 111]},
						{"origin": [16, 7.8, -46.55], "size": [1, 1, 3], "pivot": [17, 8.5, -44], "rotation": [-80, 0, 0], "uv": [212, 220]},
						{"origin": [8, 7.287, -47.55], "size": [9, 1, 1], "pivot": [17, 8.5, -44], "rotation": [-80, 0, 0], "uv": [68, 116]},
						{"origin": [-17, 7.287, -47.55], "size": [9, 1, 1], "pivot": [-8, 8.5, -44], "rotation": [-80, 0, 0], "uv": [37, 116]},
						{"origin": [-8, 7.287, -47.55], "size": [16, 1, 1], "pivot": [1, 8.5, -44], "rotation": [-80, 0, 0], "uv": [94, 88]},
						{"origin": [17, 11.5, -45], "size": [1, 1, 1], "uv": [189, 59]},
						{"origin": [17.1, 11.5, -45], "size": [1, 1, 15], "uv": [113, 129]},
						{"origin": [-18.1, 11.5, -45], "size": [1, 1, 15], "uv": [34, 88]},
						{"origin": [17.1, 11.5, -18], "size": [1, 1, 5], "uv": [128, 205]},
						{"origin": [-18.1, 11.5, -18], "size": [1, 1, 5], "uv": [31, 205]},
						{"origin": [17.1, 11.5, 12], "size": [1, 1, 6], "uv": [132, 97]},
						{"origin": [-18.1, 11.5, 12], "size": [1, 1, 6], "uv": [37, 130]},
						{"origin": [-18, 11.5, 38.1], "size": [36, 1, 1], "uv": [54, 129]},
						{"origin": [17.1, 11.5, 38.1], "size": [1, 1, 1], "uv": [188, 175]},
						{"origin": [-18.1, 11.5, 38.1], "size": [1, 1, 1], "uv": [188, 173]},
						{"origin": [17.1, 11.5, 30], "size": [1, 1, 9], "uv": [147, 127]},
						{"origin": [-18.1, 11.5, 30], "size": [1, 1, 9], "uv": [108, 131]},
						{"origin": [-17, 11.5, -45], "size": [34, 1, 1], "uv": [164, 55]},
						{"origin": [-3, 11.5, -45.1], "size": [1, 1, 1], "uv": [188, 29]},
						{"origin": [-2, 11.5, -45.1], "size": [4, 1, 1], "uv": [56, 115]},
						{"origin": [2, 11.5, -45.1], "size": [1, 1, 1], "uv": [46, 188]},
						{"origin": [-18, 11.5, -45], "size": [1, 1, 1], "uv": [42, 188]},
						{"origin": [17, 12.5, -45], "size": [1, 2, 1], "pivot": [18, 12.5, -45], "rotation": [-50, 0, 0], "uv": [133, 85]},
						{"origin": [-18, 12.5, -45], "size": [1, 2, 1], "pivot": [-17, 12.5, -45], "rotation": [-50, 0, 0], "uv": [93, 131]},
						{"origin": [8, 12.5, -45], "size": [9, 2, 1], "pivot": [-16, 12.5, -45], "rotation": [-50, 0, 0], "uv": [34, 108]},
						{"origin": [-17, 12.5, -45], "size": [9, 2, 1], "pivot": [-41, 12.5, -45], "rotation": [-50, 0, 0], "uv": [0, 107]},
						{"origin": [-8, 12.5, -45], "size": [16, 2, 1], "pivot": [-32, 12.5, -45], "rotation": [-50, 0, 0], "uv": [94, 85]},
						{"origin": [-2, 12.5, -45.1], "size": [4, 2, 1], "pivot": [-32, 12.5, -45], "rotation": [-50, 0, 0], "uv": [219, 173]},
						{"origin": [17, 14.09117, -44.14], "size": [1, 7, 1], "pivot": [18, 13.5, -44], "rotation": [-75, 0, 0], "uv": [208, 220]},
						{"origin": [-17, 14.09117, -44.14], "size": [9, 7, 1], "pivot": [17, 13.5, -44], "rotation": [-75, 0, 0], "uv": [8, 196]},
						{"origin": [8, 14.09117, -44.14], "size": [9, 7, 1], "pivot": [42, 13.5, -44], "rotation": [-75, 0, 0], "uv": [120, 184]},
						{"origin": [-8, 14.09117, -44.14], "size": [16, 7, 1], "pivot": [33, 13.5, -44], "rotation": [-75, 0, 0], "uv": [68, 193]},
						{"origin": [-2, 14.09117, -44.24], "size": [4, 7, 1], "pivot": [33, 13.5, -44], "rotation": [-75, 0, 0], "uv": [100, 13]},
						{"origin": [-18, 14.09117, -44.14], "size": [1, 7, 1], "pivot": [-17, 13.5, -44], "rotation": [-75, 0, 0], "uv": [204, 220]},
						{"origin": [17, 15.801, -37.07], "size": [1, 15, 1], "pivot": [18, 15.5, -37], "rotation": [-85, 0, 0], "uv": [155, 203]},
						{"origin": [8, 15.801, -37.07], "size": [9, 15, 1], "pivot": [17, 15.5, -37], "rotation": [-85, 0, 0], "uv": [94, 59]},
						{"origin": [-17, 15.801, -37.07], "size": [9, 15, 1], "pivot": [-8, 15.5, -37], "rotation": [-85, 0, 0], "uv": [68, 93]},
						{"origin": [-8, 15.801, -37.07], "size": [16, 15, 1], "pivot": [1, 15.5, -37], "rotation": [-85, 0, 0], "uv": [68, 176]},
						{"origin": [-3, 15.801, -37.17], "size": [6, 15, 1], "pivot": [1, 15.5, -37], "rotation": [-85, 0, 0], "uv": [0, 61]},
						{"origin": [-18, 15.801, -37.07], "size": [1, 15, 1], "pivot": [-17, 15.5, -37], "rotation": [-85, 0, 0], "uv": [167, 156]},
						{"origin": [17, 16.73, -22.402], "size": [1, 7, 1], "pivot": [18, 16.5, -22], "rotation": [-90, 0, 0], "uv": [200, 220]},
						{"origin": [-18, 16.73, -22.402], "size": [1, 7, 1], "pivot": [-17, 16.5, -22], "rotation": [-90, 0, 0], "uv": [30, 196]},
						{"origin": [-17, 16.73, -22.402], "size": [9, 7, 1], "pivot": [-16, 16.5, -22], "rotation": [-90, 0, 0], "uv": [120, 176]},
						{"origin": [8, 16.73, -22.402], "size": [9, 7, 1], "pivot": [9, 16.5, -22], "rotation": [-90, 0, 0], "uv": [150, 78]},
						{"origin": [-8, 16.73, -22.402], "size": [16, 7, 1], "pivot": [0, 16.5, -22], "rotation": [-90, 0, 0], "uv": [0, 188]}
					]
				},
				{
					"name": "frontfenders",
					"parent": "front",
					"pivot": [0, 0, 0],
					"cubes": [
						{"origin": [17, 9.5, -32], "size": [1, 6, 1], "uv": [170, 224]},
						{"origin": [-18, 9.5, -32], "size": [1, 6, 1], "uv": [166, 224]},
						{"origin": [17, 9.5, -17], "size": [1, 6, 1], "uv": [133, 224]},
						{"origin": [-18, 9.5, -17], "size": [1, 6, 1], "uv": [129, 224]},
						{"origin": [17, 11.5, -18], "size": [1, 4, 1], "uv": [66, 131]},
						{"origin": [-18, 11.5, -18], "size": [1, 4, 1], "uv": [130, 129]},
						{"origin": [17, 11.5, -31], "size": [1, 4, 1], "uv": [12, 124]},
						{"origin": [-18, 11.5, -31], "size": [1, 4, 1], "uv": [113, 13]},
						{"origin": [17, 12.5, -30], "size": [1, 3, 1], "uv": [62, 104]},
						{"origin": [-18, 12.5, -30], "size": [1, 3, 1], "uv": [94, 75]},
						{"origin": [-18, 12.5, -19], "size": [1, 3, 1], "uv": [34, 88]},
						{"origin": [17, 12.5, -19], "size": [1, 3, 1], "uv": [86, 33]},
						{"origin": [17, 13.5, -20], "size": [1, 2, 1], "uv": [39, 130]},
						{"origin": [-18, 13.5, -20], "size": [1, 2, 1], "uv": [27, 130]},
						{"origin": [17, 13.5, -29], "size": [1, 2, 1], "uv": [128, 59]},
						{"origin": [-18, 13.5, -29], "size": [1, 2, 1], "uv": [126, 90]},
						{"origin": [17, 14.5, -28], "size": [1, 1, 2], "uv": [224, 30]},
						{"origin": [-18, 14.5, -28], "size": [1, 1, 2], "uv": [224, 1]},
						{"origin": [17, 14.5, -22], "size": [1, 1, 2], "uv": [54, 224]},
						{"origin": [-18, 14.5, -22], "size": [1, 1, 2], "uv": [223, 168]},
						{"origin": [17, 15.5, -26], "size": [1, 1, 10], "uv": [147, 116]},
						{"origin": [-18, 15.5, -26], "size": [1, 1, 10], "uv": [108, 146]}
					]
				},
				{
					"name": "hexadecagon",
					"parent": "frontfenders",
					"pivot": [26, -1, -7],
					"cubes": [
						{"origin": [17, 5.9087, -32], "size": [2, 3.1826, 1], "pivot": [18, 7.5, -24], "rotation": [-45, 0, 0], "uv": [180, 224]},
						{"origin": [17, 5.9087, -17], "size": [2, 3.1826, 1], "pivot": [18, 7.5, -24], "rotation": [45, 0, 0], "uv": [174, 224]},
						{"origin": [17, 14.5, -25.5913], "size": [2, 1, 3.1826], "pivot": [18, 7.5, -24], "rotation": [22.5, 0, 0], "uv": [210, 210]},
						{"origin": [17, 14.5, -25.5913], "size": [2, 1, 3.1826], "uv": [12, 210]},
						{"origin": [17, 14.5, -25.5913], "size": [2, 1, 3.1826], "pivot": [18, 7.5, -24], "rotation": [-22.5, 0, 0], "uv": [209, 29]}
					]
				},
				{
					"name": "yes",
					"parent": "hexadecagon",
					"pivot": [19.5, 11.6, -31],
					"rotation": [0, 0, 7.5],
					"cubes": [
						{"origin": [16.93474, 5.86669, -32.1897], "size": [2, 3.1826, 1], "pivot": [18, 7, -24], "rotation": [-22.5, 0, 0], "uv": [69, 204]},
						{"origin": [16.93474, 3.90442, -32], "size": [2, 5.1826, 1], "uv": [174, 122]}
					]
				},
				{
					"name": "no",
					"parent": "hexadecagon",
					"pivot": [19.5, 11.6, -17],
					"rotation": [0, 0, 7.5],
					"cubes": [
						{"origin": [16.93474, 5.86669, -16.8103], "size": [2, 3.1826, 1], "pivot": [18, 7, -24], "rotation": [22.5, 0, 0], "uv": [151, 184]},
						{"origin": [16.93474, 3.90442, -17], "size": [2, 5.1826, 1], "uv": [140, 97]}
					]
				},
				{
					"name": "hexadecagon5",
					"parent": "frontfenders",
					"pivot": [24, -1, -7],
					"cubes": [
						{"origin": [-17.5, 5.9087, -32], "size": [35, 3.1826, 1], "pivot": [16, 7.5, -24], "rotation": [-45, 0, 0], "uv": [148, 91]},
						{"origin": [-17.5, 5.9087, -17], "size": [35, 3.1826, 1], "pivot": [16, 7.5, -24], "rotation": [45, 0, 0], "uv": [148, 87]},
						{"origin": [-17.5, 14.5, -25.5913], "size": [35, 1, 3.1826], "pivot": [16, 7.5, -24], "rotation": [22.5, 0, 0], "uv": [128, 0]},
						{"origin": [-17.5, 14.5, -25.5913], "size": [35, 1, 3.1826], "uv": [120, 112]},
						{"origin": [-17.5, 14.5, -25.5913], "size": [35, 1, 3.1826], "pivot": [16, 7.5, -24], "rotation": [-22.5, 0, 0], "uv": [100, 27]}
					]
				},
				{
					"name": "yes3",
					"parent": "hexadecagon5",
					"pivot": [17.5, 11.6, -31],
					"cubes": [
						{"origin": [-17.5, 5.9087, -32], "size": [35, 3.1826, 1], "pivot": [16, 7.5, -24], "rotation": [-22.5, 0, 0], "uv": [128, 22]},
						{"origin": [-17.5, 3.9087, -32], "size": [35, 5.1826, 1], "uv": [128, 10]},
						{"origin": [17, 3.5, -32], "size": [1, 1.1826, 1], "uv": [38, 188]},
						{"origin": [17, 3.5, -17], "size": [1, 1.1826, 1], "uv": [34, 188]},
						{"origin": [-18, 3.5, -17], "size": [1, 1.1826, 1], "uv": [186, 139]},
						{"origin": [-18, 3.5, -32], "size": [1, 1.1826, 1], "uv": [144, 186]}
					]
				},
				{
					"name": "no3",
					"parent": "hexadecagon5",
					"pivot": [17.5, 11.6, -17],
					"cubes": [
						{"origin": [-17.5, 5.9087, -17], "size": [35, 3.1826, 1], "pivot": [16, 7.5, -24], "rotation": [22.5, 0, 0], "uv": [128, 18]},
						{"origin": [-17.5, 3.9087, -17], "size": [35, 5.1826, 1], "uv": [128, 4]}
					]
				},
				{
					"name": "hexadecagon4",
					"parent": "frontfenders",
					"pivot": [-11, -1, -7],
					"cubes": [
						{"origin": [-19, 5.9087, -32], "size": [2, 3.1826, 1], "pivot": [-19, 7.5, -24], "rotation": [-45, 0, 0], "uv": [166, 116]},
						{"origin": [-19, 5.9087, -17], "size": [2, 3.1826, 1], "pivot": [-19, 7.5, -24], "rotation": [45, 0, 0], "uv": [140, 85]},
						{"origin": [-19, 14.5, -25.5913], "size": [2, 1, 3.1826], "pivot": [-19, 7.5, -24], "rotation": [22.5, 0, 0], "uv": [209, 15]},
						{"origin": [-19, 14.5, -25.5913], "size": [2, 1, 3.1826], "uv": [209, 11]},
						{"origin": [-19, 14.5, -25.5913], "size": [2, 1, 3.1826], "pivot": [-19, 7.5, -24], "rotation": [-22.5, 0, 0], "uv": [209, 4]}
					]
				},
				{
					"name": "yes2",
					"parent": "hexadecagon4",
					"pivot": [-19.5, 11.6, -31],
					"rotation": [0, 0, -7.5],
					"cubes": [
						{"origin": [-18.93474, 5.86669, -32.1897], "size": [2, 3.1826, 1], "pivot": [-19, 7, -24], "rotation": [-22.5, 0, 0], "uv": [138, 129]},
						{"origin": [-18.93474, 3.90442, -32], "size": [2, 5.1826, 1], "uv": [132, 97]}
					]
				},
				{
					"name": "no2",
					"parent": "hexadecagon4",
					"pivot": [-19.5, 11.6, -17],
					"rotation": [0, 0, -7.5],
					"cubes": [
						{"origin": [-18.93474, 5.86669, -16.8103], "size": [2, 3.1826, 1], "pivot": [-19, 7, -24], "rotation": [22.5, 0, 0], "uv": [100, 131]},
						{"origin": [-18.93474, 3.90442, -17], "size": [2, 5.1826, 1], "uv": [45, 130]}
					]
				},
				{
					"name": "line1",
					"parent": "front",
					"pivot": [2, 12, -45],
					"rotation": [0, 5, 0],
					"cubes": [
						{"origin": [1, 12.32139, -45.48302], "size": [2, 2, 1], "pivot": [2, 12, -45], "rotation": [-50, 0, 0], "uv": [224, 59]},
						{"origin": [1, 13.72058, -44.72296], "size": [2, 7, 1], "pivot": [33, 13, -44], "rotation": [-75, 0, 0], "uv": [180, 181]},
						{"origin": [1, 15.34458, -37.6681], "size": [2, 15, 1], "pivot": [1, 15, -37], "rotation": [-85, 0, 0], "uv": [112, 176]},
						{"origin": [1, 16.23, -23.0022], "size": [2, 7, 1], "pivot": [0, 16, -22], "rotation": [-90, 0, 0], "uv": [12, 158]},
						{"origin": [-6, 16.23, -23.0022], "size": [8, 7, 1], "pivot": [0, 16, -22], "rotation": [-90, -5, 0], "uv": [38, 201]}
					]
				},
				{
					"name": "line2",
					"parent": "front",
					"pivot": [-2, 12, -45],
					"rotation": [0, -5, 0],
					"cubes": [
						{"origin": [-3, 12.32139, -45.48302], "size": [2, 2, 1], "pivot": [-3, 12, -45], "rotation": [-50, 0, 0], "uv": [212, 224]},
						{"origin": [-3, 13.72058, -44.72296], "size": [2, 7, 1], "pivot": [28, 13, -44], "rotation": [-75, 0, 0], "uv": [0, 158]},
						{"origin": [-3, 15.34458, -37.6681], "size": [2, 15, 1], "pivot": [-4, 15, -37], "rotation": [-85, 0, 0], "uv": [138, 61]},
						{"origin": [-3, 16.23, -23.0022], "size": [2, 7, 1], "pivot": [-5, 16, -22], "rotation": [-90, 0, 0], "uv": [153, 49]}
					]
				},
				{
					"name": "popups",
					"parent": "front",
					"pivot": [0, -3, 0]
				},
				{
					"name": "ppl",
					"parent": "popups",
					"pivot": [0, -3, 0],
					"cubes": [
						{"origin": [11, 10.5, -43], "size": [6, 3, 1], "uv": [166, 184]},
						{"origin": [11, 10.5, -42], "size": [6, 2, 1], "uv": [144, 190]},
						{"origin": [11, 10, -41], "size": [6, 2, 1], "uv": [120, 170]},
						{"origin": [11, 12.5, -42], "size": [6, 1, 4], "pivot": [17, 13.5, -42], "rotation": [-27.5, 0, 0], "uv": [68, 109]}
					]
				},
				{
					"name": "ppr",
					"parent": "popups",
					"pivot": [-28, -3, 0],
					"cubes": [
						{"origin": [-17, 10.5, -43], "size": [6, 3, 1], "uv": [159, 71]},
						{"origin": [-17, 10.5, -42], "size": [6, 2, 1], "uv": [81, 153]},
						{"origin": [-17, 10, -41], "size": [6, 2, 1], "uv": [113, 141]},
						{"origin": [-17, 12.5, -42], "size": [6, 1, 4], "pivot": [-11, 13.5, -42], "rotation": [-27.5, 0, 0], "uv": [94, 75]}
					]
				},
				{
					"name": "mid",
					"pivot": [0, 0, 0],
					"cubes": [
						{"origin": [17, 3.5, -16], "size": [1, 13, 3], "uv": [100, 202]},
						{"origin": [-18, 3.5, -16], "size": [1, 13, 3], "uv": [92, 202]},
						{"origin": [16, 3.5, -16], "size": [1, 13, 3], "uv": [84, 201]},
						{"origin": [-17, 3.5, -16], "size": [1, 13, 3], "uv": [76, 201]},
						{"origin": [17, 3.5, 12], "size": [1, 13, 4], "uv": [180, 200]},
						{"origin": [16, 3.5, 12], "size": [1, 13, 4], "uv": [170, 200]},
						{"origin": [-18, 3.5, 12], "size": [1, 13, 4], "uv": [128, 59]},
						{"origin": [-17, 3.5, 12], "size": [1, 13, 4], "uv": [27, 112]},
						{"origin": [17, 3.5, -13], "size": [1, 2, 25], "uv": [137, 34]},
						{"origin": [-18, 3.5, -13], "size": [1, 2, 25], "uv": [81, 133]},
						{"origin": [16, 3.5, -13], "size": [1, 2, 25], "uv": [54, 131]},
						{"origin": [-17, 3.5, -13], "size": [1, 2, 25], "uv": [27, 129]},
						{"origin": [3, 10.5, -14], "size": [13, 3, 5], "uv": [144, 176]},
						{"origin": [3, 10.5, -9], "size": [13, 1, 1], "uv": [94, 90]},
						{"origin": [3, 12.7, -14], "size": [12, 4, 4], "uv": [0, 24]},
						{"origin": [15, 13.5, -13], "size": [1, 3, 4], "uv": [56, 104]},
						{"origin": [-16, 4.5, -15], "size": [32, 6, 1], "uv": [164, 38]},
						{"origin": [-16, 10.5, -14], "size": [13, 6, 5], "uv": [188, 173]},
						{"origin": [-3, 4.5, -14], "size": [6, 12, 5], "uv": [65, 61]},
						{"origin": [-3, 4.5, -9], "size": [6, 4, 22], "uv": [94, 59]},
						{"origin": [17.1, 3.5, -16], "size": [1, 1, 32], "uv": [0, 79]},
						{"origin": [-18.1, 3.5, -16], "size": [1, 1, 32], "uv": [60, 60]},
						{"origin": [-17, 3.5, -16], "size": [34, 1, 32], "uv": [0, 0]},
						{"origin": [-13, 3.5, -31], "size": [26, 1, 14], "uv": [80, 34]},
						{"origin": [12, 4.5, -31], "size": [1, 10, 14], "uv": [0, 79]},
						{"origin": [-13, 4.5, -31], "size": [1, 10, 14], "uv": [0, 0]},
						{"origin": [-12, 3.5, 16], "size": [24, 1, 17], "pivot": [9, 2.5, 16], "rotation": [3.7, 0, 0], "uv": [0, 61]},
						{"origin": [17, 15.902, -15], "size": [1, 1, 2], "uv": [223, 153]},
						{"origin": [-18, 15.902, -15], "size": [1, 1, 2], "uv": [223, 150]},
						{"origin": [17, 15.902, 12], "size": [1, 1, 26], "uv": [120, 85]},
						{"origin": [-18, 15.902, 12], "size": [1, 1, 26], "uv": [100, 0]}
					]
				},
				{
					"name": "cabinex",
					"parent": "mid",
					"pivot": [0, 0, 0],
					"cubes": [
						{"origin": [16, 16.5, -15], "size": [1, 18, 1], "pivot": [17, 16.5, -15], "rotation": [-60, 0, 0], "uv": [120, 203]},
						{"origin": [15, 18.5, -15], "size": [1, 14, 1], "pivot": [16, 16.5, -15], "rotation": [-60, 0, 0], "uv": [8, 204]},
						{"origin": [-16, 16.5, -15], "size": [32, 2, 1], "pivot": [16, 16.5, -15], "rotation": [-60, 0, 0], "uv": [173, 26]},
						{"origin": [-16, 32.5, -15], "size": [32, 1, 1], "pivot": [16, 16.5, -15], "rotation": [-60, 0, 0], "uv": [174, 118]},
						{"origin": [-16, 18.5, -15], "size": [1, 14, 1], "pivot": [-15, 16.5, -15], "rotation": [-60, 0, 0], "uv": [168, 126]},
						{"origin": [-17, 16.5, -15], "size": [1, 18, 1], "pivot": [-16, 16.5, -15], "rotation": [-60, 0, 0], "uv": [116, 203]},
						{"origin": [-16, 33.5, -15], "size": [32, 1, 1], "pivot": [-15, 16.5, -15], "rotation": [-60, 0, 0], "uv": [174, 116]},
						{"origin": [16, 25.09, 0.965], "size": [1, 1, 1], "pivot": [17, 25.5, 1], "rotation": [-85, 0, 0], "uv": [52, 186]},
						{"origin": [-17, 25.09, 0.965], "size": [1, 1, 1], "pivot": [-16, 25.5, 1], "rotation": [-85, 0, 0], "uv": [185, 136]},
						{"origin": [-16, 25.09, 0.965], "size": [32, 1, 1], "pivot": [-15, 25.5, 1], "rotation": [-85, 0, 0], "uv": [172, 145]},
						{"origin": [16, 25.085, 1.914], "size": [1, 8, 1], "pivot": [17, 25.5, 2], "rotation": [-90, 0, 0], "uv": [60, 131]},
						{"origin": [-16, 25.085, 1.914], "size": [32, 8, 1], "pivot": [16, 25.5, 2], "rotation": [-90, 0, 0], "uv": [148, 98]},
						{"origin": [-17, 25.085, 1.914], "size": [1, 8, 1], "pivot": [-16, 25.5, 2], "rotation": [-90, 0, 0], "uv": [122, 0]},
						{"origin": [16, 16.5, 15], "size": [1, 6, 1], "pivot": [17, 17.5, 15], "rotation": [-80, 0, 0], "uv": [125, 224]},
						{"origin": [-17, 16.5, 15], "size": [1, 6, 1], "pivot": [17, 17.5, 15], "rotation": [-80, 0, 0], "uv": [121, 224]},
						{"origin": [16, 17.5, 16], "size": [1, 5, 2], "pivot": [17, 17.5, 15], "rotation": [-80, 0, 0], "uv": [155, 34]},
						{"origin": [-17, 17.5, 16], "size": [1, 5, 2], "pivot": [17, 17.5, 15], "rotation": [-80, 0, 0], "uv": [146, 34]},
						{"origin": [16, 18, 18.11657], "size": [1, 1, 3], "pivot": [17, 18.5, 20], "rotation": [-87.5, 0, 0], "uv": [181, 220]},
						{"origin": [-17, 18, 18.11657], "size": [1, 1, 3], "pivot": [17, 18.5, 20], "rotation": [-87.5, 0, 0], "uv": [173, 220]},
						{"origin": [16, 19, 18.11657], "size": [1, 1, 3], "pivot": [17, 18.5, 20], "rotation": [-87.5, 0, 0], "uv": [165, 220]},
						{"origin": [16, 19, 17.8], "size": [1, 1, 1], "pivot": [17, 18.5, 20], "rotation": [-87.5, 0, 0], "uv": [160, 185]},
						{"origin": [-17, 19, 18.11657], "size": [1, 1, 3], "pivot": [17, 18.5, 20], "rotation": [-87.5, 0, 0], "uv": [219, 134]},
						{"origin": [16, 18.5, 21.11657], "size": [1, 1, 2], "pivot": [17, 18.5, 20], "rotation": [-87.5, 0, 0], "uv": [223, 123]},
						{"origin": [-17, 18.5, 21.11657], "size": [1, 1, 2], "pivot": [17, 18.5, 20], "rotation": [-87.5, 0, 0], "uv": [223, 108]},
						{"origin": [16, 18, 17.99], "size": [1, 1, 1], "pivot": [17, 18.5, 20], "rotation": [-87.5, 0, 0], "uv": [184, 29]},
						{"origin": [-17, 18, 17.99], "size": [1, 1, 1], "pivot": [17, 18.5, 20], "rotation": [-87.5, 0, 0], "uv": [157, 184]},
						{"origin": [16, 25.08, 9.935], "size": [1, 3, 1], "pivot": [17, 25.5, 10], "rotation": [-92.5, 0, 0], "uv": [24, 79]},
						{"origin": [-16, 25.08, 9.935], "size": [32, 3, 1], "pivot": [16, 25.5, 10], "rotation": [-92.5, 0, 0], "uv": [52, 172]},
						{"origin": [-17, 25.08, 9.935], "size": [1, 3, 1], "pivot": [-16, 25.5, 10], "rotation": [-92.5, 0, 0], "uv": [16, 79]},
						{"origin": [16, 25.09, 13.14], "size": [1, 27, 1], "pivot": [17, 25.5, 13], "rotation": [-105, 0, 0], "uv": [4, 196]},
						{"origin": [16, 15.5, 21], "size": [1, 3, 14], "uv": [144, 186]},
						{"origin": [16.1, 17.5, 22], "size": [1, 2, 10], "uv": [0, 124]},
						{"origin": [-17.1, 17.5, 22], "size": [1, 2, 10], "uv": [120, 97]},
						{"origin": [-17, 15.5, 21], "size": [1, 3, 14], "uv": [128, 179]},
						{"origin": [16, 18.5, 21], "size": [1, 2, 6], "uv": [51, 91]},
						{"origin": [-17, 18.5, 21], "size": [1, 2, 6], "uv": [78, 79]},
						{"origin": [16, 32.09, 14.14], "size": [1, 20, 1], "pivot": [17, 25.5, 13], "rotation": [-105, 0, 0], "uv": [56, 201]},
						{"origin": [-17, 32.09, 14.14], "size": [1, 20, 1], "pivot": [17, 25.5, 13], "rotation": [-105, 0, 0], "uv": [190, 200]},
						{"origin": [16, 34.09, 15.14], "size": [1, 18, 1], "pivot": [17, 25.5, 13], "rotation": [-105, 0, 0], "uv": [112, 202]},
						{"origin": [-17, 34.09, 15.14], "size": [1, 18, 1], "pivot": [17, 25.5, 13], "rotation": [-105, 0, 0], "uv": [108, 202]},
						{"origin": [-16, 25.09, 13.14], "size": [32, 2, 1], "pivot": [16, 25.5, 13], "rotation": [-105, 0, 0], "uv": [120, 173]},
						{"origin": [-17, 25.09, 13.14], "size": [1, 27, 1], "pivot": [-16, 25.5, 13], "rotation": [-105, 0, 0], "uv": [0, 196]},
						{"origin": [16, 25.18, 14.14], "size": [1, 4, 1], "pivot": [17, 25.5, 13], "rotation": [-105, 0, 0], "uv": [20, 112]},
						{"origin": [-17, 25.18, 14.14], "size": [1, 4, 1], "pivot": [17, 25.5, 13], "rotation": [-105, 0, 0], "uv": [13, 112]},
						{"origin": [16, 23.72823, 15.9], "size": [1, 5, 1], "pivot": [17, 23.5, 16], "rotation": [-125, 0, 0], "uv": [102, 141]},
						{"origin": [-17, 23.72823, 15.9], "size": [1, 5, 1], "pivot": [17, 23.5, 16], "rotation": [-125, 0, 0], "uv": [75, 141]},
						{"origin": [16, 27.815, 15.9], "size": [1, 1, 1], "pivot": [17, 23.5, 16], "rotation": [-125, 0, 0], "uv": [144, 184]},
						{"origin": [-17, 27.815, 15.9], "size": [1, 1, 1], "pivot": [17, 23.5, 16], "rotation": [-125, 0, 0], "uv": [52, 184]},
						{"origin": [16, 23.72823, 14.9], "size": [1, 6, 1], "pivot": [17, 23.5, 16], "rotation": [-125, 0, 0], "uv": [196, 223]},
						{"origin": [-17, 23.72823, 14.9], "size": [1, 6, 1], "pivot": [17, 23.5, 16], "rotation": [-125, 0, 0], "uv": [162, 223]},
						{"origin": [-16, 17.5, 24], "size": [32, 1, 14], "uv": [0, 33]},
						{"origin": [-16, 19.5, 26], "size": [32, 1, 3], "uv": [97, 164]},
						{"origin": [-16, 18.4, 30], "size": [32, 1, 3], "uv": [27, 164]},
						{"origin": [-17, 4.5, 15], "size": [5, 11, 1], "uv": [106, 93]},
						{"origin": [12, 4.5, 15], "size": [5, 11, 1], "uv": [100, 0]},
						{"origin": [-17, 4.5, 32], "size": [5, 11, 1], "uv": [92, 93]},
						{"origin": [12, 4.5, 32], "size": [5, 11, 1], "uv": [0, 48]},
						{"origin": [-13, 4.5, 16], "size": [1, 11, 16], "uv": [34, 174]},
						{"origin": [-16, 15.5, 24], "size": [4, 2, 1], "uv": [219, 142]},
						{"origin": [-12, 4.5, 24], "size": [24, 13, 1], "uv": [0, 174]},
						{"origin": [12, 15.5, 24], "size": [4, 2, 1], "uv": [138, 219]},
						{"origin": [12, 4.5, 16], "size": [1, 11, 16], "uv": [170, 173]},
						{"origin": [-17, 14.55, 16], "size": [4, 1, 16], "uv": [174, 122]},
						{"origin": [13, 14.55, 16], "size": [4, 1, 16], "uv": [128, 61]},
						{"origin": [-16, 20.7, 22], "size": [32, 1, 3], "uv": [97, 160]},
						{"origin": [-16, 21.8, 18], "size": [32, 1, 3], "uv": [27, 160]},
						{"origin": [16, 23.5, 4], "size": [1, 3, 1], "pivot": [17, 16.5, 5], "rotation": [-90, 0, 0], "uv": [0, 79]},
						{"origin": [-17, 27.5, 11.935], "size": [1, 1, 7], "pivot": [-16, 25.5, 10], "rotation": [-92.5, 0, 0], "uv": [60, 201]},
						{"origin": [16, 27.5, 11.935], "size": [1, 1, 7], "pivot": [-16, 25.5, 10], "rotation": [-92.5, 0, 0], "uv": [52, 176]},
						{"origin": [-17, 23.5, 4], "size": [1, 3, 1], "pivot": [-16, 16.5, 5], "rotation": [-90, 0, 0], "uv": [78, 33]},
						{"origin": [-16.98, 27.5, 10.935], "size": [1, 1, 1], "pivot": [-16, 25.5, 10], "rotation": [-92.5, 0, 0], "uv": [182, 139]},
						{"origin": [15.98, 27.5, 10.935], "size": [1, 1, 1], "pivot": [-16, 25.5, 10], "rotation": [-92.5, 0, 0], "uv": [181, 178]},
						{"origin": [-16, 22.9, 14], "size": [32, 1, 3], "uv": [148, 107]}
					]
				},
				{
					"name": "leftdoor",
					"parent": "mid",
					"pivot": [18, 11, -13],
					"rotation": [0, 45, 0],
					"cubes": [
						{"origin": [17, 5.5, -13], "size": [1, 11, 25], "uv": [120, 120]},
						{"origin": [16, 5.5, -13], "size": [1, 11, 25], "uv": [0, 112]},
						{"origin": [17, 15.902, -13], "size": [1, 1, 25], "uv": [148, 61]},
						{"origin": [16, 18.5, -14], "size": [1, 16, 1], "pivot": [17, 16.5, -15], "rotation": [-60, 0, 0], "uv": [151, 203]},
						{"origin": [15.99, 25.09, 1.965], "size": [1, 1, 1], "pivot": [17, 25.5, 1], "rotation": [-85, 0, 0], "uv": [181, 176]},
						{"origin": [16, 24.085, 1.914], "size": [1, 8, 1], "pivot": [17, 24.5, 2], "rotation": [-90, 0, 0], "uv": [6, 112]},
						{"origin": [16, 3.5, 1], "size": [1, 23, 1], "pivot": [17, 16.5, 2], "rotation": [-90, 0, 0], "uv": [20, 148]},
						{"origin": [16, 26.08, 11.935], "size": [1, 2, 7], "pivot": [17, 25.5, 10], "rotation": [-92.5, 0, 0], "uv": [174, 122]},
						{"origin": [16, 25.08, 10.935], "size": [1, 3, 1], "pivot": [17, 25.5, 10], "rotation": [-92.5, 0, 0], "uv": [0, 33]},
						{"origin": [17.1, 11.5, -13], "size": [1, 1, 25], "uv": [0, 148]}
					]
				},
				{
					"name": "sml",
					"parent": "leftdoor",
					"pivot": [18, 11, -13],
					"cubes": [
						{"origin": [17, 16.5, -13], "size": [1, 1, 1], "uv": [181, 82]},
						{"origin": [18, 16.5, -13], "size": [3, 2, 1], "pivot": [18, 16.5, -13], "rotation": [0, -30, 0], "uv": [106, 224]}
					]
				},
				{
					"name": "rightdoor",
					"parent": "mid",
					"pivot": [-18, 11, -13],
					"rotation": [0, -45, 0],
					"cubes": [
						{"origin": [-17, 5.5, -13], "size": [1, 11, 25], "uv": [93, 93]},
						{"origin": [-18, 5.5, -13], "size": [1, 11, 25], "uv": [41, 93]},
						{"origin": [-18, 15.902, -13], "size": [1, 1, 25], "uv": [147, 116]},
						{"origin": [-17, 18.5, -14], "size": [1, 16, 1], "pivot": [-16, 16.5, -15], "rotation": [-60, 0, 0], "uv": [124, 203]},
						{"origin": [-17.01, 25.09, 1.965], "size": [1, 1, 1], "pivot": [-16, 25.5, 1], "rotation": [-85, 0, 0], "uv": [181, 80]},
						{"origin": [-17, 24.085, 1.914], "size": [1, 8, 1], "pivot": [-16, 24.5, 2], "rotation": [-90, 0, 0], "uv": [90, 33]},
						{"origin": [-17, 3.5, 1], "size": [1, 23, 1], "pivot": [-16, 16.5, 2], "rotation": [-90, 0, 0], "uv": [87, 61]},
						{"origin": [-17, 26.08, 11.935], "size": [1, 2, 7], "pivot": [-16, 25.5, 10], "rotation": [-92.5, 0, 0], "uv": [146, 34]},
						{"origin": [-17, 25.08, 10.935], "size": [1, 3, 1], "pivot": [-16, 25.5, 10], "rotation": [-92.5, 0, 0], "uv": [28, 24]},
						{"origin": [-18.1, 11.5, -13], "size": [1, 1, 25], "uv": [147, 147]}
					]
				},
				{
					"name": "smr",
					"parent": "rightdoor",
					"pivot": [18, 11, -13],
					"cubes": [
						{"origin": [-18, 16.5, -13], "size": [1, 1, 1], "uv": [181, 77]},
						{"origin": [-21, 16.5, -13], "size": [3, 2, 1], "pivot": [-18, 16.5, -13], "rotation": [0, 30, 0], "uv": [90, 224]}
					]
				},
				{
					"name": "cabinin",
					"parent": "mid",
					"pivot": [0, 0, 0],
					"cubes": [
						{"origin": [8.5, 14.5, -10], "size": [1, 1, 2], "uv": [223, 102]},
						{"origin": [7.5, 14.5, -10], "size": [1, 1, 2], "pivot": [8.5, 15.5, -11], "rotation": [0, 0, -45], "uv": [223, 99]},
						{"origin": [7.1, 14.5, -10], "size": [1, 1, 2], "pivot": [8.5, 15.5, -11], "rotation": [0, 0, -45], "uv": [223, 83]},
						{"origin": [9.5, 14.5, -10], "size": [1, 1, 2], "pivot": [9.5, 15.5, -11], "rotation": [0, 0, 45], "uv": [178, 220]},
						{"origin": [9.9, 14.5, -10], "size": [1, 1, 2], "pivot": [9.5, 15.5, -11], "rotation": [0, 0, 45], "uv": [170, 220]},
						{"origin": [7.5, 13.5, -10], "size": [3, 1, 2], "uv": [100, 219]},
						{"origin": [8.5, 13.7, -11], "size": [1, 1, 5], "pivot": [9, 13.5, -11], "rotation": [7.5, 0, 0], "uv": [19, 205]}
					]
				},
				{
					"name": "pedals",
					"parent": "cabinin",
					"pivot": [0, 0, 0]
				},
				{
					"name": "pecutan",
					"parent": "pedals",
					"pivot": [0, 0, 0],
					"cubes": [
						{"origin": [5, 5.5, -14], "size": [2, 1, 3], "pivot": [6, 5.5, -14], "rotation": [-5, 0, 0], "uv": [209, 0]},
						{"origin": [5.5, 5, -12], "size": [1, 1, 1], "uv": [181, 75]},
						{"origin": [5.5, 4, -14], "size": [1, 1, 3], "uv": [219, 88]}
					]
				},
				{
					"name": "brake",
					"parent": "pedals",
					"pivot": [3, 0, 0],
					"cubes": [
						{"origin": [8, 5.5, -14], "size": [2, 1, 3], "pivot": [9, 5.5, -14], "rotation": [-5, 0, 0], "uv": [60, 209]},
						{"origin": [8.5, 5, -12], "size": [1, 1, 1], "uv": [181, 68]},
						{"origin": [8.5, 4, -14], "size": [1, 1, 3], "uv": [219, 219]}
					]
				},
				{
					"name": "clutch",
					"parent": "pedals",
					"pivot": [7, 0, 0],
					"cubes": [
						{"origin": [12, 5.5, -14], "size": [2, 1, 3], "pivot": [13, 5.5, -14], "rotation": [-5, 0, 0], "uv": [40, 209]},
						{"origin": [12.5, 5, -12], "size": [1, 1, 1], "uv": [181, 66]},
						{"origin": [12.5, 4, -14], "size": [1, 1, 3], "uv": [153, 219]}
					]
				},
				{
					"name": "driversseat",
					"parent": "cabinin",
					"pivot": [0, 0, 0],
					"cubes": [
						{"origin": [4, 4.5, -2], "size": [10, 3, 11], "uv": [175, 61]},
						{"origin": [14, 7.5, -2], "size": [1, 1, 11], "uv": [120, 85]},
						{"origin": [13.3, 6, 0], "size": [1, 1, 3], "uv": [145, 219]},
						{"origin": [14, 7.5, 2], "size": [1, 1, 8], "pivot": [15, 8.5, 9], "rotation": [-102.5, 0, 0], "uv": [199, 14]},
						{"origin": [14, 8, 0], "size": [1, 1, 10], "pivot": [15, 8.5, 9], "rotation": [-102.5, 0, 0], "uv": [81, 142]},
						{"origin": [3, 8, 0], "size": [1, 1, 10], "pivot": [4, 8.5, 9], "rotation": [-102.5, 0, 0], "uv": [54, 142]},
						{"origin": [13.3, 5.5, 0], "size": [1, 1, 2], "uv": [186, 219]},
						{"origin": [14, 13.61, 7.28], "size": [1, 1, 2], "pivot": [15, 14.5, 10], "rotation": [-117.5, 0, 0], "uv": [136, 212]},
						{"origin": [3, 13.61, 7.28], "size": [1, 1, 2], "pivot": [4, 14.5, 10], "rotation": [-117.5, 0, 0], "uv": [164, 203]},
						{"origin": [3, 17.47166, 12.0031], "size": [1, 1, 8], "pivot": [4, 17.5, 10], "rotation": [-102.5, 0, 0], "uv": [199, 2]},
						{"origin": [6, 17.47166, 8.0031], "size": [1, 1, 4], "pivot": [7, 17.5, 11], "rotation": [-90, 0, 0], "uv": [175, 61]},
						{"origin": [6, 20.47166, 11.0031], "size": [1, 1, 4], "pivot": [6, 20.5, 11], "rotation": [-90, 0, 12.5], "uv": [174, 166]},
						{"origin": [7, 17.47166, 8.0031], "size": [4, 1, 4], "pivot": [8, 17.5, 11], "rotation": [-90, 0, 0], "uv": [146, 43]},
						{"origin": [11, 20.47166, 11.0031], "size": [1, 1, 4], "pivot": [12, 20.5, 11], "rotation": [-90, 0, 0], "uv": [174, 161]},
						{"origin": [11, 20.47166, 11.0031], "size": [1, 1, 4], "pivot": [12, 20.5, 11], "rotation": [-90, 0, -12.5], "uv": [7, 167]},
						{"origin": [3.5, 8.5, 0], "size": [11, 1, 10], "pivot": [5, 8.5, 9], "rotation": [-102.5, 0, 0], "uv": [175, 75]},
						{"origin": [3, 7.5, -2], "size": [1, 1, 11], "uv": [27, 118]}
					]
				},
				{
					"name": "passengerseat",
					"parent": "cabinin",
					"pivot": [-18, 0, 0],
					"cubes": [
						{"origin": [-14, 4.5, -2], "size": [10, 3, 11], "uv": [174, 147]},
						{"origin": [-4, 7.5, -2], "size": [1, 1, 11], "uv": [0, 112]},
						{"origin": [-4, 7.5, 2], "size": [1, 1, 8], "pivot": [-3, 8.5, 9], "rotation": [-102.5, 0, 0], "uv": [198, 122]},
						{"origin": [-4, 8, 0], "size": [1, 1, 10], "pivot": [-3, 8.5, 9], "rotation": [-102.5, 0, 0], "uv": [81, 131]},
						{"origin": [-15, 8, 0], "size": [1, 1, 10], "pivot": [-14, 8.5, 9], "rotation": [-102.5, 0, 0], "uv": [54, 131]},
						{"origin": [-4, 13.61, 7.28], "size": [1, 1, 2], "pivot": [-3, 14.5, 10], "rotation": [-117.5, 0, 0], "uv": [97, 202]},
						{"origin": [-15, 13.61, 7.28], "size": [1, 1, 2], "pivot": [-14, 14.5, 10], "rotation": [-117.5, 0, 0], "uv": [201, 0]},
						{"origin": [-15, 17.47166, 12.0031], "size": [1, 1, 8], "pivot": [-14, 17.5, 10], "rotation": [-102.5, 0, 0], "uv": [196, 196]},
						{"origin": [-12, 17.47166, 8.0031], "size": [1, 1, 4], "pivot": [-11, 17.5, 11], "rotation": [-90, 0, 0], "uv": [163, 61]},
						{"origin": [-12, 20.47166, 11.0031], "size": [1, 1, 4], "pivot": [-12, 20.5, 11], "rotation": [-90, 0, 12.5], "uv": [158, 127]},
						{"origin": [-11, 17.47166, 8.0031], "size": [4, 1, 4], "pivot": [-10, 17.5, 11], "rotation": [-90, 0, 0], "uv": [27, 130]},
						{"origin": [-7, 20.47166, 11.0031], "size": [1, 1, 4], "pivot": [-6, 20.5, 11], "rotation": [-90, 0, 0], "uv": [147, 119]},
						{"origin": [-7, 20.47166, 11.0031], "size": [1, 1, 4], "pivot": [-6, 20.5, 11], "rotation": [-90, 0, -12.5], "uv": [81, 147]},
						{"origin": [-14.5, 8.5, 0], "size": [11, 1, 10], "pivot": [-13, 8.5, 9], "rotation": [-102.5, 0, 0], "uv": [174, 161]},
						{"origin": [-15, 7.5, -2], "size": [1, 1, 11], "uv": [100, 13]},
						{"origin": [-14.3, 6, 0], "size": [1, 1, 3], "uv": [51, 219]},
						{"origin": [-14.3, 5.5, 0], "size": [1, 1, 2], "uv": [89, 201]}
					]
				},
				{
					"name": "stickshift",
					"parent": "cabinin",
					"pivot": [0, 0, 0],
					"cubes": [
						{"origin": [-0.5, 8.5, -7], "size": [3, 1, 4], "uv": [27, 148]},
						{"origin": [0, 8.8, -6], "size": [2, 1, 2], "uv": [222, 12]}
					]
				},
				{
					"name": "ss1",
					"parent": "stickshift",
					"pivot": [1, 9, -4.5],
					"rotation": [-7.5, 0, 0],
					"cubes": [
						{"origin": [0.5, 8.79572, -5.56526], "size": [1, 4, 1], "uv": [90, 42]},
						{"origin": [0.4, 11.79572, -5.56526], "size": [1, 1, 1], "uv": [181, 63]},
						{"origin": [0.4, 11.49572, -5.56526], "size": [1, 1, 1], "uv": [181, 61]},
						{"origin": [0.6, 11.79572, -5.56526], "size": [1, 1, 1], "uv": [180, 168]},
						{"origin": [0.6, 11.49572, -5.56526], "size": [1, 1, 1], "uv": [180, 166]},
						{"origin": [0.5, 11.79572, -5.46526], "size": [1, 1, 1], "uv": [180, 163]},
						{"origin": [0.5, 11.49572, -5.46526], "size": [1, 1, 1], "uv": [180, 161]},
						{"origin": [0.5, 11.79572, -5.66526], "size": [1, 1, 1], "uv": [180, 155]},
						{"origin": [0.5, 11.49572, -5.66526], "size": [1, 1, 1], "uv": [180, 29]}
					]
				},
				{
					"name": "handbrake",
					"parent": "cabinin",
					"pivot": [0, 0, 0],
					"cubes": [
						{"origin": [0, 8.5, 3], "size": [2, 2, 2], "uv": [122, 220]},
						{"origin": [0.5, 9.4, 0], "size": [1, 1, 3], "uv": [138, 200]},
						{"origin": [0, 8.5, 5], "size": [2, 2, 3], "pivot": [2, 10.5, 5], "rotation": [-45, 0, 0], "uv": [54, 147]}
					]
				},
				{
					"name": "steeringwheel",
					"parent": "cabinin",
					"pivot": [9, 14.5, -11]
				},
				{
					"name": "sw1",
					"parent": "steeringwheel",
					"pivot": [9, 14.5, -6],
					"cubes": [
						{"origin": [8.5, 17.5, -7], "size": [1, 1, 1], "uv": [144, 179]},
						{"origin": [8.5, 17.5, -7], "size": [1, 1, 1], "pivot": [9, 15, -6], "rotation": [0, 0, -15], "uv": [178, 139]},
						{"origin": [8.5, 17.5, -7], "size": [1, 1, 1], "pivot": [9, 15, -6], "rotation": [0, 0, -30], "uv": [175, 178]},
						{"origin": [8.5, 17.5, -7], "size": [1, 1, 1], "pivot": [9, 15, -6], "rotation": [0, 0, -45], "uv": [108, 178]},
						{"origin": [8.5, 17.5, -7], "size": [1, 1, 1], "pivot": [9, 15, -6], "rotation": [0, 0, 15], "uv": [102, 178]},
						{"origin": [8.5, 17.5, -7], "size": [1, 1, 1], "pivot": [9, 15, -6], "rotation": [0, 0, 30], "uv": [176, 29]},
						{"origin": [8.5, 17.5, -7], "size": [1, 1, 1], "pivot": [9, 15, -6], "rotation": [0, 0, 45], "uv": [175, 176]},
						{"origin": [8.5, 17.5, -7], "size": [1, 1, 1], "pivot": [9, 15, -6], "rotation": [0, 0, 60], "uv": [108, 176]},
						{"origin": [8.5, 17.5, -7], "size": [1, 1, 1], "pivot": [9, 15, -6], "rotation": [0, 0, 75], "uv": [102, 176]},
						{"origin": [8.5, 17.5, -7], "size": [1, 1, 1], "pivot": [9, 15, -6], "rotation": [0, 0, 90], "uv": [175, 82]},
						{"origin": [7.5, 16.5, -7], "size": [1, 2, 1], "pivot": [8, 15, -6], "rotation": [0, 0, 90], "uv": [122, 19]},
						{"origin": [6.5, 16.5, -7], "size": [1, 1, 1], "pivot": [7, 15, -6], "rotation": [0, 0, 90], "uv": [175, 80]},
						{"origin": [8, 14.5, -7], "size": [1, 1, 1], "pivot": [9, 15, -6], "rotation": [0, 0, 90], "uv": [175, 77]},
						{"origin": [8, 14.5, -7], "size": [1, 1, 1], "pivot": [9, 15, -6], "rotation": [0, 0, -132.5], "uv": [175, 75]},
						{"origin": [8, 14.5, -7], "size": [1, 1, 1], "pivot": [9, 15, -6], "rotation": [0, 0, -32.5], "uv": [175, 68]},
						{"origin": [8, 14.5, -7], "size": [1, 1, 1], "pivot": [9, 15, -6], "rotation": [0, 0, 142.5], "uv": [175, 66]},
						{"origin": [8, 14.5, -7], "size": [1, 1, 1], "pivot": [9, 15, -6], "rotation": [0, 0, 37.5], "uv": [175, 63]},
						{"origin": [4.5, 16.5, -7], "size": [1, 2, 1], "pivot": [5, 15, -6], "rotation": [0, 0, 90], "uv": [122, 9]},
						{"origin": [5.5, 16.5, -7], "size": [2, 1, 1], "pivot": [6, 14, -6], "rotation": [0, 0, 90], "uv": [34, 85]}
					]
				},
				{
					"name": "sw2",
					"parent": "steeringwheel",
					"pivot": [9, 14.5, -6],
					"rotation": [0, 0, 105],
					"cubes": [
						{"origin": [8.01704, 16.87059, -7], "size": [1, 1, 1], "uv": [175, 61]},
						{"origin": [8.06699, 16.75, -7], "size": [1, 1, 1], "pivot": [9, 14.5, -6], "rotation": [0, 0, 15], "uv": [174, 168]},
						{"origin": [8.14645, 16.64645, -7], "size": [1, 1, 1], "pivot": [9, 14.5, -6], "rotation": [0, 0, 30], "uv": [174, 166]},
						{"origin": [8.25, 16.56699, -7], "size": [1, 1, 1], "pivot": [9, 14.5, -6], "rotation": [0, 0, 45], "uv": [174, 163]},
						{"origin": [8.37059, 16.51704, -7], "size": [1, 1, 1], "pivot": [9, 14.5, -6], "rotation": [0, 0, 60], "uv": [174, 161]},
						{"origin": [8.5, 16.5, -7], "size": [1, 1, 1], "pivot": [9, 14.5, -6], "rotation": [0, 0, 75], "uv": [174, 139]},
						{"origin": [8.62941, 16.51704, -7], "size": [1, 1, 1], "pivot": [9, 14.5, -6], "rotation": [0, 0, 90], "uv": [174, 133]}
					]
				},
				{
					"name": "sw3",
					"parent": "steeringwheel",
					"pivot": [9, 14.5, -6],
					"rotation": [0, 0, -150],
					"cubes": [
						{"origin": [8.75, 16.56699, -7], "size": [1, 1, 1], "uv": [174, 131]},
						{"origin": [8.85355, 16.64645, -7], "size": [1, 1, 1], "pivot": [9, 14.5, -6], "rotation": [0, 0, 15], "uv": [160, 170]},
						{"origin": [8.93301, 16.75, -7], "size": [1, 1, 1], "pivot": [9, 14.5, -6], "rotation": [0, 0, 30], "uv": [156, 170]},
						{"origin": [8.98296, 16.87059, -7], "size": [1, 1, 1], "pivot": [9, 14.5, -6], "rotation": [0, 0, 45], "uv": [152, 170]},
						{"origin": [9, 17, -7], "size": [1, 1, 1], "pivot": [9, 14.5, -6], "rotation": [0, 0, 60], "uv": [148, 170]},
						{"origin": [8.98296, 17.12941, -7], "size": [1, 1, 1], "pivot": [9, 14.5, -6], "rotation": [0, 0, 75], "uv": [144, 170]},
						{"origin": [8.93301, 17.25, -7], "size": [1, 1, 1], "pivot": [9, 14.5, -6], "rotation": [0, 0, 90], "uv": [113, 170]}
					]
				},
				{
					"name": "rvm",
					"parent": "cabinin",
					"pivot": [0, 0, 0],
					"cubes": [
						{"origin": [-0.5, 23.7, 0], "size": [1, 1, 1], "uv": [109, 170]},
						{"origin": [-2.5, 21.7, 0], "size": [5, 2, 1], "uv": [206, 161]}
					]
				},
				{
					"name": "back",
					"pivot": [0, 0, 2],
					"cubes": [
						{"origin": [17, 4.5, 32], "size": [1, 1, 1], "uv": [105, 170]},
						{"origin": [17, 5.5, 32], "size": [1, 10, 3], "uv": [143, 203]},
						{"origin": [-18, 5.5, 32], "size": [1, 10, 3], "uv": [108, 142]},
						{"origin": [17, 6.5, 35], "size": [1, 9, 2], "uv": [174, 147]},
						{"origin": [-18, 6.5, 35], "size": [1, 9, 2], "uv": [0, 112]},
						{"origin": [17, 7.5, 37], "size": [1, 8, 1], "uv": [28, 79]},
						{"origin": [-18, 7.5, 37], "size": [1, 8, 1], "uv": [28, 0]},
						{"origin": [17, 7.5, 38], "size": [1, 7, 1], "uv": [180, 147]},
						{"origin": [-18, 7.5, 38], "size": [1, 7, 1], "uv": [87, 131]},
						{"origin": [-17, 11.5, 38], "size": [34, 1, 1], "uv": [164, 53]},
						{"origin": [17, 8.5, 39], "size": [1, 2, 1], "uv": [27, 112]},
						{"origin": [-18, 8.5, 39], "size": [1, 2, 1], "uv": [92, 110]},
						{"origin": [-18, 4.5, 32], "size": [1, 1, 1], "uv": [101, 170]},
						{"origin": [17, 4.5, 33], "size": [1, 1, 8], "pivot": [18, 4.5, 33], "rotation": [25, 0, 0], "uv": [128, 196]},
						{"origin": [16, 4.5, 33], "size": [1, 1, 8], "pivot": [17, 4.5, 33], "rotation": [25, 0, 0], "uv": [20, 196]},
						{"origin": [9, 4.5, 33], "size": [2, 1, 8], "pivot": [17, 4.5, 33], "rotation": [25, 0, 0], "uv": [0, 158]},
						{"origin": [-9, 4.5, 33], "size": [18, 1, 2], "pivot": [15, 4.5, 33], "rotation": [25, 0, 0], "uv": [51, 88]},
						{"origin": [11, 4.5, 33], "size": [5, 1, 2], "pivot": [19, 4.5, 33], "rotation": [25, 0, 0], "uv": [132, 104]},
						{"origin": [11, 4.7, 35], "size": [5, 1, 4], "pivot": [19, 4.5, 33], "rotation": [25, 0, 0], "uv": [92, 110]},
						{"origin": [11, 4.5, 39], "size": [5, 1, 2], "pivot": [19, 4.5, 33], "rotation": [25, 0, 0], "uv": [52, 112]},
						{"origin": [-17, 4.5, 33], "size": [8, 1, 8], "pivot": [-9, 4.5, 33], "rotation": [25, 0, 0], "uv": [94, 193]},
						{"origin": [-9, 5, 33], "size": [18, 1, 8], "pivot": [-1, 4.5, 33], "rotation": [22.5, 0, 0], "uv": [34, 79]},
						{"origin": [-18, 4.5, 33], "size": [1, 1, 8], "pivot": [-17, 4.5, 33], "rotation": [25, 0, 0], "uv": [118, 194]},
						{"origin": [17, 4.5, 39.12], "size": [1, 1, 1], "pivot": [18, 4.5, 33], "rotation": [25, 0, 0], "uv": [97, 170]},
						{"origin": [17, 46.5, 26.76449], "size": [1, 1, 3], "pivot": [18, 25.5, 16], "rotation": [-85, 0, 0], "uv": [199, 15]},
						{"origin": [17, 46.5, 26.5], "size": [1, 1, 1], "pivot": [18, 25.5, 16], "rotation": [-85, 0, 0], "uv": [169, 77]},
						{"origin": [-18, 46.5, 26.5], "size": [1, 1, 1], "pivot": [-17, 25.5, 16], "rotation": [-85, 0, 0], "uv": [169, 63]},
						{"origin": [-18, 46.5, 26.76449], "size": [1, 1, 3], "pivot": [-17, 25.5, 16], "rotation": [-85, 0, 0], "uv": [160, 137]},
						{"origin": [-18, 11.61, 38], "size": [36, 1, 1], "pivot": [18, 12.5, 39], "rotation": [-90, 0, 0], "uv": [128, 16]},
						{"origin": [17, 12.61, 38.8056], "size": [1, 1, 1], "pivot": [18, 13.5, 39], "rotation": [-90, 0, 0], "uv": [169, 61]},
						{"origin": [-18, 12.61, 38.80557], "size": [1, 1, 1], "pivot": [-17, 13.5, 39], "rotation": [-90, 0, 0], "uv": [13, 169]},
						{"origin": [-17, 12.61, 38.80557], "size": [34, 1, 1], "pivot": [17, 13.5, 39], "rotation": [-90, 0, 0], "uv": [164, 51]},
						{"origin": [-6, 46, 26.76449], "size": [12, 1, 3], "pivot": [6, 25.5, 16], "rotation": [-85, 0, 0], "uv": [0, 103]},
						{"origin": [15, 46.5, 26.76449], "size": [2, 1, 3], "pivot": [17, 25.5, 16], "rotation": [-85, 0, 0], "uv": [208, 126]},
						{"origin": [-17, 46.5, 26.76449], "size": [2, 1, 3], "pivot": [-15, 25.5, 16], "rotation": [-85, 0, 0], "uv": [208, 122]},
						{"origin": [6, 46.5, 26.76449], "size": [9, 1, 1], "pivot": [15, 25.5, 16], "rotation": [-85, 0, 0], "uv": [33, 114]},
						{"origin": [-15, 46.5, 26.76449], "size": [9, 1, 1], "pivot": [-6, 25.5, 16], "rotation": [-85, 0, 0], "uv": [33, 112]},
						{"origin": [6, 46.5, 27.76449], "size": [3, 1, 2], "pivot": [15, 25.5, 16], "rotation": [-85, 0, 0], "uv": [36, 219]},
						{"origin": [-9, 46.5, 27.76449], "size": [3, 1, 2], "pivot": [0, 25.5, 16], "rotation": [-85, 0, 0], "uv": [218, 93]},
						{"origin": [9, 46.5, 27.76449], "size": [6, 1, 2], "pivot": [15, 25.5, 16], "rotation": [-85, 0, 0], "uv": [147, 137]},
						{"origin": [-15, 46.5, 27.76449], "size": [6, 1, 2], "pivot": [-9, 25.5, 16], "rotation": [-85, 0, 0], "uv": [128, 78]},
						{"origin": [17, 47.5, 32.76449], "size": [1, 1, 2], "pivot": [18, 25.5, 16], "rotation": [-85, 0, 0], "uv": [81, 201]},
						{"origin": [-18, 47.5, 32.76449], "size": [1, 1, 2], "pivot": [-17, 25.5, 16], "rotation": [-85, 0, 0], "uv": [200, 19]},
						{"origin": [-17, 47.5, 32.76449], "size": [34, 1, 2], "pivot": [17, 25.5, 16], "rotation": [-85, 0, 0], "uv": [148, 95]},
						{"origin": [17, 47.5, 32.1], "size": [1, 1, 1], "pivot": [18, 25.5, 16], "rotation": [-85, 0, 0], "uv": [7, 169]},
						{"origin": [-18, 47.5, 32.1], "size": [1, 1, 1], "pivot": [-17, 25.5, 16], "rotation": [-85, 0, 0], "uv": [0, 169]},
						{"origin": [-17, 47.6, 32.5], "size": [34, 1, 2], "pivot": [17, 25.5, 16], "rotation": [-85, 0, 0], "uv": [147, 142]},
						{"origin": [17, 50.815, 34], "size": [1, 1, 1], "pivot": [18, 28.5, 17], "rotation": [-90, 0, 0], "uv": [168, 75]},
						{"origin": [17, 50.815, 33], "size": [1, 1, 1], "pivot": [18, 28.5, 16], "rotation": [-90, 0, 0], "uv": [13, 167]},
						{"origin": [-18, 50.815, 33], "size": [1, 1, 1], "pivot": [-17, 28.5, 16], "rotation": [-90, 0, 0], "uv": [7, 167]},
						{"origin": [-17, 50.815, 33], "size": [34, 1, 1], "pivot": [-16, 28.5, 16], "rotation": [-90, 0, 0], "uv": [164, 49]},
						{"origin": [-18, 50.815, 34], "size": [1, 1, 1], "pivot": [-17, 28.5, 17], "rotation": [-90, 0, 0], "uv": [0, 167]},
						{"origin": [-17, 50.815, 34], "size": [34, 1, 1], "pivot": [17, 28.5, 17], "rotation": [-90, 0, 0], "uv": [164, 47]},
						{"origin": [-17, 47.5, 34.55], "size": [34, 1, 1], "pivot": [17, 25.5, 16], "rotation": [-85, 0, 0], "uv": [164, 45]},
						{"origin": [17, 47.5, 34.55], "size": [1, 1, 1], "pivot": [18, 25.5, 16], "rotation": [-85, 0, 0], "uv": [164, 129]},
						{"origin": [-18, 47.5, 34.55], "size": [1, 1, 1], "pivot": [-17, 25.5, 16], "rotation": [-85, 0, 0], "uv": [164, 127]},
						{"origin": [-17, 46.5, 24.76449], "size": [34, 1, 2], "pivot": [17, 25.5, 16], "rotation": [-85, 0, 0], "uv": [130, 31]},
						{"origin": [-17, 17.19761, 38.78655], "size": [1, 1, 2], "pivot": [-17, 18.5, 39], "rotation": [-85, 0, 32.5], "uv": [94, 164]},
						{"origin": [16, 17.19761, 38.78655], "size": [1, 1, 2], "pivot": [17, 18.5, 39], "rotation": [-85, 0, -32.5], "uv": [94, 160]},
						{"origin": [17, 15.5, 16], "size": [1, 1, 22], "uv": [96, 170]},
						{"origin": [-18, 15.5, 16], "size": [1, 1, 22], "uv": [68, 93]}
					]
				},
				{
					"name": "backfenders",
					"parent": "back",
					"pivot": [0, 0, 48],
					"cubes": [
						{"origin": [17, 9.5, 16], "size": [1, 6, 1], "uv": [117, 222]},
						{"origin": [-18, 9.5, 16], "size": [1, 6, 1], "uv": [203, 3]},
						{"origin": [17, 9.5, 31], "size": [1, 6, 1], "uv": [60, 201]},
						{"origin": [-18, 9.5, 31], "size": [1, 6, 1], "uv": [183, 122]},
						{"origin": [17, 11.5, 30], "size": [1, 4, 1], "uv": [28, 88]},
						{"origin": [-18, 11.5, 30], "size": [1, 4, 1], "uv": [82, 61]},
						{"origin": [17, 11.5, 17], "size": [1, 4, 1], "uv": [65, 61]},
						{"origin": [-18, 11.5, 17], "size": [1, 4, 1], "uv": [28, 9]},
						{"origin": [17, 12.5, 18], "size": [1, 3, 1], "uv": [24, 0]},
						{"origin": [-18, 12.5, 18], "size": [1, 3, 1], "uv": [0, 24]},
						{"origin": [-18, 12.5, 29], "size": [1, 3, 1], "uv": [16, 0]},
						{"origin": [17, 12.5, 29], "size": [1, 3, 1], "uv": [0, 0]},
						{"origin": [17, 13.5, 28], "size": [1, 2, 1], "uv": [68, 109]},
						{"origin": [-18, 13.5, 28], "size": [1, 2, 1], "uv": [28, 107]},
						{"origin": [17, 13.5, 19], "size": [1, 2, 1], "uv": [27, 103]},
						{"origin": [-18, 13.5, 19], "size": [1, 2, 1], "uv": [62, 99]},
						{"origin": [17, 14.5, 20], "size": [1, 1, 2], "uv": [144, 156]},
						{"origin": [-18, 14.5, 20], "size": [1, 1, 2], "uv": [38, 156]},
						{"origin": [17, 14.5, 26], "size": [1, 1, 2], "uv": [144, 78]},
						{"origin": [-18, 14.5, 26], "size": [1, 1, 2], "uv": [140, 107]}
					]
				},
				{
					"name": "hexadecagon2",
					"parent": "backfenders",
					"pivot": [26, -1, 41],
					"cubes": [
						{"origin": [17, 5.9087, 16], "size": [2, 3.1826, 1], "pivot": [18, 7.5, 24], "rotation": [-45, 0, 0], "uv": [73, 131]},
						{"origin": [17, 5.9087, 31], "size": [2, 3.1826, 1], "pivot": [18, 7.5, 24], "rotation": [45, 0, 0], "uv": [110, 75]},
						{"origin": [17, 14.5, 22.4087], "size": [2, 1, 3.1826], "pivot": [18, 7.5, 24], "rotation": [22.5, 0, 0], "uv": [203, 208]},
						{"origin": [17, 14.5, 22.4087], "size": [2, 1, 3.1826], "uv": [199, 185]},
						{"origin": [17, 14.5, 22.4087], "size": [2, 1, 3.1826], "pivot": [18, 7.5, 24], "rotation": [-22.5, 0, 0], "uv": [147, 196]}
					]
				},
				{
					"name": "yes4",
					"parent": "hexadecagon2",
					"pivot": [19.5, 11.6, 17],
					"rotation": [0, 0, 7.5],
					"cubes": [
						{"origin": [16.93474, 5.86669, 15.8103], "size": [2, 3.1826, 1], "pivot": [18, 7, 24], "rotation": [-22.5, 0, 0], "uv": [84, 109]},
						{"origin": [16.93474, 3.90442, 16], "size": [2, 5.1826, 1], "uv": [51, 91]}
					]
				},
				{
					"name": "no4",
					"parent": "hexadecagon2",
					"pivot": [19.5, 11.6, 31],
					"rotation": [0, 0, 7.5],
					"cubes": [
						{"origin": [16.93474, 5.86669, 31.1897], "size": [2, 3.1826, 1], "pivot": [18, 7, 24], "rotation": [22.5, 0, 0], "uv": [59, 93]},
						{"origin": [16.93474, 4.90442, 31], "size": [2, 4.1826, 1], "uv": [19, 124]}
					]
				},
				{
					"name": "hexadecagon6",
					"parent": "backfenders",
					"pivot": [24, -1, 41],
					"cubes": [
						{"origin": [-17.5, 5.9087, 16], "size": [4, 3.1826, 1], "pivot": [16, 7.5, 24], "rotation": [-45, 0, 0], "uv": [207, 79]},
						{"origin": [-17.5, 5.9087, 31], "size": [4, 3.1826, 1], "pivot": [16, 7.5, 24], "rotation": [45, 0, 0], "uv": [207, 75]},
						{"origin": [-17.5, 14.5, 22.4087], "size": [4, 1, 3.1826], "pivot": [16, 7.5, 24], "rotation": [22.5, 0, 0], "uv": [147, 156]},
						{"origin": [-17.5, 14.5, 22.4087], "size": [4, 1, 3.1826], "uv": [133, 156]},
						{"origin": [-17.5, 14.5, 22.4087], "size": [4, 1, 3.1826], "pivot": [16, 7.5, 24], "rotation": [-22.5, 0, 0], "uv": [41, 156]}
					]
				},
				{
					"name": "yes5",
					"parent": "hexadecagon6",
					"pivot": [17.5, 11.6, 17],
					"cubes": [
						{"origin": [-17.5, 5.9087, 16], "size": [4, 3.1826, 1], "pivot": [16, 7.5, 24], "rotation": [-22.5, 0, 0], "uv": [206, 200]},
						{"origin": [-17.5, 3.9087, 16], "size": [4, 5.1826, 1], "uv": [0, 124]}
					]
				},
				{
					"name": "no5",
					"parent": "hexadecagon6",
					"pivot": [17.5, 11.6, 31],
					"cubes": [
						{"origin": [-17.5, 5.9087, 31], "size": [4, 3.1826, 1], "pivot": [16, 7.5, 24], "rotation": [22.5, 0, 0], "uv": [206, 196]},
						{"origin": [-17.5, 4.9087, 31], "size": [4, 4.1826, 1], "uv": [81, 142]}
					]
				},
				{
					"name": "hexadecagon3",
					"parent": "backfenders",
					"pivot": [55, -1, 41],
					"cubes": [
						{"origin": [13.5, 5.9087, 16], "size": [4, 3.1826, 1], "pivot": [47, 7.5, 24], "rotation": [-45, 0, 0], "uv": [206, 164]},
						{"origin": [13.5, 5.9087, 31], "size": [4, 3.1826, 1], "pivot": [47, 7.5, 24], "rotation": [45, 0, 0], "uv": [26, 205]},
						{"origin": [13.5, 14.5, 22.4087], "size": [4, 1, 3.1826], "pivot": [47, 7.5, 24], "rotation": [22.5, 0, 0], "uv": [27, 156]},
						{"origin": [13.5, 14.5, 22.4087], "size": [4, 1, 3.1826], "uv": [17, 107]},
						{"origin": [13.5, 14.5, 22.4087], "size": [4, 1, 3.1826], "pivot": [47, 7.5, 24], "rotation": [-22.5, 0, 0], "uv": [51, 99]}
					]
				},
				{
					"name": "yes7",
					"parent": "hexadecagon3",
					"pivot": [48.5, 11.6, 17],
					"cubes": [
						{"origin": [13.5, 5.9087, 16], "size": [4, 3.1826, 1], "pivot": [47, 7.5, 24], "rotation": [-22.5, 0, 0], "uv": [194, 200]},
						{"origin": [13.5, 3.9087, 16], "size": [4, 5.1826, 1], "uv": [120, 97]}
					]
				},
				{
					"name": "no7",
					"parent": "hexadecagon3",
					"pivot": [48.5, 11.6, 31],
					"cubes": [
						{"origin": [13.5, 5.9087, 31], "size": [4, 3.1826, 1], "pivot": [47, 7.5, 24], "rotation": [22.5, 0, 0], "uv": [163, 66]},
						{"origin": [13.5, 4.9087, 31], "size": [4, 4.1826, 1], "uv": [54, 142]}
					]
				},
				{
					"name": "hexadecagon7",
					"parent": "backfenders",
					"pivot": [-11, -1, 41],
					"cubes": [
						{"origin": [-19, 5.9087, 16], "size": [2, 3.1826, 1], "pivot": [-19, 7.5, 24], "rotation": [-45, 0, 0], "uv": [42, 88]},
						{"origin": [-19, 5.9087, 31], "size": [2, 3.1826, 1], "pivot": [-19, 7.5, 24], "rotation": [45, 0, 0], "uv": [8, 79]},
						{"origin": [-19, 14.5, 22.4087], "size": [2, 1, 3.1826], "pivot": [-19, 7.5, 24], "rotation": [22.5, 0, 0], "uv": [158, 132]},
						{"origin": [-19, 14.5, 22.4087], "size": [2, 1, 3.1826], "uv": [0, 130]},
						{"origin": [-18, 3.5, 16], "size": [1, 1.1826, 1], "uv": [164, 75]},
						{"origin": [-18, 4.5, 31], "size": [1, 1.1826, 1], "uv": [163, 63]},
						{"origin": [17, 4.5, 31], "size": [1, 1.1826, 1], "uv": [163, 61]},
						{"origin": [17, 3.5, 16], "size": [1, 1.1826, 1], "uv": [159, 118]},
						{"origin": [-19, 14.5, 22.4087], "size": [2, 1, 3.1826], "pivot": [-19, 7.5, 24], "rotation": [-22.5, 0, 0], "uv": [120, 103]}
					]
				},
				{
					"name": "yes6",
					"parent": "hexadecagon7",
					"pivot": [-19.5, 11.6, 17],
					"rotation": [0, 0, -7.5],
					"cubes": [
						{"origin": [-18.93474, 5.86669, 15.8103], "size": [2, 3.1826, 1], "pivot": [-19, 7, 24], "rotation": [-22.5, 0, 0], "uv": [8, 33]},
						{"origin": [-18.93474, 3.90442, 16], "size": [2, 5.1826, 1], "uv": [78, 79]}
					]
				},
				{
					"name": "no6",
					"parent": "hexadecagon7",
					"pivot": [-19.5, 11.6, 31],
					"rotation": [0, 0, -7.5],
					"cubes": [
						{"origin": [-18.93474, 5.86669, 31.1897], "size": [2, 3.1826, 1], "pivot": [-19, 7, 24], "rotation": [22.5, 0, 0], "uv": [8, 0]},
						{"origin": [-18.93474, 4.90442, 31], "size": [2, 4.1826, 1], "uv": [120, 13]}
					]
				},
				{
					"name": "exhaust",
					"parent": "back",
					"pivot": [14, 7, 35],
					"cubes": [
						{"origin": [14, 5.5, 34], "size": [1, 1, 5], "pivot": [14.5, 6, 43], "rotation": [0, 0, -22.5], "uv": [204, 190]},
						{"origin": [14, 5.5, 34], "size": [1, 1, 5], "pivot": [14.5, 6, 43], "rotation": [0, 0, 10], "uv": [204, 184]},
						{"origin": [14, 5.5, 34], "size": [1, 1, 5], "pivot": [14.5, 6, 43], "rotation": [0, 0, 37.5], "uv": [12, 204]},
						{"origin": [14, 5.5, 34], "size": [1, 1, 5], "pivot": [14.5, 6, 43], "rotation": [0, 0, 75], "uv": [198, 131]},
						{"origin": [14, 5.5, 34], "size": [1, 1, 5], "pivot": [14.5, 6, 43], "rotation": [0, 0, 112.5], "uv": [144, 184]},
						{"origin": [14, 5.5, 34], "size": [1, 1, 5], "pivot": [14.5, 6, 43], "rotation": [0, 0, 150], "uv": [52, 184]},
						{"origin": [14, 5.5, 34], "size": [1, 1, 5], "pivot": [14.5, 6, 43], "rotation": [0, 0, -172.5], "uv": [174, 131]},
						{"origin": [14, 5.5, 34], "size": [1, 1, 5], "pivot": [14.5, 6, 43], "rotation": [0, 0, -135], "uv": [12, 167]},
						{"origin": [14, 5.5, 34], "size": [1, 1, 5], "pivot": [14.5, 6, 43], "rotation": [0, 0, -97.5], "uv": [0, 167]},
						{"origin": [14, 5.5, 34], "size": [1, 1, 5], "pivot": [14.5, 6, 43], "rotation": [0, 0, -60], "uv": [159, 116]}
					]
				},
				{
					"name": "exhaust2",
					"parent": "back",
					"pivot": [12, 7, 35],
					"cubes": [
						{"origin": [12, 5.5, 34], "size": [1, 1, 5], "pivot": [12.5, 6, 43], "rotation": [0, 0, -22.5], "uv": [152, 71]},
						{"origin": [12, 5.5, 38.05], "size": [1, 1, 1], "uv": [159, 116]},
						{"origin": [14, 5.5, 38.05], "size": [1, 1, 1], "uv": [158, 129]},
						{"origin": [12, 5.5, 34], "size": [1, 1, 5], "pivot": [12.5, 6, 43], "rotation": [0, 0, 10], "uv": [36, 148]},
						{"origin": [12, 5.5, 34], "size": [1, 1, 5], "pivot": [12.5, 6, 43], "rotation": [0, 0, 37.5], "uv": [93, 142]},
						{"origin": [12, 5.5, 34], "size": [1, 1, 5], "pivot": [12.5, 6, 43], "rotation": [0, 0, 75], "uv": [66, 142]},
						{"origin": [12, 5.5, 34], "size": [1, 1, 5], "pivot": [12.5, 6, 43], "rotation": [0, 0, 112.5], "uv": [133, 85]},
						{"origin": [12, 5.5, 34], "size": [1, 1, 5], "pivot": [12.5, 6, 43], "rotation": [0, 0, 150], "uv": [93, 131]},
						{"origin": [12, 5.5, 34], "size": [1, 1, 5], "pivot": [12.5, 6, 43], "rotation": [0, 0, -172.5], "uv": [66, 131]},
						{"origin": [12, 5.5, 34], "size": [1, 1, 5], "pivot": [12.5, 6, 43], "rotation": [0, 0, -135], "uv": [12, 124]},
						{"origin": [12, 5.5, 34], "size": [1, 1, 5], "pivot": [12.5, 6, 43], "rotation": [0, 0, -97.5], "uv": [113, 13]},
						{"origin": [12, 5.5, 34], "size": [1, 1, 5], "pivot": [12.5, 6, 43], "rotation": [0, 0, -60], "uv": [13, 112]}
					]
				},
				{
					"name": "fronttires",
					"pivot": [0, 0, 0]
				},
				{
					"name": "fronttire1",
					"parent": "fronttires",
					"pivot": [17, 7, -24]
				},
				{
					"name": "ftl",
					"parent": "fronttire1",
					"pivot": [26, -1, -32],
					"cubes": [
						{"origin": [14.5, 5.60761, -31], "size": [4, 2.78477, 1.6], "pivot": [18, 7, -24], "rotation": [45, 0, 0], "uv": [218, 160]},
						{"origin": [14.5, 5.60761, -31], "size": [4, 2.78477, 1.6], "pivot": [18, 7, -24], "rotation": [22.5, 0, 0], "uv": [218, 18]},
						{"origin": [14.5, 5.60761, -31], "size": [4, 2.78477, 1.6], "uv": [158, 218]},
						{"origin": [14.5, 5.60761, -31], "size": [4, 2.78477, 1.6], "pivot": [18, 7, -24], "rotation": [-22.5, 0, 0], "uv": [128, 218]},
						{"origin": [14.5, 5.60761, -31], "size": [4, 2.78477, 1.6], "pivot": [18, 7, -24], "rotation": [-45, 0, 0], "uv": [92, 218]},
						{"origin": [14.5, 5.60761, -18.6], "size": [4, 2.78477, 1.6], "pivot": [18, 7, -24], "rotation": [45, 0, 0], "uv": [217, 210]},
						{"origin": [14.5, 5.60761, -18.6], "size": [4, 2.78477, 1.6], "pivot": [18, 7, -24], "rotation": [22.5, 0, 0], "uv": [212, 217]},
						{"origin": [14.5, 5.60761, -18.6], "size": [4, 2.78477, 1.6], "uv": [202, 217]},
						{"origin": [14.5, 5.60761, -18.6], "size": [4, 2.78477, 1.6], "pivot": [18, 7, -24], "rotation": [-22.5, 0, 0], "uv": [178, 217]},
						{"origin": [14.5, 5.60761, -18.6], "size": [4, 2.78477, 1.6], "pivot": [18, 7, -24], "rotation": [-45, 0, 0], "uv": [168, 217]},
						{"origin": [14.5, 0, -25.39239], "size": [4, 1.6, 2.78477], "pivot": [18, 7, -24], "rotation": [22.5, 0, 0], "uv": [206, 68]},
						{"origin": [14.5, 0, -25.39239], "size": [4, 1.6, 2.78477], "uv": [206, 65]},
						{"origin": [14.5, 0, -25.39239], "size": [4, 1.6, 2.78477], "pivot": [18, 7, -24], "rotation": [-22.5, 0, 0], "uv": [206, 62]},
						{"origin": [14.5, 12.4, -25.39239], "size": [4, 1.6, 2.78477], "pivot": [18, 7, -24], "rotation": [22.5, 0, 0], "uv": [206, 59]},
						{"origin": [14.5, 12.4, -25.39239], "size": [4, 1.6, 2.78477], "uv": [205, 153]},
						{"origin": [14.5, 12.4, -25.39239], "size": [4, 1.6, 2.78477], "pivot": [18, 7, -24], "rotation": [-22.5, 0, 0], "uv": [205, 150]}
					]
				},
				{
					"name": "frl",
					"parent": "fronttire1",
					"pivot": [26, -1, -32],
					"cubes": [
						{"origin": [15, 5.92587, -29.4], "size": [3, 2.14825, 1], "pivot": [18, 7, -24], "rotation": [45, 0, 0], "uv": [65, 224]},
						{"origin": [15, 5.92587, -29.4], "size": [3, 2.14825, 1], "pivot": [18, 7, -24], "rotation": [22.5, 0, 0], "uv": [23, 224]},
						{"origin": [15, 5.92587, -29.4], "size": [3, 2.14825, 1], "uv": [0, 224]},
						{"origin": [15, 5.92587, -29.4], "size": [3, 2.14825, 1], "pivot": [18, 7, -24], "rotation": [-22.5, 0, 0], "uv": [223, 147]},
						{"origin": [15, 5.92587, -29.4], "size": [3, 2.14825, 1], "pivot": [18, 7, -24], "rotation": [-45, 0, 0], "uv": [223, 96]},
						{"origin": [15, 5.92587, -19.6], "size": [3, 2.14825, 1], "pivot": [18, 7, -24], "rotation": [45, 0, 0], "uv": [223, 80]},
						{"origin": [15, 5.92587, -19.6], "size": [3, 2.14825, 1], "pivot": [18, 7, -24], "rotation": [22.5, 0, 0], "uv": [219, 223]},
						{"origin": [15, 5.92587, -19.6], "size": [3, 2.14825, 1], "uv": [188, 223]},
						{"origin": [15, 5.92587, -19.6], "size": [3, 2.14825, 1], "pivot": [18, 7, -24], "rotation": [-22.5, 0, 0], "uv": [154, 223]},
						{"origin": [15, 5.92587, -19.6], "size": [3, 2.14825, 1], "pivot": [18, 7, -24], "rotation": [-45, 0, 0], "uv": [146, 223]},
						{"origin": [15, 1.6, -25.07413], "size": [3, 1, 2.14825], "pivot": [18, 7, -24], "rotation": [22.5, 0, 0], "uv": [216, 77]},
						{"origin": [15, 1.6, -25.07413], "size": [3, 1, 2.14825], "uv": [216, 73]},
						{"origin": [15, 1.6, -25.07413], "size": [3, 1, 2.14825], "pivot": [18, 7, -24], "rotation": [-22.5, 0, 0], "uv": [216, 69]},
						{"origin": [15, 11.4, -25.07413], "size": [3, 1, 2.14825], "pivot": [18, 7, -24], "rotation": [22.5, 0, 0], "uv": [216, 66]},
						{"origin": [15, 11.4, -25.07413], "size": [3, 1, 2.14825], "uv": [216, 63]},
						{"origin": [15, 11.4, -25.07413], "size": [3, 1, 2.14825], "pivot": [18, 7, -24], "rotation": [-22.5, 0, 0], "uv": [216, 60]}
					]
				},
				{
					"name": "rim",
					"parent": "fronttire1",
					"pivot": [0, 0, 0],
					"cubes": [
						{"origin": [15.5, 2, -29], "size": [2, 10, 4], "uv": [130, 130]},
						{"origin": [15.5, 2, -23], "size": [2, 10, 4], "uv": [34, 88]},
						{"origin": [15.5, 8, -25], "size": [2, 4, 2], "uv": [152, 61]},
						{"origin": [15.52, 9, -25], "size": [2, 3, 2], "uv": [84, 217]},
						{"origin": [15.52, 9, -25], "size": [2, 3, 2], "pivot": [17, 7, -24], "rotation": [72, 0, 0], "uv": [76, 217]},
						{"origin": [15.52, 9, -25], "size": [2, 3, 2], "pivot": [17, 7, -24], "rotation": [-72, 0, 0], "uv": [60, 217]},
						{"origin": [15.52, 9, -25], "size": [2, 3, 2], "pivot": [17, 7, -24], "rotation": [144, 0, 0], "uv": [18, 217]},
						{"origin": [15.52, 9, -25], "size": [2, 3, 2], "pivot": [17, 7, -24], "rotation": [-144, 0, 0], "uv": [10, 217]},
						{"origin": [15.5, 2, -25], "size": [2, 4, 2], "uv": [11, 148]},
						{"origin": [13, 6, -25], "size": [4, 2, 2], "uv": [106, 110]}
					]
				},
				{
					"name": "axlefront",
					"parent": "fronttire1",
					"pivot": [1, 0, 0],
					"cubes": [
						{"origin": [16.52, 6.5, -24.5], "size": [1, 1, 1], "uv": [158, 127]},
						{"origin": [16.52, 8, -24.5], "size": [1, 1, 1], "uv": [158, 56]},
						{"origin": [16.52, 8, -24.5], "size": [1, 1, 1], "pivot": [18, 7, -24], "rotation": [27.5, 0, 0], "uv": [158, 45]},
						{"origin": [16.52, 8, -24.5], "size": [1, 1, 1], "pivot": [18, 7, -24], "rotation": [55, 0, 0], "uv": [158, 43]},
						{"origin": [16.52, 8, -24.5], "size": [1, 1, 1], "pivot": [18, 7, -24], "rotation": [82.5, 0, 0], "uv": [75, 158]},
						{"origin": [16.52, 8, -24.5], "size": [1, 1, 1], "pivot": [18, 7, -24], "rotation": [110, 0, 0], "uv": [71, 158]},
						{"origin": [16.52, 8, -24.5], "size": [1, 1, 1], "pivot": [18, 7, -24], "rotation": [137.5, 0, 0], "uv": [67, 158]},
						{"origin": [16.52, 8, -24.5], "size": [1, 1, 1], "pivot": [18, 7, -24], "rotation": [165, 0, 0], "uv": [63, 158]},
						{"origin": [16.52, 8, -24.5], "size": [1, 1, 1], "pivot": [18, 7, -24], "rotation": [-167.5, 0, 0], "uv": [59, 158]},
						{"origin": [16.52, 8, -24.5], "size": [1, 1, 1], "pivot": [18, 7, -24], "rotation": [-140, 0, 0], "uv": [55, 158]},
						{"origin": [16.52, 8, -24.5], "size": [1, 1, 1], "pivot": [18, 7, -24], "rotation": [-112.5, 0, 0], "uv": [129, 156]},
						{"origin": [16.52, 8, -24.5], "size": [1, 1, 1], "pivot": [18, 7, -24], "rotation": [-85, 0, 0], "uv": [153, 121]},
						{"origin": [16.52, 8, -24.5], "size": [1, 1, 1], "pivot": [18, 7, -24], "rotation": [-57.5, 0, 0], "uv": [153, 119]},
						{"origin": [16.52, 8, -24.5], "size": [1, 1, 1], "pivot": [18, 7, -24], "rotation": [-30, 0, 0], "uv": [152, 73]}
					]
				},
				{
					"name": "fronttire2",
					"parent": "fronttires",
					"pivot": [-17, 7, -24]
				},
				{
					"name": "ftr",
					"parent": "fronttire2",
					"pivot": [-7, -1, -32],
					"cubes": [
						{"origin": [-18.5, 5.60761, -31], "size": [4, 2.78477, 1.6], "pivot": [-15, 7, -24], "rotation": [45, 0, 0], "uv": [216, 199]},
						{"origin": [-18.5, 5.60761, -31], "size": [4, 2.78477, 1.6], "pivot": [-15, 7, -24], "rotation": [22.5, 0, 0], "uv": [216, 196]},
						{"origin": [-18.5, 5.60761, -31], "size": [4, 2.78477, 1.6], "uv": [216, 193]},
						{"origin": [-18.5, 5.60761, -31], "size": [4, 2.78477, 1.6], "pivot": [-15, 7, -24], "rotation": [-22.5, 0, 0], "uv": [216, 187]},
						{"origin": [-18.5, 5.60761, -31], "size": [4, 2.78477, 1.6], "pivot": [-15, 7, -24], "rotation": [-45, 0, 0], "uv": [216, 164]},
						{"origin": [-18.5, 5.60761, -18.6], "size": [4, 2.78477, 1.6], "pivot": [-15, 7, -24], "rotation": [45, 0, 0], "uv": [216, 157]},
						{"origin": [-18.5, 5.60761, -18.6], "size": [4, 2.78477, 1.6], "pivot": [-15, 7, -24], "rotation": [22.5, 0, 0], "uv": [216, 29]},
						{"origin": [-18.5, 5.60761, -18.6], "size": [4, 2.78477, 1.6], "uv": [216, 15]},
						{"origin": [-18.5, 5.60761, -18.6], "size": [4, 2.78477, 1.6], "pivot": [-15, 7, -24], "rotation": [-22.5, 0, 0], "uv": [216, 4]},
						{"origin": [-18.5, 5.60761, -18.6], "size": [4, 2.78477, 1.6], "pivot": [-15, 7, -24], "rotation": [-45, 0, 0], "uv": [216, 0]},
						{"origin": [-18.5, 0, -25.39239], "size": [4, 1.6, 2.78477], "pivot": [-15, 7, -24], "rotation": [22.5, 0, 0], "uv": [205, 147]},
						{"origin": [-18.5, 0, -25.39239], "size": [4, 1.6, 2.78477], "uv": [201, 205]},
						{"origin": [-18.5, 0, -25.39239], "size": [4, 1.6, 2.78477], "pivot": [-15, 7, -24], "rotation": [-22.5, 0, 0], "uv": [203, 112]},
						{"origin": [-18.5, 12.4, -25.39239], "size": [4, 1.6, 2.78477], "pivot": [-15, 7, -24], "rotation": [22.5, 0, 0], "uv": [200, 29]},
						{"origin": [-18.5, 12.4, -25.39239], "size": [4, 1.6, 2.78477], "uv": [200, 23]},
						{"origin": [-18.5, 12.4, -25.39239], "size": [4, 1.6, 2.78477], "pivot": [-15, 7, -24], "rotation": [-22.5, 0, 0], "uv": [200, 11]}
					]
				},
				{
					"name": "frr",
					"parent": "fronttire2",
					"pivot": [-7, -1, -32],
					"cubes": [
						{"origin": [-18, 5.92587, -29.4], "size": [3, 2.14825, 1], "pivot": [-15, 7, -24], "rotation": [45, 0, 0], "uv": [48, 223]},
						{"origin": [-18, 5.92587, -29.4], "size": [3, 2.14825, 1], "pivot": [-15, 7, -24], "rotation": [22.5, 0, 0], "uv": [222, 206]},
						{"origin": [-18, 5.92587, -29.4], "size": [3, 2.14825, 1], "uv": [222, 7]},
						{"origin": [-18, 5.92587, -29.4], "size": [3, 2.14825, 1], "pivot": [-15, 7, -24], "rotation": [-22.5, 0, 0], "uv": [138, 222]},
						{"origin": [-18, 5.92587, -29.4], "size": [3, 2.14825, 1], "pivot": [-15, 7, -24], "rotation": [-45, 0, 0], "uv": [99, 222]},
						{"origin": [-18, 5.92587, -19.6], "size": [3, 2.14825, 1], "pivot": [-15, 7, -24], "rotation": [45, 0, 0], "uv": [83, 222]},
						{"origin": [-18, 5.92587, -19.6], "size": [3, 2.14825, 1], "pivot": [-15, 7, -24], "rotation": [22.5, 0, 0], "uv": [75, 222]},
						{"origin": [-18, 5.92587, -19.6], "size": [3, 2.14825, 1], "uv": [58, 222]},
						{"origin": [-18, 5.92587, -19.6], "size": [3, 2.14825, 1], "pivot": [-15, 7, -24], "rotation": [-22.5, 0, 0], "uv": [40, 222]},
						{"origin": [-18, 5.92587, -19.6], "size": [3, 2.14825, 1], "pivot": [-15, 7, -24], "rotation": [-45, 0, 0], "uv": [32, 222]},
						{"origin": [-18, 1.6, -25.07413], "size": [3, 1, 2.14825], "pivot": [-15, 7, -24], "rotation": [22.5, 0, 0], "uv": [215, 154]},
						{"origin": [-18, 1.6, -25.07413], "size": [3, 1, 2.14825], "uv": [215, 151]},
						{"origin": [-18, 1.6, -25.07413], "size": [3, 1, 2.14825], "pivot": [-15, 7, -24], "rotation": [-22.5, 0, 0], "uv": [215, 148]},
						{"origin": [-18, 11.4, -25.07413], "size": [3, 1, 2.14825], "pivot": [-15, 7, -24], "rotation": [22.5, 0, 0], "uv": [215, 84]},
						{"origin": [-18, 11.4, -25.07413], "size": [3, 1, 2.14825], "uv": [215, 81]},
						{"origin": [-18, 11.4, -25.07413], "size": [3, 1, 2.14825], "pivot": [-15, 7, -24], "rotation": [-22.5, 0, 0], "uv": [214, 170]}
					]
				},
				{
					"name": "rim2",
					"parent": "fronttire2",
					"pivot": [-33, 0, 0],
					"cubes": [
						{"origin": [-17.5, 2, -29], "size": [2, 10, 4], "uv": [16, 79]},
						{"origin": [-17.5, 2, -23], "size": [2, 10, 4], "uv": [0, 79]},
						{"origin": [-17.5, 8, -25], "size": [2, 4, 2], "uv": [0, 148]},
						{"origin": [-17.52, 9, -25], "size": [2, 3, 2], "uv": [216, 9]},
						{"origin": [-17.52, 9, -25], "size": [2, 3, 2], "pivot": [-16, 7, -24], "rotation": [72, 0, 0], "uv": [68, 216]},
						{"origin": [-17.52, 9, -25], "size": [2, 3, 2], "pivot": [-16, 7, -24], "rotation": [-72, 0, 0], "uv": [46, 216]},
						{"origin": [-17.52, 9, -25], "size": [2, 3, 2], "pivot": [-15, 7, -24], "rotation": [144, 0, 0], "uv": [30, 216]},
						{"origin": [-17.52, 9, -25], "size": [2, 3, 2], "pivot": [-15, 7, -24], "rotation": [-144, 0, 0], "uv": [194, 214]},
						{"origin": [-17.5, 2, -25], "size": [2, 4, 2], "uv": [147, 127]},
						{"origin": [-17, 6, -25], "size": [2, 2, 2], "uv": [24, 220]}
					]
				},
				{
					"name": "axlefront2",
					"parent": "fronttire2",
					"pivot": [-34, 0, 0],
					"cubes": [
						{"origin": [-17.52, 6.5, -24.5], "size": [1, 1, 1], "uv": [152, 71]},
						{"origin": [-17.52, 8, -24.5], "size": [1, 1, 1], "uv": [75, 152]},
						{"origin": [-17.52, 8, -24.5], "size": [1, 1, 1], "pivot": [-17, 7, -24], "rotation": [27.5, 0, 0], "uv": [151, 124]},
						{"origin": [-17.52, 8, -24.5], "size": [1, 1, 1], "pivot": [-17, 7, -24], "rotation": [55, 0, 0], "uv": [37, 150]},
						{"origin": [-17.52, 8, -24.5], "size": [1, 1, 1], "pivot": [-17, 7, -24], "rotation": [82.5, 0, 0], "uv": [27, 150]},
						{"origin": [-17.52, 8, -24.5], "size": [1, 1, 1], "pivot": [-17, 7, -24], "rotation": [110, 0, 0], "uv": [87, 149]},
						{"origin": [-17.52, 8, -24.5], "size": [1, 1, 1], "pivot": [-17, 7, -24], "rotation": [137.5, 0, 0], "uv": [81, 149]},
						{"origin": [-17.52, 8, -24.5], "size": [1, 1, 1], "pivot": [-17, 7, -24], "rotation": [165, 0, 0], "uv": [37, 148]},
						{"origin": [-17.52, 8, -24.5], "size": [1, 1, 1], "pivot": [-17, 7, -24], "rotation": [-167.5, 0, 0], "uv": [27, 148]},
						{"origin": [-17.52, 8, -24.5], "size": [1, 1, 1], "pivot": [-17, 7, -24], "rotation": [-140, 0, 0], "uv": [147, 124]},
						{"origin": [-17.52, 8, -24.5], "size": [1, 1, 1], "pivot": [-17, 7, -24], "rotation": [-112.5, 0, 0], "uv": [147, 121]},
						{"origin": [-17.52, 8, -24.5], "size": [1, 1, 1], "pivot": [-17, 7, -24], "rotation": [-85, 0, 0], "uv": [147, 119]},
						{"origin": [-17.52, 8, -24.5], "size": [1, 1, 1], "pivot": [-17, 7, -24], "rotation": [-57.5, 0, 0], "uv": [87, 147]},
						{"origin": [-17.52, 8, -24.5], "size": [1, 1, 1], "pivot": [-17, 7, -24], "rotation": [-30, 0, 0], "uv": [81, 147]}
					]
				},
				{
					"name": "backtires",
					"pivot": [0, 7, 24]
				},
				{
					"name": "backtire1",
					"parent": "backtires",
					"pivot": [17, 7, 24]
				},
				{
					"name": "btl",
					"parent": "backtire1",
					"pivot": [26, -1, 16],
					"cubes": [
						{"origin": [14.5, 5.60761, 17], "size": [4, 2.78477, 1.6], "pivot": [18, 7, 24], "rotation": [45, 0, 0], "uv": [137, 216]},
						{"origin": [14.5, 5.60761, 17], "size": [4, 2.78477, 1.6], "pivot": [18, 7, 24], "rotation": [22.5, 0, 0], "uv": [215, 167]},
						{"origin": [14.5, 5.60761, 17], "size": [4, 2.78477, 1.6], "uv": [215, 126]},
						{"origin": [14.5, 5.60761, 17], "size": [4, 2.78477, 1.6], "pivot": [18, 7, 24], "rotation": [-22.5, 0, 0], "uv": [215, 122]},
						{"origin": [14.5, 5.60761, 17], "size": [4, 2.78477, 1.6], "pivot": [18, 7, 24], "rotation": [-45, 0, 0], "uv": [215, 107]},
						{"origin": [14.5, 5.60761, 29.4], "size": [4, 2.78477, 1.6], "pivot": [18, 7, 24], "rotation": [45, 0, 0], "uv": [159, 215]},
						{"origin": [14.5, 5.60761, 29.4], "size": [4, 2.78477, 1.6], "pivot": [18, 7, 24], "rotation": [22.5, 0, 0], "uv": [214, 104]},
						{"origin": [14.5, 5.60761, 29.4], "size": [4, 2.78477, 1.6], "uv": [214, 101]},
						{"origin": [14.5, 5.60761, 29.4], "size": [4, 2.78477, 1.6], "pivot": [18, 7, 24], "rotation": [-22.5, 0, 0], "uv": [214, 98]},
						{"origin": [14.5, 5.60761, 29.4], "size": [4, 2.78477, 1.6], "pivot": [18, 7, 24], "rotation": [-45, 0, 0], "uv": [210, 214]},
						{"origin": [14.5, 0, 22.60761], "size": [4, 1.6, 2.78477], "pivot": [18, 7, 24], "rotation": [22.5, 0, 0], "uv": [199, 139]},
						{"origin": [14.5, 0, 22.60761], "size": [4, 1.6, 2.78477], "uv": [138, 196]},
						{"origin": [14.5, 0, 22.60761], "size": [4, 1.6, 2.78477], "pivot": [18, 7, 24], "rotation": [-22.5, 0, 0], "uv": [193, 111]},
						{"origin": [14.5, 12.4, 22.60761], "size": [4, 1.6, 2.78477], "pivot": [18, 7, 24], "rotation": [22.5, 0, 0], "uv": [134, 170]},
						{"origin": [14.5, 12.4, 22.60761], "size": [4, 1.6, 2.78477], "uv": [159, 122]},
						{"origin": [14.5, 12.4, 22.60761], "size": [4, 1.6, 2.78477], "pivot": [18, 7, 24], "rotation": [-22.5, 0, 0], "uv": [93, 148]}
					]
				},
				{
					"name": "brl",
					"parent": "backtire1",
					"pivot": [26, -1, 16],
					"cubes": [
						{"origin": [15, 5.92587, 18.6], "size": [3, 2.14825, 1], "pivot": [18, 7, 24], "rotation": [45, 0, 0], "uv": [16, 222]},
						{"origin": [15, 5.92587, 18.6], "size": [3, 2.14825, 1], "pivot": [18, 7, 24], "rotation": [22.5, 0, 0], "uv": [8, 222]},
						{"origin": [15, 5.92587, 18.6], "size": [3, 2.14825, 1], "uv": [221, 190]},
						{"origin": [15, 5.92587, 18.6], "size": [3, 2.14825, 1], "pivot": [18, 7, 24], "rotation": [-22.5, 0, 0], "uv": [221, 184]},
						{"origin": [15, 5.92587, 18.6], "size": [3, 2.14825, 1], "pivot": [18, 7, 24], "rotation": [-45, 0, 0], "uv": [221, 138]},
						{"origin": [15, 5.92587, 28.4], "size": [3, 2.14825, 1], "pivot": [18, 7, 24], "rotation": [45, 0, 0], "uv": [221, 129]},
						{"origin": [15, 5.92587, 28.4], "size": [3, 2.14825, 1], "pivot": [18, 7, 24], "rotation": [22.5, 0, 0], "uv": [221, 21]},
						{"origin": [15, 5.92587, 28.4], "size": [3, 2.14825, 1], "uv": [130, 221]},
						{"origin": [15, 5.92587, 28.4], "size": [3, 2.14825, 1], "pivot": [18, 7, 24], "rotation": [-22.5, 0, 0], "uv": [109, 221]},
						{"origin": [15, 5.92587, 28.4], "size": [3, 2.14825, 1], "pivot": [18, 7, 24], "rotation": [-45, 0, 0], "uv": [91, 221]},
						{"origin": [15, 1.6, 22.92587], "size": [3, 1, 2.14825], "pivot": [18, 7, 24], "rotation": [22.5, 0, 0], "uv": [128, 214]},
						{"origin": [15, 1.6, 22.92587], "size": [3, 1, 2.14825], "uv": [60, 214]},
						{"origin": [15, 1.6, 22.92587], "size": [3, 1, 2.14825], "pivot": [18, 7, 24], "rotation": [-22.5, 0, 0], "uv": [22, 214]},
						{"origin": [15, 11.4, 22.92587], "size": [3, 1, 2.14825], "pivot": [18, 7, 24], "rotation": [22.5, 0, 0], "uv": [12, 214]},
						{"origin": [15, 11.4, 22.92587], "size": [3, 1, 2.14825], "uv": [213, 111]},
						{"origin": [15, 11.4, 22.92587], "size": [3, 1, 2.14825], "pivot": [18, 7, 24], "rotation": [-22.5, 0, 0], "uv": [212, 204]}
					]
				},
				{
					"name": "rim3",
					"parent": "backtire1",
					"pivot": [0, 0, 48],
					"cubes": [
						{"origin": [15.5, 2, 19], "size": [2, 10, 4], "uv": [78, 33]},
						{"origin": [15.5, 2, 25], "size": [2, 10, 4], "uv": [0, 33]},
						{"origin": [15.5, 8, 23], "size": [2, 4, 2], "uv": [119, 131]},
						{"origin": [15.52, 9, 23], "size": [2, 3, 2], "uv": [40, 213]},
						{"origin": [15.52, 9, 23], "size": [2, 3, 2], "pivot": [17, 7, 24], "rotation": [72, 0, 0], "uv": [202, 212]},
						{"origin": [15.52, 9, 23], "size": [2, 3, 2], "pivot": [17, 7, 24], "rotation": [-72, 0, 0], "uv": [68, 211]},
						{"origin": [15.52, 9, 23], "size": [2, 3, 2], "pivot": [17, 7, 24], "rotation": [144, 0, 0], "uv": [48, 211]},
						{"origin": [15.52, 9, 23], "size": [2, 3, 2], "pivot": [17, 7, 24], "rotation": [-144, 0, 0], "uv": [32, 211]},
						{"origin": [15.5, 2, 23], "size": [2, 4, 2], "uv": [108, 131]},
						{"origin": [15, 6, 23], "size": [2, 2, 2], "uv": [192, 219]}
					]
				},
				{
					"name": "axleback",
					"parent": "backtire1",
					"pivot": [1, 0, 48],
					"cubes": [
						{"origin": [16.52, 6.5, 23.5], "size": [1, 1, 1], "uv": [146, 45]},
						{"origin": [16.52, 8, 23.5], "size": [1, 1, 1], "uv": [146, 43]},
						{"origin": [16.52, 8, 23.5], "size": [1, 1, 1], "pivot": [18, 7, 24], "rotation": [27.5, 0, 0], "uv": [93, 144]},
						{"origin": [16.52, 8, 23.5], "size": [1, 1, 1], "pivot": [18, 7, 24], "rotation": [55, 0, 0], "uv": [66, 144]},
						{"origin": [16.52, 8, 23.5], "size": [1, 1, 1], "pivot": [18, 7, 24], "rotation": [82.5, 0, 0], "uv": [142, 116]},
						{"origin": [16.52, 8, 23.5], "size": [1, 1, 1], "pivot": [18, 7, 24], "rotation": [110, 0, 0], "uv": [142, 78]},
						{"origin": [16.52, 8, 23.5], "size": [1, 1, 1], "pivot": [18, 7, 24], "rotation": [137.5, 0, 0], "uv": [93, 142]},
						{"origin": [16.52, 8, 23.5], "size": [1, 1, 1], "pivot": [18, 7, 24], "rotation": [165, 0, 0], "uv": [66, 142]},
						{"origin": [16.52, 8, 23.5], "size": [1, 1, 1], "pivot": [18, 7, 24], "rotation": [-167.5, 0, 0], "uv": [141, 94]},
						{"origin": [16.52, 8, 23.5], "size": [1, 1, 1], "pivot": [18, 7, 24], "rotation": [-140, 0, 0], "uv": [87, 139]},
						{"origin": [16.52, 8, 23.5], "size": [1, 1, 1], "pivot": [18, 7, 24], "rotation": [-112.5, 0, 0], "uv": [138, 116]},
						{"origin": [16.52, 8, 23.5], "size": [1, 1, 1], "pivot": [18, 7, 24], "rotation": [-85, 0, 0], "uv": [137, 94]},
						{"origin": [16.52, 8, 23.5], "size": [1, 1, 1], "pivot": [18, 7, 24], "rotation": [-57.5, 0, 0], "uv": [31, 135]},
						{"origin": [16.52, 8, 23.5], "size": [1, 1, 1], "pivot": [18, 7, 24], "rotation": [-30, 0, 0], "uv": [27, 135]}
					]
				},
				{
					"name": "backtire2",
					"parent": "backtires",
					"pivot": [-17, 7, 24]
				},
				{
					"name": "btr",
					"parent": "backtire2",
					"pivot": [-7, -1, 16],
					"cubes": [
						{"origin": [-18.5, 5.60761, 17], "size": [4, 2.78477, 1.6], "pivot": [-15, 7, 24], "rotation": [45, 0, 0], "uv": [212, 207]},
						{"origin": [-18.5, 5.60761, 17], "size": [4, 2.78477, 1.6], "pivot": [-15, 7, 24], "rotation": [22.5, 0, 0], "uv": [212, 134]},
						{"origin": [-18.5, 5.60761, 17], "size": [4, 2.78477, 1.6], "uv": [212, 131]},
						{"origin": [-18.5, 5.60761, 17], "size": [4, 2.78477, 1.6], "pivot": [-15, 7, 24], "rotation": [-22.5, 0, 0], "uv": [212, 23]},
						{"origin": [-18.5, 5.60761, 17], "size": [4, 2.78477, 1.6], "pivot": [-15, 7, 24], "rotation": [-45, 0, 0], "uv": [211, 190]},
						{"origin": [-18.5, 5.60761, 29.4], "size": [4, 2.78477, 1.6], "pivot": [-15, 7, 24], "rotation": [45, 0, 0], "uv": [211, 184]},
						{"origin": [-18.5, 5.60761, 29.4], "size": [4, 2.78477, 1.6], "pivot": [-15, 7, 24], "rotation": [22.5, 0, 0], "uv": [211, 139]},
						{"origin": [-18.5, 5.60761, 29.4], "size": [4, 2.78477, 1.6], "uv": [194, 211]},
						{"origin": [-18.5, 5.60761, 29.4], "size": [4, 2.78477, 1.6], "pivot": [-15, 7, 24], "rotation": [-22.5, 0, 0], "uv": [128, 211]},
						{"origin": [-18.5, 5.60761, 29.4], "size": [4, 2.78477, 1.6], "pivot": [-15, 7, 24], "rotation": [-45, 0, 0], "uv": [22, 211]},
						{"origin": [-18.5, 0, 22.60761], "size": [4, 1.6, 2.78477], "pivot": [-15, 7, 24], "rotation": [22.5, 0, 0], "uv": [66, 148]},
						{"origin": [-18.5, 0, 22.60761], "size": [4, 1.6, 2.78477], "uv": [145, 116]},
						{"origin": [-18.5, 0, 22.60761], "size": [4, 1.6, 2.78477], "pivot": [-15, 7, 24], "rotation": [-22.5, 0, 0], "uv": [93, 137]},
						{"origin": [-18.5, 12.4, 22.60761], "size": [4, 1.6, 2.78477], "pivot": [-15, 7, 24], "rotation": [22.5, 0, 0], "uv": [66, 137]},
						{"origin": [-18.5, 12.4, 22.60761], "size": [4, 1.6, 2.78477], "uv": [133, 91]},
						{"origin": [-18.5, 12.4, 22.60761], "size": [4, 1.6, 2.78477], "pivot": [-15, 7, 24], "rotation": [-22.5, 0, 0], "uv": [12, 130]}
					]
				},
				{
					"name": "brr",
					"parent": "backtire2",
					"pivot": [-7, -1, 16],
					"cubes": [
						{"origin": [-18, 5.92587, 18.6], "size": [3, 2.14825, 1], "pivot": [-15, 7, 24], "rotation": [45, 0, 0], "uv": [67, 221]},
						{"origin": [-18, 5.92587, 18.6], "size": [3, 2.14825, 1], "pivot": [-15, 7, 24], "rotation": [22.5, 0, 0], "uv": [140, 176]},
						{"origin": [-18, 5.92587, 18.6], "size": [3, 2.14825, 1], "uv": [158, 156]},
						{"origin": [-18, 5.92587, 18.6], "size": [3, 2.14825, 1], "pivot": [-15, 7, 24], "rotation": [-22.5, 0, 0], "uv": [11, 154]},
						{"origin": [-18, 5.92587, 18.6], "size": [3, 2.14825, 1], "pivot": [-15, 7, 24], "rotation": [-45, 0, 0], "uv": [0, 154]},
						{"origin": [-18, 5.92587, 28.4], "size": [3, 2.14825, 1], "pivot": [-15, 7, 24], "rotation": [45, 0, 0], "uv": [152, 67]},
						{"origin": [-18, 5.92587, 28.4], "size": [3, 2.14825, 1], "pivot": [-15, 7, 24], "rotation": [22.5, 0, 0], "uv": [147, 133]},
						{"origin": [-18, 5.92587, 28.4], "size": [3, 2.14825, 1], "uv": [119, 137]},
						{"origin": [-18, 5.92587, 28.4], "size": [3, 2.14825, 1], "pivot": [-15, 7, 24], "rotation": [-22.5, 0, 0], "uv": [108, 137]},
						{"origin": [-18, 5.92587, 28.4], "size": [3, 2.14825, 1], "pivot": [-15, 7, 24], "rotation": [-45, 0, 0], "uv": [80, 55]},
						{"origin": [-18, 1.6, 22.92587], "size": [3, 1, 2.14825], "pivot": [-15, 7, 24], "rotation": [22.5, 0, 0], "uv": [209, 19]},
						{"origin": [-18, 1.6, 22.92587], "size": [3, 1, 2.14825], "uv": [206, 168]},
						{"origin": [-18, 1.6, 22.92587], "size": [3, 1, 2.14825], "pivot": [-15, 7, 24], "rotation": [-22.5, 0, 0], "uv": [69, 201]},
						{"origin": [-18, 11.4, 22.92587], "size": [3, 1, 2.14825], "pivot": [-15, 7, 24], "rotation": [22.5, 0, 0], "uv": [95, 153]},
						{"origin": [-18, 11.4, 22.92587], "size": [3, 1, 2.14825], "uv": [120, 93]},
						{"origin": [-18, 11.4, 22.92587], "size": [3, 1, 2.14825], "pivot": [-15, 7, 24], "rotation": [-22.5, 0, 0], "uv": [100, 21]}
					]
				},
				{
					"name": "rim4",
					"parent": "backtire2",
					"pivot": [-33, 0, 48],
					"cubes": [
						{"origin": [-17.5, 2, 19], "size": [2, 10, 4], "uv": [16, 0]},
						{"origin": [-17.5, 2, 25], "size": [2, 10, 4], "uv": [0, 0]},
						{"origin": [-17.5, 8, 23], "size": [2, 4, 2], "uv": [80, 49]},
						{"origin": [-17.52, 9, 23], "size": [2, 3, 2], "uv": [135, 205]},
						{"origin": [-17.52, 9, 23], "size": [2, 3, 2], "pivot": [-16, 7, 24], "rotation": [72, 0, 0], "uv": [128, 196]},
						{"origin": [-17.52, 9, 23], "size": [2, 3, 2], "pivot": [-16, 7, 24], "rotation": [-72, 0, 0], "uv": [59, 184]},
						{"origin": [-17.52, 9, 23], "size": [2, 3, 2], "pivot": [-15, 7, 24], "rotation": [144, 0, 0], "uv": [181, 131]},
						{"origin": [-17.52, 9, 23], "size": [2, 3, 2], "pivot": [-15, 7, 24], "rotation": [-144, 0, 0], "uv": [43, 148]},
						{"origin": [-17.5, 2, 23], "size": [2, 4, 2], "uv": [34, 79]},
						{"origin": [-17, 6, 23], "size": [2, 2, 2], "uv": [176, 200]}
					]
				},
				{
					"name": "axleback2",
					"parent": "backtire2",
					"pivot": [-34, 0, 48],
					"cubes": [
						{"origin": [-17.52, 6.5, 23.5], "size": [1, 1, 1], "uv": [21, 135]},
						{"origin": [-17.52, 8, 23.5], "size": [1, 1, 1], "uv": [134, 116]},
						{"origin": [-17.52, 8, 23.5], "size": [1, 1, 1], "pivot": [-17, 7, 24], "rotation": [27.5, 0, 0], "uv": [134, 109]},
						{"origin": [-17.52, 8, 23.5], "size": [1, 1, 1], "pivot": [-17, 7, 24], "rotation": [55, 0, 0], "uv": [134, 60]},
						{"origin": [-17.52, 8, 23.5], "size": [1, 1, 1], "pivot": [-17, 7, 24], "rotation": [82.5, 0, 0], "uv": [93, 134]},
						{"origin": [-17.52, 8, 23.5], "size": [1, 1, 1], "pivot": [-17, 7, 24], "rotation": [110, 0, 0], "uv": [133, 94]},
						{"origin": [-17.52, 8, 23.5], "size": [1, 1, 1], "pivot": [-17, 7, 24], "rotation": [137.5, 0, 0], "uv": [133, 88]},
						{"origin": [-17.52, 8, 23.5], "size": [1, 1, 1], "pivot": [-17, 7, 24], "rotation": [165, 0, 0], "uv": [106, 131]},
						{"origin": [-17.52, 8, 23.5], "size": [1, 1, 1], "pivot": [-17, 7, 24], "rotation": [-167.5, 0, 0], "uv": [127, 87]},
						{"origin": [-17.52, 8, 23.5], "size": [1, 1, 1], "pivot": [-17, 7, 24], "rotation": [-140, 0, 0], "uv": [122, 90]},
						{"origin": [-17.52, 8, 23.5], "size": [1, 1, 1], "pivot": [-17, 7, 24], "rotation": [-112.5, 0, 0], "uv": [6, 121]},
						{"origin": [-17.52, 8, 23.5], "size": [1, 1, 1], "pivot": [-17, 7, 24], "rotation": [-85, 0, 0], "uv": [114, 114]},
						{"origin": [-17.52, 8, 23.5], "size": [1, 1, 1], "pivot": [-17, 7, 24], "rotation": [-57.5, 0, 0], "uv": [45, 101]},
						{"origin": [-17.52, 8, 23.5], "size": [1, 1, 1], "pivot": [-17, 7, 24], "rotation": [-30, 0, 0], "uv": [13, 76]}
					]
				}
			]
		}
	]
}