{
	"format_version": "1.12.0",
	"minecraft:geometry": [
		{
			"description": {
				"identifier": "geometry.bmwm1_pc_close",
				"texture_width": 256,
				"texture_height": 256,
				"visible_bounds_width": 8,
				"visible_bounds_height": 4,
				"visible_bounds_offset": [0, 1, 0]
			},
			"bones": [
				{
					"name": "front",
					"pivot": [0, 0, 0],
					"cubes": [
						{"origin": [17, 3, -33], "size": [1, 1, 1], "uv": [226, 24]},
						{"origin": [-18, 3, -33], "size": [1, 1, 1], "uv": [226, 17]},
						{"origin": [-17, 3, -33], "size": [34, 1, 1], "uv": [173, 59]},
						{"origin": [17, 5, -39], "size": [1, 9, 3], "uv": [84, 33]},
						{"origin": [17, 14, -37], "size": [1, 1, 1], "uv": [226, 13]},
						{"origin": [-18, 14, -37], "size": [1, 1, 1], "uv": [226, 226]},
						{"origin": [-18, 5, -39], "size": [1, 9, 3], "uv": [80, 61]},
						{"origin": [17, 6.9, -43], "size": [1, 6, 2], "uv": [173, 99]},
						{"origin": [-18, 6.9, -43], "size": [1, 6, 2], "uv": [165, 101]},
						{"origin": [17, 7.9, -44.8], "size": [1, 4, 2], "uv": [120, 111]},
						{"origin": [-18, 7.9, -44.8], "size": [1, 4, 2], "uv": [120, 103]},
						{"origin": [17, 11.9, -43.8], "size": [1, 1, 1], "uv": [200, 226]},
						{"origin": [-18, 11.9, -43.8], "size": [1, 1, 1], "uv": [196, 226]},
						{"origin": [17, 6.9, -43.8], "size": [1, 1, 1], "uv": [174, 226]},
						{"origin": [-18, 6.9, -43.8], "size": [1, 1, 1], "uv": [170, 226]},
						{"origin": [17, 6.9, -44.2], "size": [1, 1, 1], "uv": [154, 226]},
						{"origin": [-18, 6.9, -44.2], "size": [1, 1, 1], "uv": [150, 226]},
						{"origin": [17, 5.9, -42], "size": [1, 1, 1], "uv": [130, 226]},
						{"origin": [-18, 5.9, -42], "size": [1, 1, 1], "uv": [126, 226]},
						{"origin": [17, 5.9, -41], "size": [1, 8, 2], "uv": [0, 138]},
						{"origin": [-18, 5.9, -41], "size": [1, 8, 2], "uv": [34, 125]},
						{"origin": [17, 4, -36], "size": [1, 11, 4], "uv": [75, 93]},
						{"origin": [-18, 4, -36], "size": [1, 11, 4], "uv": [58, 93]},
						{"origin": [18, 3, -45], "size": [1, 1, 13], "uv": [106, 197]},
						{"origin": [-19, 3, -45], "size": [1, 1, 13], "uv": [91, 196]},
						{"origin": [18, 3, -45.79], "size": [1, 1, 1], "uv": [122, 226]},
						{"origin": [-19, 3, -45.79], "size": [1, 1, 1], "uv": [100, 226]},
						{"origin": [-18, 3, -45.79], "size": [36, 1, 1], "uv": [156, 22]},
						{"origin": [-18, 3, -44.79], "size": [36, 1, 12], "uv": [0, 33]},
						{"origin": [-17, 4, -43.79], "size": [11, 1, 8], "uv": [0, 194]},
						{"origin": [6, 4, -43.79], "size": [11, 1, 8], "uv": [146, 191]},
						{"origin": [-17, 5, -43.79], "size": [11, 1, 5], "uv": [34, 118]},
						{"origin": [6, 5, -43.79], "size": [11, 1, 5], "uv": [0, 116]},
						{"origin": [-17, 6, -43], "size": [34, 1, 1], "uv": [173, 57]},
						{"origin": [-17, 4, -44.79], "size": [11, 4, 1], "pivot": [10, 4, -45], "rotation": [-20, 0, 0], "uv": [0, 189]},
						{"origin": [-6, 4, -44.79], "size": [12, 0, 1], "pivot": [12, 4, -45], "rotation": [-20, 0, 0], "uv": [77, 59]},
						{"origin": [6, 4, -44.79], "size": [11, 4, 1], "pivot": [24, 4, -45], "rotation": [-20, 0, 0], "uv": [147, 131]},
						{"origin": [-6, 4, -44.3], "size": [12, 4, 1], "pivot": [12, 4, -45], "rotation": [-20, 0, 0], "uv": [111, 140]},
						{"origin": [17, 3, -45], "size": [1, 1, 12], "pivot": [18, 3, -33], "rotation": [-17.5, 0, 0], "uv": [28, 125]},
						{"origin": [-17, 3, -45], "size": [34, 1, 12], "pivot": [17, 3, -33], "rotation": [-17.5, 0, 0], "uv": [0, 61]},
						{"origin": [-18, 3, -45], "size": [1, 1, 12], "pivot": [-17, 3, -33], "rotation": [-17.5, 0, 0], "uv": [0, 125]},
						{"origin": [17, 6.735, -44.275], "size": [1, 1, 1], "pivot": [18, 8, -44], "rotation": [-47.5, 0, 0], "uv": [96, 226]},
						{"origin": [-18, 6.735, -44.275], "size": [1, 1, 1], "pivot": [-17, 8, -44], "rotation": [-47.5, 0, 0], "uv": [92, 226]},
						{"origin": [-17, 6.735, -44.275], "size": [34, 1, 1], "pivot": [17, 8, -44], "rotation": [-47.5, 0, 0], "uv": [173, 26]},
						{"origin": [17, 6.787, -47.55], "size": [1, 1, 4], "pivot": [18, 8, -44], "rotation": [-80, 0, 0], "uv": [174, 160]},
						{"origin": [-17, 11.17, -45.46], "size": [34, 1, 1], "pivot": [17, 11, -45], "rotation": [-90, 0, 0], "uv": [163, 173]},
						{"origin": [-18, 11.17, -45.46], "size": [1, 1, 1], "pivot": [-17, 11, -45], "rotation": [-90, 0, 0], "uv": [88, 226]},
						{"origin": [-18, 6.787, -47.55], "size": [1, 1, 4], "pivot": [-17, 8, -44], "rotation": [-80, 0, 0], "uv": [174, 151]},
						{"origin": [-3, 6.5, -47.55], "size": [1, 1, 4], "pivot": [-2, 8, -44], "rotation": [-80, 0, 0], "uv": [174, 146]},
						{"origin": [-2, 6.8, -46.55], "size": [4, 1, 3], "pivot": [-1, 8, -44], "rotation": [-80, 0, 0], "uv": [212, 128]},
						{"origin": [-3, 6.5, -48.2], "size": [6, 1, 1], "pivot": [-1, 8, -44], "rotation": [-80, 0, 0], "uv": [141, 71]},
						{"origin": [-3, 6.5, -48.45], "size": [6, 1, 1], "pivot": [-1, 8, -44], "rotation": [-80, 0, 0], "uv": [121, 55]},
						{"origin": [-3, 6.5, -43.7], "size": [6, 1, 1], "pivot": [-1, 8, -44], "rotation": [-80, 0, 0], "uv": [0, 58]},
						{"origin": [-3, 5.5, -42.65], "size": [6, 1, 1], "pivot": [-1, 8, -43], "rotation": [-80, 0, 0], "uv": [0, 12]},
						{"origin": [2, 6.5, -47.55], "size": [1, 1, 4], "pivot": [3, 8, -44], "rotation": [-80, 0, 0], "uv": [173, 93]},
						{"origin": [-0.5, 6.5, -46.55], "size": [1, 1, 2], "pivot": [1, 8, -44], "rotation": [-80, 0, 0], "uv": [196, 207]},
						{"origin": [-0.5, 6.5, -47.5], "size": [1, 1, 1], "pivot": [1, 8, -44], "rotation": [-80, 0, 0], "uv": [84, 226]},
						{"origin": [-0.5, 6.5, -44.6], "size": [1, 1, 1], "pivot": [1, 8, -44], "rotation": [-80, 0, 0], "uv": [65, 226]},
						{"origin": [-16, 7.3, -46.55], "size": [3, 1, 3], "pivot": [-15, 8, -44], "rotation": [-80, 0, 0], "uv": [13, 138]},
						{"origin": [-13, 7.3, -46.55], "size": [10, 1, 3], "pivot": [-12, 8, -44], "rotation": [-80, 0, 0], "uv": [173, 77]},
						{"origin": [3, 7.3, -46.55], "size": [10, 1, 3], "pivot": [4, 8, -44], "rotation": [-80, 0, 0], "uv": [144, 114]},
						{"origin": [13, 7.3, -46.55], "size": [3, 1, 3], "pivot": [14, 8, -44], "rotation": [-80, 0, 0], "uv": [69, 133]},
						{"origin": [-17, 7.3, -46.55], "size": [1, 1, 3], "pivot": [-16, 8, -44], "rotation": [-80, 0, 0], "uv": [219, 220]},
						{"origin": [16, 7.3, -46.55], "size": [1, 1, 3], "pivot": [17, 8, -44], "rotation": [-80, 0, 0], "uv": [211, 220]},
						{"origin": [8, 6.787, -47.55], "size": [9, 1, 1], "pivot": [17, 8, -44], "rotation": [-80, 0, 0], "uv": [0, 122]},
						{"origin": [-17, 6.787, -47.55], "size": [9, 1, 1], "pivot": [-8, 8, -44], "rotation": [-80, 0, 0], "uv": [121, 71]},
						{"origin": [-8, 6.787, -47.55], "size": [16, 1, 1], "pivot": [1, 8, -44], "rotation": [-80, 0, 0], "uv": [100, 30]},
						{"origin": [17, 11, -45], "size": [1, 1, 1], "uv": [61, 226]},
						{"origin": [17.1, 11, -45], "size": [1, 1, 15], "uv": [54, 175]},
						{"origin": [-18.1, 11, -45], "size": [1, 1, 15], "uv": [58, 93]},
						{"origin": [17.1, 11, -18], "size": [1, 1, 5], "uv": [14, 125]},
						{"origin": [-18.1, 11, -18], "size": [1, 1, 5], "uv": [0, 125]},
						{"origin": [17.1, 11, 12], "size": [1, 1, 6], "uv": [86, 202]},
						{"origin": [-18.1, 11, 12], "size": [1, 1, 6], "uv": [54, 182]},
						{"origin": [-18, 11, 38.1], "size": [36, 1, 1], "uv": [134, 20]},
						{"origin": [17.1, 11, 38.1], "size": [1, 1, 1], "uv": [28, 226]},
						{"origin": [-18.1, 11, 38.1], "size": [1, 1, 1], "uv": [24, 226]},
						{"origin": [17.1, 11, 30], "size": [1, 1, 9], "uv": [173, 99]},
						{"origin": [-18.1, 11, 30], "size": [1, 1, 9], "uv": [144, 103]},
						{"origin": [-17, 11, -45], "size": [34, 1, 1], "uv": [172, 144]},
						{"origin": [-3, 11, -45.1], "size": [1, 1, 1], "uv": [12, 226]},
						{"origin": [-2, 11, -45.1], "size": [4, 1, 1], "uv": [80, 113]},
						{"origin": [2, 11, -45.1], "size": [1, 1, 1], "uv": [225, 162]},
						{"origin": [-18, 11, -45], "size": [1, 1, 1], "uv": [225, 155]},
						{"origin": [17, 12, -45], "size": [1, 2, 1], "pivot": [18, 12, -45], "rotation": [-50, 0, 0], "uv": [166, 97]},
						{"origin": [-18, 12, -45], "size": [1, 2, 1], "pivot": [-17, 12, -45], "rotation": [-50, 0, 0], "uv": [116, 145]},
						{"origin": [8, 12, -45], "size": [9, 2, 1], "pivot": [-16, 12, -45], "rotation": [-50, 0, 0], "uv": [147, 136]},
						{"origin": [-17, 12, -45], "size": [9, 2, 1], "pivot": [-41, 12, -45], "rotation": [-50, 0, 0], "uv": [93, 115]},
						{"origin": [-8, 12, -45], "size": [16, 2, 1], "pivot": [-32, 12, -45], "rotation": [-50, 0, 0], "uv": [121, 48]},
						{"origin": [17, 13.59117, -44.14], "size": [1, 7, 1], "pivot": [18, 13, -44], "rotation": [-75, 0, 0], "uv": [207, 220]},
						{"origin": [-17, 13.59117, -44.14], "size": [9, 7, 1], "pivot": [17, 13, -44], "rotation": [-75, 0, 0], "uv": [198, 111]},
						{"origin": [8, 13.59117, -44.14], "size": [9, 7, 1], "pivot": [42, 13, -44], "rotation": [-75, 0, 0], "uv": [197, 96]},
						{"origin": [-8, 13.59117, -44.14], "size": [16, 7, 1], "pivot": [33, 13, -44], "rotation": [-75, 0, 0], "uv": [196, 183]},
						{"origin": [-18, 13.59117, -44.14], "size": [1, 7, 1], "pivot": [-17, 13, -44], "rotation": [-75, 0, 0], "uv": [184, 220]},
						{"origin": [17, 15.301, -37.07], "size": [1, 15, 1], "pivot": [18, 15, -37], "rotation": [-85, 0, 0], "uv": [49, 211]},
						{"origin": [8, 15.301, -37.07], "size": [9, 15, 1], "pivot": [17, 15, -37], "rotation": [-85, 0, 0], "uv": [100, 0]},
						{"origin": [-17, 15.301, -37.07], "size": [9, 15, 1], "pivot": [-8, 15, -37], "rotation": [-85, 0, 0], "uv": [34, 92]},
						{"origin": [-8, 15.301, -37.07], "size": [16, 15, 1], "pivot": [1, 15, -37], "rotation": [-85, 0, 0], "uv": [104, 180]},
						{"origin": [-18, 15.301, -37.07], "size": [1, 15, 1], "pivot": [-17, 15, -37], "rotation": [-85, 0, 0], "uv": [158, 30]},
						{"origin": [17, 16.23, -22.402], "size": [1, 7, 1], "pivot": [18, 16, -22], "rotation": [-90, 0, 0], "uv": [180, 220]},
						{"origin": [-18, 16.23, -22.402], "size": [1, 7, 1], "pivot": [-17, 16, -22], "rotation": [-90, 0, 0], "uv": [206, 4]},
						{"origin": [-17, 16.23, -22.402], "size": [9, 7, 1], "pivot": [-16, 16, -22], "rotation": [-90, 0, 0], "uv": [197, 88]},
						{"origin": [8, 16.23, -22.402], "size": [9, 7, 1], "pivot": [9, 16, -22], "rotation": [-90, 0, 0], "uv": [32, 178]},
						{"origin": [-8, 16.23, -22.402], "size": [16, 7, 1], "pivot": [0, 16, -22], "rotation": [-90, 0, 0], "uv": [196, 175]}
					]
				},
				{
					"name": "frontfenders",
					"parent": "front",
					"pivot": [0, 0, 0],
					"cubes": [
						{"origin": [17, 9, -32], "size": [1, 6, 1], "uv": [183, 114]},
						{"origin": [-18, 9, -32], "size": [1, 6, 1], "uv": [97, 183]},
						{"origin": [17, 9, -17], "size": [1, 6, 1], "uv": [88, 183]},
						{"origin": [-18, 9, -17], "size": [1, 6, 1], "uv": [79, 178]},
						{"origin": [17, 11, -18], "size": [1, 4, 1], "uv": [0, 125]},
						{"origin": [-18, 11, -18], "size": [1, 4, 1], "uv": [61, 118]},
						{"origin": [17, 11, -31], "size": [1, 4, 1], "uv": [34, 118]},
						{"origin": [-18, 11, -31], "size": [1, 4, 1], "uv": [27, 116]},
						{"origin": [17, 12, -30], "size": [1, 3, 1], "uv": [8, 226]},
						{"origin": [-18, 12, -30], "size": [1, 3, 1], "uv": [4, 226]},
						{"origin": [-18, 12, -19], "size": [1, 3, 1], "uv": [0, 226]},
						{"origin": [17, 12, -19], "size": [1, 3, 1], "uv": [225, 209]},
						{"origin": [17, 13, -20], "size": [1, 2, 1], "uv": [141, 124]},
						{"origin": [-18, 13, -20], "size": [1, 2, 1], "uv": [141, 120]},
						{"origin": [17, 13, -29], "size": [1, 2, 1], "uv": [22, 138]},
						{"origin": [-18, 13, -29], "size": [1, 2, 1], "uv": [63, 137]},
						{"origin": [17, 14, -28], "size": [1, 1, 2], "uv": [20, 207]},
						{"origin": [-18, 14, -28], "size": [1, 1, 2], "uv": [206, 163]},
						{"origin": [17, 14, -22], "size": [1, 1, 2], "uv": [206, 160]},
						{"origin": [-18, 14, -22], "size": [1, 1, 2], "uv": [40, 206]},
						{"origin": [17, 15, -26], "size": [1, 1, 10], "uv": [173, 88]},
						{"origin": [-18, 15, -26], "size": [1, 1, 10], "uv": [0, 163]}
					]
				},
				{
					"name": "hexadecagon",
					"parent": "frontfenders",
					"pivot": [27, -1, -7],
					"cubes": [
						{"origin": [18, 5.4087, -32], "size": [2, 3.1826, 1], "pivot": [19, 7, -24], "rotation": [-45, 0, 0], "uv": [40, 202]},
						{"origin": [18, 5.4087, -17], "size": [2, 3.1826, 1], "pivot": [19, 7, -24], "rotation": [45, 0, 0], "uv": [183, 122]},
						{"origin": [18, 14, -25.5913], "size": [2, 1, 3.1826], "pivot": [19, 7, -24], "rotation": [22.5, 0, 0], "uv": [106, 204]},
						{"origin": [18, 14, -25.5913], "size": [2, 1, 3.1826], "uv": [121, 203]},
						{"origin": [18, 14, -25.5913], "size": [2, 1, 3.1826], "pivot": [19, 7, -24], "rotation": [-22.5, 0, 0], "uv": [16, 203]}
					]
				},
				{
					"name": "yes",
					"parent": "hexadecagon",
					"pivot": [20.5, 11.6, -31],
					"rotation": [0, 0, 7.5],
					"cubes": [
						{"origin": [18, 5.4087, -32], "size": [2, 3.1826, 1], "pivot": [19, 7, -24], "rotation": [-22.5, 0, 0], "uv": [62, 182]},
						{"origin": [18, 3.4087, -32], "size": [2, 5.1826, 1], "uv": [25, 92]}
					]
				},
				{
					"name": "no",
					"parent": "hexadecagon",
					"pivot": [20.5, 11.6, -17],
					"rotation": [0, 0, 7.5],
					"cubes": [
						{"origin": [18, 5.4087, -17], "size": [2, 3.1826, 1], "pivot": [19, 7, -24], "rotation": [22.5, 0, 0], "uv": [54, 182]},
						{"origin": [18, 3.4087, -17], "size": [2, 5.1826, 1], "uv": [16, 92]}
					]
				},
				{
					"name": "hexadecagon5",
					"parent": "frontfenders",
					"pivot": [24, -1, -7],
					"cubes": [
						{"origin": [-17.5, 5.4087, -32], "size": [35, 3.1826, 1], "pivot": [16, 7, -24], "rotation": [-45, 0, 0], "uv": [27, 156]},
						{"origin": [-17.5, 5.4087, -17], "size": [35, 3.1826, 1], "pivot": [16, 7, -24], "rotation": [45, 0, 0], "uv": [147, 140]},
						{"origin": [-17.5, 14, -25.5913], "size": [35, 1, 3.1826], "pivot": [16, 7, -24], "rotation": [22.5, 0, 0], "uv": [100, 26]},
						{"origin": [-17.5, 14, -25.5913], "size": [35, 1, 3.1826], "uv": [93, 97]},
						{"origin": [-17.5, 14, -25.5913], "size": [35, 1, 3.1826], "pivot": [16, 7, -24], "rotation": [-22.5, 0, 0], "uv": [94, 88]}
					]
				},
				{
					"name": "yes3",
					"parent": "hexadecagon5",
					"pivot": [17.5, 11.6, -31],
					"cubes": [
						{"origin": [-17.5, 5.4087, -32], "size": [35, 3.1826, 1], "pivot": [16, 7, -24], "rotation": [-22.5, 0, 0], "uv": [134, 16]},
						{"origin": [-17.5, 3.4087, -32], "size": [35, 5.1826, 1], "uv": [134, 6]},
						{"origin": [17, 3, -32], "size": [2, 1.1826, 1], "uv": [204, 128]},
						{"origin": [17, 3, -17], "size": [2, 1.1826, 1], "uv": [201, 55]},
						{"origin": [-19, 3, -17], "size": [2, 1.1826, 1], "uv": [200, 28]},
						{"origin": [-19, 3, -32], "size": [2, 1.1826, 1], "uv": [199, 171]}
					]
				},
				{
					"name": "no3",
					"parent": "hexadecagon5",
					"pivot": [17.5, 11.6, -17],
					"cubes": [
						{"origin": [-17.5, 5.4087, -17], "size": [35, 3.1826, 1], "pivot": [16, 7, -24], "rotation": [22.5, 0, 0], "uv": [134, 12]},
						{"origin": [-17.5, 3.4087, -17], "size": [35, 5.1826, 1], "uv": [134, 0]}
					]
				},
				{
					"name": "hexadecagon4",
					"parent": "frontfenders",
					"pivot": [-12, -1, -7],
					"cubes": [
						{"origin": [-20, 5.4087, -32], "size": [2, 3.1826, 1], "pivot": [-20, 7, -24], "rotation": [-45, 0, 0], "uv": [62, 175]},
						{"origin": [-20, 5.4087, -17], "size": [2, 3.1826, 1], "pivot": [-20, 7, -24], "rotation": [45, 0, 0], "uv": [54, 175]},
						{"origin": [-20, 14, -25.5913], "size": [2, 1, 3.1826], "pivot": [-20, 7, -24], "rotation": [22.5, 0, 0], "uv": [94, 202]},
						{"origin": [-20, 14, -25.5913], "size": [2, 1, 3.1826], "uv": [106, 200]},
						{"origin": [-20, 14, -25.5913], "size": [2, 1, 3.1826], "pivot": [-20, 7, -24], "rotation": [-22.5, 0, 0], "uv": [121, 199]}
					]
				},
				{
					"name": "yes2",
					"parent": "hexadecagon4",
					"pivot": [-20.5, 11.6, -31],
					"rotation": [0, 0, -7.5],
					"cubes": [
						{"origin": [-20, 5.4087, -32], "size": [2, 3.1826, 1], "pivot": [-20, 7, -24], "rotation": [-22.5, 0, 0], "uv": [76, 141]},
						{"origin": [-20, 3.4087, -32], "size": [2, 5.1826, 1], "uv": [8, 92]}
					]
				},
				{
					"name": "no2",
					"parent": "hexadecagon4",
					"pivot": [-20.5, 11.6, -17],
					"rotation": [0, 0, -7.5],
					"cubes": [
						{"origin": [-20, 5.4087, -17], "size": [2, 3.1826, 1], "pivot": [-20, 7, -24], "rotation": [22.5, 0, 0], "uv": [68, 141]},
						{"origin": [-20, 3.4087, -17], "size": [2, 5.1826, 1], "uv": [0, 92]}
					]
				},
				{
					"name": "popups",
					"parent": "front",
					"pivot": [0, -3, 0]
				},
				{
					"name": "ppl",
					"parent": "popups",
					"pivot": [0, -3, 0],
					"cubes": [
						{"origin": [11, 10, -43], "size": [6, 3, 1], "uv": [67, 212]},
						{"origin": [11, 10, -42], "size": [6, 2, 1], "uv": [205, 154]},
						{"origin": [11, 9.5, -41], "size": [6, 2, 1], "uv": [196, 191]},
						{"origin": [11, 12, -42], "size": [6, 1, 4], "pivot": [17, 13, -42], "rotation": [-27.5, 0, 0], "uv": [34, 108]}
					]
				},
				{
					"name": "ppr",
					"parent": "popups",
					"pivot": [-28, -3, 0],
					"cubes": [
						{"origin": [-17, 10, -43], "size": [6, 3, 1], "uv": [211, 77]},
						{"origin": [-17, 10, -42], "size": [6, 2, 1], "uv": [0, 174]},
						{"origin": [-17, 9.5, -41], "size": [6, 2, 1], "uv": [41, 153]},
						{"origin": [-17, 12, -42], "size": [6, 1, 4], "pivot": [-11, 13, -42], "rotation": [-27.5, 0, 0], "uv": [100, 16]}
					]
				},
				{
					"name": "mid",
					"pivot": [0, 0, 0],
					"cubes": [
						{"origin": [17, 3, -16], "size": [1, 13, 3], "uv": [33, 211]},
						{"origin": [-18, 3, -16], "size": [1, 13, 3], "uv": [98, 210]},
						{"origin": [16, 3, -16], "size": [1, 13, 3], "uv": [90, 210]},
						{"origin": [-17, 3, -16], "size": [1, 13, 3], "uv": [111, 145]},
						{"origin": [17, 3, 12], "size": [1, 13, 4], "uv": [10, 203]},
						{"origin": [16, 3, 12], "size": [1, 13, 4], "uv": [0, 203]},
						{"origin": [-18, 3, 12], "size": [1, 13, 4], "uv": [148, 30]},
						{"origin": [-17, 3, 12], "size": [1, 13, 4], "uv": [0, 74]},
						{"origin": [17, 3, -13], "size": [1, 2, 25], "uv": [146, 57]},
						{"origin": [-18, 3, -13], "size": [1, 2, 25], "uv": [84, 140]},
						{"origin": [16, 3, -13], "size": [1, 2, 25], "uv": [137, 30]},
						{"origin": [-17, 3, -13], "size": [1, 2, 25], "uv": [57, 129]},
						{"origin": [3, 10, -14], "size": [13, 3, 5], "uv": [174, 131]},
						{"origin": [3, 10, -9], "size": [13, 1, 1], "uv": [121, 51]},
						{"origin": [3, 12.2, -14], "size": [12, 4, 4], "uv": [0, 24]},
						{"origin": [15, 13, -13], "size": [1, 3, 4], "uv": [94, 60]},
						{"origin": [-16, 4, -15], "size": [32, 6, 1], "uv": [97, 173]},
						{"origin": [-16, 10, -14], "size": [13, 6, 5], "uv": [78, 48]},
						{"origin": [-3, 4, -14], "size": [6, 12, 5], "uv": [65, 74]},
						{"origin": [-3, 4, -9], "size": [6, 4, 22], "uv": [100, 0]},
						{"origin": [17.1, 3, -16], "size": [1, 1, 32], "uv": [0, 92]},
						{"origin": [-18.1, 3, -16], "size": [1, 1, 32], "uv": [60, 60]},
						{"origin": [-17, 3, -16], "size": [34, 1, 32], "uv": [0, 0]},
						{"origin": [-13, 3, -31], "size": [26, 1, 14], "uv": [82, 33]},
						{"origin": [12, 4, -31], "size": [1, 10, 14], "uv": [0, 92]},
						{"origin": [-13, 4, -31], "size": [1, 10, 14], "uv": [0, 0]},
						{"origin": [-12, 3, 16], "size": [24, 1, 17], "pivot": [9, 2, 16], "rotation": [3.7, 0, 0], "uv": [0, 74]},
						{"origin": [17, 15.402, -15], "size": [1, 1, 2], "uv": [205, 149]},
						{"origin": [-18, 15.402, -15], "size": [1, 1, 2], "uv": [205, 146]},
						{"origin": [17, 15.402, 12], "size": [1, 1, 26], "uv": [28, 126]},
						{"origin": [-18, 15.402, 12], "size": [1, 1, 26], "uv": [0, 125]}
					]
				},
				{
					"name": "cabinex",
					"parent": "mid",
					"pivot": [0, 0, 0],
					"cubes": [
						{"origin": [16, 16, -15], "size": [1, 18, 1], "pivot": [17, 16, -15], "rotation": [-60, 0, 0], "uv": [45, 211]},
						{"origin": [15, 18, -15], "size": [1, 14, 1], "pivot": [16, 16, -15], "rotation": [-60, 0, 0], "uv": [85, 93]},
						{"origin": [-16, 16, -15], "size": [32, 2, 1], "pivot": [16, 16, -15], "rotation": [-60, 0, 0], "uv": [173, 68]},
						{"origin": [-16, 32, -15], "size": [32, 1, 1], "pivot": [16, 16, -15], "rotation": [-60, 0, 0], "uv": [173, 75]},
						{"origin": [-16, 18, -15], "size": [1, 14, 1], "pivot": [-15, 16, -15], "rotation": [-60, 0, 0], "uv": [68, 93]},
						{"origin": [-17, 16, -15], "size": [1, 18, 1], "pivot": [-16, 16, -15], "rotation": [-60, 0, 0], "uv": [41, 211]},
						{"origin": [-16, 33, -15], "size": [32, 1, 1], "pivot": [-15, 16, -15], "rotation": [-60, 0, 0], "uv": [173, 73]},
						{"origin": [16, 24.59, 0.965], "size": [1, 1, 1], "pivot": [17, 25, 1], "rotation": [-85, 0, 0], "uv": [225, 124]},
						{"origin": [-17, 24.59, 0.965], "size": [1, 1, 1], "pivot": [-16, 25, 1], "rotation": [-85, 0, 0], "uv": [225, 121]},
						{"origin": [-16, 24.59, 0.965], "size": [32, 1, 1], "pivot": [-15, 25, 1], "rotation": [-85, 0, 0], "uv": [173, 71]},
						{"origin": [16, 24.585, 1.914], "size": [1, 8, 1], "pivot": [17, 25, 2], "rotation": [-90, 0, 0], "uv": [140, 180]},
						{"origin": [-16, 24.585, 1.914], "size": [32, 8, 1], "pivot": [16, 25, 2], "rotation": [-90, 0, 0], "uv": [164, 36]},
						{"origin": [-17, 24.585, 1.914], "size": [1, 8, 1], "pivot": [-16, 25, 2], "rotation": [-90, 0, 0], "uv": [6, 138]},
						{"origin": [16, 16, 15], "size": [1, 6, 1], "pivot": [17, 17, 15], "rotation": [-80, 0, 0], "uv": [88, 175]},
						{"origin": [-17, 16, 15], "size": [1, 6, 1], "pivot": [17, 17, 15], "rotation": [-80, 0, 0], "uv": [174, 122]},
						{"origin": [16, 17, 16], "size": [1, 5, 2], "pivot": [17, 17, 15], "rotation": [-80, 0, 0], "uv": [25, 0]},
						{"origin": [-17, 17, 16], "size": [1, 5, 2], "pivot": [17, 17, 15], "rotation": [-80, 0, 0], "uv": [16, 0]},
						{"origin": [16, 17.5, 18.11657], "size": [1, 1, 3], "pivot": [17, 18, 20], "rotation": [-87.5, 0, 0], "uv": [157, 220]},
						{"origin": [-17, 17.5, 18.11657], "size": [1, 1, 3], "pivot": [17, 18, 20], "rotation": [-87.5, 0, 0], "uv": [69, 220]},
						{"origin": [16, 18.5, 18.11657], "size": [1, 1, 3], "pivot": [17, 18, 20], "rotation": [-87.5, 0, 0], "uv": [219, 194]},
						{"origin": [16, 18.5, 17.8], "size": [1, 1, 1], "pivot": [17, 18, 20], "rotation": [-87.5, 0, 0], "uv": [225, 109]},
						{"origin": [-17, 18.5, 18.11657], "size": [1, 1, 3], "pivot": [17, 18, 20], "rotation": [-87.5, 0, 0], "uv": [219, 165]},
						{"origin": [16, 18, 21.11657], "size": [1, 1, 2], "pivot": [17, 18, 20], "rotation": [-87.5, 0, 0], "uv": [86, 205]},
						{"origin": [-17, 18, 21.11657], "size": [1, 1, 2], "pivot": [17, 18, 20], "rotation": [-87.5, 0, 0], "uv": [67, 205]},
						{"origin": [16, 17.5, 17.99], "size": [1, 1, 1], "pivot": [17, 18, 20], "rotation": [-87.5, 0, 0], "uv": [225, 77]},
						{"origin": [-17, 17.5, 17.99], "size": [1, 1, 1], "pivot": [17, 18, 20], "rotation": [-87.5, 0, 0], "uv": [225, 15]},
						{"origin": [16, 24.58, 9.935], "size": [1, 3, 1], "pivot": [17, 25, 10], "rotation": [-92.5, 0, 0], "uv": [225, 169]},
						{"origin": [-16, 24.58, 9.935], "size": [32, 3, 1], "pivot": [16, 25, 10], "rotation": [-92.5, 0, 0], "uv": [173, 61]},
						{"origin": [-17, 24.58, 9.935], "size": [1, 3, 1], "pivot": [-16, 25, 10], "rotation": [-92.5, 0, 0], "uv": [225, 158]},
						{"origin": [16, 24.59, 13.14], "size": [1, 27, 1], "pivot": [17, 25, 13], "rotation": [-105, 0, 0], "uv": [138, 199]},
						{"origin": [16, 15, 21], "size": [1, 3, 14], "uv": [124, 182]},
						{"origin": [16.1, 17, 22], "size": [1, 2, 10], "uv": [84, 140]},
						{"origin": [-17.1, 17, 22], "size": [1, 2, 10], "uv": [28, 138]},
						{"origin": [-17, 15, 21], "size": [1, 3, 14], "uv": [180, 180]},
						{"origin": [16, 18, 21], "size": [1, 2, 6], "uv": [40, 138]},
						{"origin": [-17, 18, 21], "size": [1, 2, 6], "uv": [0, 92]},
						{"origin": [16, 31.59, 14.14], "size": [1, 20, 1], "pivot": [17, 25, 13], "rotation": [-105, 0, 0], "uv": [84, 129]},
						{"origin": [-17, 31.59, 14.14], "size": [1, 20, 1], "pivot": [17, 25, 13], "rotation": [-105, 0, 0], "uv": [114, 48]},
						{"origin": [16, 33.59, 15.14], "size": [1, 18, 1], "pivot": [17, 25, 13], "rotation": [-105, 0, 0], "uv": [166, 210]},
						{"origin": [-17, 33.59, 15.14], "size": [1, 18, 1], "pivot": [17, 25, 13], "rotation": [-105, 0, 0], "uv": [88, 129]},
						{"origin": [-16, 24.59, 13.14], "size": [32, 2, 1], "pivot": [16, 25, 13], "rotation": [-105, 0, 0], "uv": [173, 65]},
						{"origin": [-17, 24.59, 13.14], "size": [1, 27, 1], "pivot": [-16, 25, 13], "rotation": [-105, 0, 0], "uv": [134, 199]},
						{"origin": [16, 24.68, 14.14], "size": [1, 4, 1], "pivot": [17, 25, 13], "rotation": [-105, 0, 0], "uv": [0, 116]},
						{"origin": [-17, 24.68, 14.14], "size": [1, 4, 1], "pivot": [17, 25, 13], "rotation": [-105, 0, 0], "uv": [113, 106]},
						{"origin": [16, 23.22823, 15.9], "size": [1, 5, 1], "pivot": [17, 23, 16], "rotation": [-125, 0, 0], "uv": [48, 138]},
						{"origin": [-17, 23.22823, 15.9], "size": [1, 5, 1], "pivot": [17, 23, 16], "rotation": [-125, 0, 0], "uv": [40, 138]},
						{"origin": [16, 27.315, 15.9], "size": [1, 1, 1], "pivot": [17, 23, 16], "rotation": [-125, 0, 0], "uv": [224, 201]},
						{"origin": [-17, 27.315, 15.9], "size": [1, 1, 1], "pivot": [17, 23, 16], "rotation": [-125, 0, 0], "uv": [224, 94]},
						{"origin": [16, 23.22823, 14.9], "size": [1, 6, 1], "pivot": [17, 23, 16], "rotation": [-125, 0, 0], "uv": [174, 114]},
						{"origin": [-17, 23.22823, 14.9], "size": [1, 6, 1], "pivot": [17, 23, 16], "rotation": [-125, 0, 0], "uv": [155, 156]},
						{"origin": [-16, 17, 24], "size": [32, 1, 14], "uv": [0, 46]},
						{"origin": [-16, 19, 26], "size": [32, 1, 3], "uv": [27, 171]},
						{"origin": [-16, 17.9, 30], "size": [32, 1, 3], "uv": [97, 167]},
						{"origin": [-17, 4, 15], "size": [5, 11, 1], "uv": [0, 61]},
						{"origin": [12, 4, 15], "size": [5, 11, 1], "uv": [0, 46]},
						{"origin": [-17, 4, 32], "size": [5, 11, 1], "uv": [0, 33]},
						{"origin": [12, 4, 32], "size": [5, 11, 1], "uv": [0, 0]},
						{"origin": [-13, 4, 16], "size": [1, 11, 16], "uv": [70, 175]},
						{"origin": [-16, 15, 24], "size": [4, 2, 1], "uv": [197, 220]},
						{"origin": [-12, 4, 24], "size": [24, 13, 1], "uv": [121, 57]},
						{"origin": [12, 15, 24], "size": [4, 2, 1], "uv": [170, 220]},
						{"origin": [12, 4, 16], "size": [1, 11, 16], "uv": [36, 175]},
						{"origin": [-17, 14.05, 16], "size": [4, 1, 16], "uv": [174, 114]},
						{"origin": [13, 14.05, 16], "size": [4, 1, 16], "uv": [120, 103]},
						{"origin": [-16, 20.2, 22], "size": [32, 1, 3], "uv": [27, 167]},
						{"origin": [-16, 21.3, 18], "size": [32, 1, 3], "uv": [164, 49]},
						{"origin": [16, 23, 4], "size": [1, 3, 1], "pivot": [17, 16, 5], "rotation": [-90, 0, 0], "uv": [192, 225]},
						{"origin": [-17, 27, 11.935], "size": [1, 1, 7], "pivot": [-16, 25, 10], "rotation": [-92.5, 0, 0], "uv": [196, 209]},
						{"origin": [16, 27, 11.935], "size": [1, 1, 7], "pivot": [-16, 25, 10], "rotation": [-92.5, 0, 0], "uv": [150, 209]},
						{"origin": [-17, 23, 4], "size": [1, 3, 1], "pivot": [-16, 16, 5], "rotation": [-90, 0, 0], "uv": [146, 225]},
						{"origin": [-16.98, 27, 10.935], "size": [1, 1, 1], "pivot": [-16, 25, 10], "rotation": [-92.5, 0, 0], "uv": [223, 142]},
						{"origin": [15.98, 27, 10.935], "size": [1, 1, 1], "pivot": [-16, 25, 10], "rotation": [-92.5, 0, 0], "uv": [223, 129]},
						{"origin": [-16, 22.4, 14], "size": [32, 1, 3], "uv": [164, 45]}
					]
				},
				{
					"name": "leftdoor",
					"parent": "mid",
					"pivot": [18, 11, -13],
					"cubes": [
						{"origin": [17, 5, -13], "size": [1, 11, 25], "uv": [120, 120]},
						{"origin": [16, 5, -13], "size": [1, 11, 25], "uv": [93, 104]},
						{"origin": [17, 15.402, -13], "size": [1, 1, 25], "uv": [0, 152]},
						{"origin": [16, 18, -14], "size": [1, 16, 1], "pivot": [17, 16, -15], "rotation": [-60, 0, 0], "uv": [87, 74]},
						{"origin": [15.99, 24.59, 1.965], "size": [1, 1, 1], "pivot": [17, 25, 1], "rotation": [-85, 0, 0], "uv": [223, 55]},
						{"origin": [16, 23.585, 1.914], "size": [1, 8, 1], "pivot": [17, 24, 2], "rotation": [-90, 0, 0], "uv": [107, 59]},
						{"origin": [16, 3, 1], "size": [1, 23, 1], "pivot": [17, 16, 2], "rotation": [-90, 0, 0], "uv": [146, 200]},
						{"origin": [16, 25.58, 11.935], "size": [1, 2, 7], "pivot": [17, 25, 10], "rotation": [-92.5, 0, 0], "uv": [16, 92]},
						{"origin": [16, 24.58, 10.935], "size": [1, 3, 1], "pivot": [17, 25, 10], "rotation": [-92.5, 0, 0], "uv": [118, 225]},
						{"origin": [17.1, 11, -13], "size": [1, 1, 25], "uv": [147, 114]}
					]
				},
				{
					"name": "sml",
					"parent": "leftdoor",
					"pivot": [18, 11, -13],
					"cubes": [
						{"origin": [17, 16, -13], "size": [1, 1, 1], "uv": [222, 146]},
						{"origin": [18, 16, -13], "size": [3, 2, 1], "pivot": [18, 16, -13], "rotation": [0, -30, 0], "uv": [224, 220]}
					]
				},
				{
					"name": "rightdoor",
					"parent": "mid",
					"pivot": [-18, 11, -13],
					"cubes": [
						{"origin": [-17, 5, -13], "size": [1, 11, 25], "uv": [94, 48]},
						{"origin": [-18, 5, -13], "size": [1, 11, 25], "uv": [66, 93]},
						{"origin": [-18, 15.402, -13], "size": [1, 1, 25], "uv": [147, 147]},
						{"origin": [-17, 18, -14], "size": [1, 16, 1], "pivot": [-16, 16, -15], "rotation": [-60, 0, 0], "uv": [10, 74]},
						{"origin": [-17.01, 24.59, 1.965], "size": [1, 1, 1], "pivot": [-16, 25, 1], "rotation": [-85, 0, 0], "uv": [222, 28]},
						{"origin": [-17, 23.585, 1.914], "size": [1, 8, 1], "pivot": [-16, 24, 2], "rotation": [-90, 0, 0], "uv": [99, 103]},
						{"origin": [-17, 3, 1], "size": [1, 23, 1], "pivot": [-16, 16, 2], "rotation": [-90, 0, 0], "uv": [142, 199]},
						{"origin": [-17, 25.58, 11.935], "size": [1, 2, 7], "pivot": [-16, 25, 10], "rotation": [-92.5, 0, 0], "uv": [16, 0]},
						{"origin": [-17, 24.58, 10.935], "size": [1, 3, 1], "pivot": [-16, 25, 10], "rotation": [-92.5, 0, 0], "uv": [114, 225]},
						{"origin": [-18.1, 11, -13], "size": [1, 1, 25], "uv": [146, 88]}
					]
				},
				{
					"name": "smr",
					"parent": "rightdoor",
					"pivot": [18, 11, -13],
					"cubes": [
						{"origin": [-18, 16, -13], "size": [1, 1, 1], "uv": [221, 124]},
						{"origin": [-21, 16, -13], "size": [3, 2, 1], "pivot": [-18, 16, -13], "rotation": [0, 30, 0], "uv": [224, 206]}
					]
				},
				{
					"name": "cabinin",
					"parent": "mid",
					"pivot": [0, 0, 0],
					"cubes": [
						{"origin": [8.5, 14, -10], "size": [1, 1, 2], "uv": [58, 205]},
						{"origin": [7.5, 14, -10], "size": [1, 1, 2], "pivot": [8.5, 15, -11], "rotation": [0, 0, -45], "uv": [49, 205]},
						{"origin": [7.1, 14, -10], "size": [1, 1, 2], "pivot": [8.5, 15, -11], "rotation": [0, 0, -45], "uv": [113, 204]},
						{"origin": [9.5, 14, -10], "size": [1, 1, 2], "pivot": [9.5, 15, -11], "rotation": [0, 0, 45], "uv": [128, 203]},
						{"origin": [9.9, 14, -10], "size": [1, 1, 2], "pivot": [9.5, 15, -11], "rotation": [0, 0, 45], "uv": [86, 202]},
						{"origin": [7.5, 13, -10], "size": [3, 1, 2], "uv": [10, 220]},
						{"origin": [8.5, 13.2, -11], "size": [1, 1, 4], "uv": [173, 88]}
					]
				},
				{
					"name": "pedals",
					"parent": "cabinin",
					"pivot": [0, 0, 0]
				},
				{
					"name": "pecutan",
					"parent": "pedals",
					"pivot": [0, 0, 0],
					"cubes": [
						{"origin": [5, 5, -14], "size": [2, 1, 3], "pivot": [6, 5, -14], "rotation": [-5, 0, 0], "uv": [106, 196]},
						{"origin": [5.5, 4.5, -12], "size": [1, 1, 1], "uv": [162, 221]},
						{"origin": [5.5, 3.5, -14], "size": [1, 1, 3], "uv": [219, 135]}
					]
				},
				{
					"name": "brake",
					"parent": "pedals",
					"pivot": [3, 0, 0],
					"cubes": [
						{"origin": [8, 5, -14], "size": [2, 1, 3], "pivot": [9, 5, -14], "rotation": [-5, 0, 0], "uv": [24, 189]},
						{"origin": [8.5, 4.5, -12], "size": [1, 1, 1], "uv": [216, 220]},
						{"origin": [8.5, 3.5, -14], "size": [1, 1, 3], "uv": [123, 219]}
					]
				},
				{
					"name": "clutch",
					"parent": "pedals",
					"pivot": [7, 0, 0],
					"cubes": [
						{"origin": [12, 5, -14], "size": [2, 1, 3], "pivot": [13, 5, -14], "rotation": [-5, 0, 0], "uv": [39, 186]},
						{"origin": [12.5, 4.5, -12], "size": [1, 1, 1], "uv": [74, 220]},
						{"origin": [12.5, 3.5, -14], "size": [1, 1, 3], "uv": [25, 218]}
					]
				},
				{
					"name": "driversseat",
					"parent": "cabinin",
					"pivot": [0, 0, 0],
					"cubes": [
						{"origin": [4, 4, -2], "size": [10, 3, 11], "uv": [152, 175]},
						{"origin": [14, 7, -2], "size": [1, 1, 11], "uv": [0, 138]},
						{"origin": [13.3, 5.5, 0], "size": [1, 1, 3], "uv": [76, 206]},
						{"origin": [14, 7, 2], "size": [1, 1, 8], "pivot": [15, 8, 9], "rotation": [-102.5, 0, 0], "uv": [202, 131]},
						{"origin": [14, 7.5, 0], "size": [1, 1, 10], "pivot": [15, 8, 9], "rotation": [-102.5, 0, 0], "uv": [0, 152]},
						{"origin": [3, 7.5, 0], "size": [1, 1, 10], "pivot": [4, 8, 9], "rotation": [-102.5, 0, 0], "uv": [147, 120]},
						{"origin": [13.3, 5, 0], "size": [1, 1, 2], "uv": [67, 202]},
						{"origin": [14, 13.11, 7.28], "size": [1, 1, 2], "pivot": [15, 14, 10], "rotation": [-117.5, 0, 0], "uv": [58, 202]},
						{"origin": [3, 13.11, 7.28], "size": [1, 1, 2], "pivot": [4, 14, 10], "rotation": [-117.5, 0, 0], "uv": [49, 202]},
						{"origin": [3, 16.97166, 12.0031], "size": [1, 1, 8], "pivot": [4, 17, 10], "rotation": [-102.5, 0, 0], "uv": [66, 202]},
						{"origin": [6, 16.97166, 8.0031], "size": [1, 1, 4], "pivot": [7, 17, 11], "rotation": [-90, 0, 0], "uv": [0, 168]},
						{"origin": [6, 19.97166, 11.0031], "size": [1, 1, 4], "pivot": [6, 20, 11], "rotation": [-90, 0, 12.5], "uv": [0, 163]},
						{"origin": [7, 16.97166, 8.0031], "size": [4, 1, 4], "pivot": [8, 17, 11], "rotation": [-90, 0, 0], "uv": [16, 101]},
						{"origin": [11, 19.97166, 11.0031], "size": [1, 1, 4], "pivot": [12, 20, 11], "rotation": [-90, 0, 0], "uv": [0, 157]},
						{"origin": [11, 19.97166, 11.0031], "size": [1, 1, 4], "pivot": [12, 20, 11], "rotation": [-90, 0, -12.5], "uv": [0, 152]},
						{"origin": [3.5, 8, 0], "size": [11, 1, 10], "pivot": [5, 8, 9], "rotation": [-102.5, 0, 0], "uv": [0, 178]},
						{"origin": [3, 7, -2], "size": [1, 1, 11], "uv": [56, 129]}
					]
				},
				{
					"name": "passengerseat",
					"parent": "cabinin",
					"pivot": [-18, 0, 0],
					"cubes": [
						{"origin": [-14, 4, -2], "size": [10, 3, 11], "uv": [174, 146]},
						{"origin": [-4, 7, -2], "size": [1, 1, 11], "uv": [93, 103]},
						{"origin": [-4, 7, 2], "size": [1, 1, 8], "pivot": [-3, 8, 9], "rotation": [-102.5, 0, 0], "uv": [48, 202]},
						{"origin": [-4, 7.5, 0], "size": [1, 1, 10], "pivot": [-3, 8, 9], "rotation": [-102.5, 0, 0], "uv": [146, 71]},
						{"origin": [-15, 7.5, 0], "size": [1, 1, 10], "pivot": [-14, 8, 9], "rotation": [-102.5, 0, 0], "uv": [56, 141]},
						{"origin": [-4, 13.11, 7.28], "size": [1, 1, 2], "pivot": [-3, 14, 10], "rotation": [-117.5, 0, 0], "uv": [113, 200]},
						{"origin": [-15, 13.11, 7.28], "size": [1, 1, 2], "pivot": [-14, 14, 10], "rotation": [-117.5, 0, 0], "uv": [128, 199]},
						{"origin": [-15, 16.97166, 12.0031], "size": [1, 1, 8], "pivot": [-14, 17, 10], "rotation": [-102.5, 0, 0], "uv": [30, 202]},
						{"origin": [-12, 16.97166, 8.0031], "size": [1, 1, 4], "pivot": [-11, 17, 11], "rotation": [-90, 0, 0], "uv": [147, 125]},
						{"origin": [-12, 19.97166, 11.0031], "size": [1, 1, 4], "pivot": [-12, 20, 11], "rotation": [-90, 0, 12.5], "uv": [147, 120]},
						{"origin": [-11, 16.97166, 8.0031], "size": [4, 1, 4], "pivot": [-10, 17, 11], "rotation": [-90, 0, 0], "uv": [16, 9]},
						{"origin": [-7, 19.97166, 11.0031], "size": [1, 1, 4], "pivot": [-6, 20, 11], "rotation": [-90, 0, 0], "uv": [146, 73]},
						{"origin": [-7, 19.97166, 11.0031], "size": [1, 1, 4], "pivot": [-6, 20, 11], "rotation": [-90, 0, -12.5], "uv": [56, 146]},
						{"origin": [-14.5, 8, 0], "size": [11, 1, 10], "pivot": [-13, 8, 9], "rotation": [-102.5, 0, 0], "uv": [174, 160]},
						{"origin": [-15, 7, -2], "size": [1, 1, 11], "uv": [94, 59]},
						{"origin": [-14.3, 5.5, 0], "size": [1, 1, 3], "uv": [205, 13]},
						{"origin": [-14.3, 5, 0], "size": [1, 1, 2], "uv": [196, 77]}
					]
				},
				{
					"name": "stickshift",
					"parent": "cabinin",
					"pivot": [0, 0, 0],
					"cubes": [
						{"origin": [-0.5, 8, -7], "size": [3, 1, 4], "uv": [0, 100]},
						{"origin": [0, 8.3, -6], "size": [2, 1, 2], "uv": [25, 223]}
					]
				},
				{
					"name": "ss1",
					"parent": "stickshift",
					"pivot": [1, 9, -4.5],
					"rotation": [-7.5, 0, 0],
					"cubes": [
						{"origin": [0.5, 8.3, -5.5], "size": [1, 4, 1], "uv": [109, 48]},
						{"origin": [0.4, 11.3, -5.5], "size": [1, 1, 1], "uv": [219, 142]},
						{"origin": [0.4, 11, -5.5], "size": [1, 1, 1], "uv": [219, 55]},
						{"origin": [0.6, 11.3, -5.5], "size": [1, 1, 1], "uv": [128, 219]},
						{"origin": [0.6, 11, -5.5], "size": [1, 1, 1], "uv": [218, 28]},
						{"origin": [0.5, 11.3, -5.4], "size": [1, 1, 1], "uv": [217, 124]},
						{"origin": [0.5, 11, -5.4], "size": [1, 1, 1], "uv": [158, 217]},
						{"origin": [0.5, 11.3, -5.6], "size": [1, 1, 1], "uv": [83, 217]},
						{"origin": [0.5, 11, -5.6], "size": [1, 1, 1], "uv": [79, 217]}
					]
				},
				{
					"name": "handbrake",
					"parent": "cabinin",
					"pivot": [0, 0, 0],
					"cubes": [
						{"origin": [0, 8, 3], "size": [2, 2, 2], "uv": [170, 204]},
						{"origin": [0.5, 8.9, 0], "size": [1, 1, 3], "uv": [160, 204]},
						{"origin": [0, 8, 5], "size": [2, 2, 3], "pivot": [2, 10, 5], "rotation": [-45, 0, 0], "uv": [28, 143]}
					]
				},
				{
					"name": "steeringwheel",
					"parent": "cabinin",
					"pivot": [9, 13.5, -6],
					"cubes": [
						{"origin": [4.5, 14, -7], "size": [1, 3, 1], "pivot": [5, 13.5, -6], "rotation": [0, 0, 90], "uv": [80, 225]},
						{"origin": [5.5, 15, -7], "size": [3, 1, 1], "pivot": [6, 12.5, -6], "rotation": [0, 0, 90], "uv": [120, 126]},
						{"origin": [6.5, 15, -7], "size": [1, 1, 1], "pivot": [7, 13.5, -6], "rotation": [0, 0, 90], "uv": [215, 165]},
						{"origin": [8, 13, -7], "size": [1, 1, 1], "pivot": [9, 13.5, -6], "rotation": [0, 0, 90], "uv": [215, 108]},
						{"origin": [8, 13, -7], "size": [1, 1, 1], "pivot": [9, 13.5, -6], "rotation": [0, 0, -132.5], "uv": [215, 55]},
						{"origin": [8, 13, -7], "size": [1, 1, 1], "pivot": [9, 13.5, -6], "rotation": [0, 0, 37.5], "uv": [214, 168]},
						{"origin": [8, 13, -7], "size": [1, 1, 1], "pivot": [9, 13.5, -6], "rotation": [0, 0, 142.5], "uv": [214, 28]},
						{"origin": [8, 13, -7], "size": [1, 1, 1], "pivot": [9, 13.5, -6], "rotation": [0, 0, -32.5], "uv": [214, 10]},
						{"origin": [7.5, 15, -7], "size": [1, 3, 1], "pivot": [8, 13.5, -6], "rotation": [0, 0, 90], "uv": [76, 225]}
					]
				},
				{
					"name": "sw1",
					"parent": "steeringwheel",
					"pivot": [9, 13.5, -6],
					"cubes": [
						{"origin": [8.5, 17, -7], "size": [1, 1, 1], "uv": [196, 214]},
						{"origin": [8.5, 17, -7], "size": [1, 1, 1], "pivot": [9, 13.5, -6], "rotation": [0, 0, 12.5], "uv": [159, 214]},
						{"origin": [8.5, 17, -7], "size": [1, 1, 1], "pivot": [9, 13.5, -6], "rotation": [0, 0, 25], "uv": [29, 214]},
						{"origin": [8.5, 17, -7], "size": [1, 1, 1], "pivot": [9, 13.5, -6], "rotation": [0, 0, 37.5], "uv": [162, 213]},
						{"origin": [8.5, 17, -7], "size": [1, 1, 1], "pivot": [9, 13.5, -6], "rotation": [0, 0, 50], "uv": [85, 212]},
						{"origin": [8.5, 17, -7], "size": [1, 1, 1], "pivot": [9, 13.5, -6], "rotation": [0, 0, 62.5], "uv": [81, 212]},
						{"origin": [8.5, 17, -7], "size": [1, 1, 1], "pivot": [9, 13.5, -6], "rotation": [0, 0, 75], "uv": [30, 212]},
						{"origin": [8.5, 17, -7], "size": [1, 1, 1], "pivot": [9, 13.5, -6], "rotation": [0, 0, 87.5], "uv": [211, 55]}
					]
				},
				{
					"name": "sw2",
					"parent": "steeringwheel",
					"pivot": [9, 13.5, -6],
					"rotation": [0, 0, 100],
					"cubes": [
						{"origin": [8.5, 17, -7], "size": [1, 1, 1], "uv": [199, 211]},
						{"origin": [8.5, 17, -7], "size": [1, 1, 1], "pivot": [9, 13.5, -6], "rotation": [0, 0, 12.5], "uv": [117, 211]},
						{"origin": [8.5, 17, -7], "size": [1, 1, 1], "pivot": [9, 13.5, -6], "rotation": [0, 0, 25], "uv": [64, 211]},
						{"origin": [8.5, 17, -7], "size": [1, 1, 1], "pivot": [9, 13.5, -6], "rotation": [0, 0, 37.5], "uv": [210, 168]},
						{"origin": [8.5, 17, -7], "size": [1, 1, 1], "pivot": [9, 13.5, -6], "rotation": [0, 0, 50], "uv": [210, 128]},
						{"origin": [8.5, 17, -7], "size": [1, 1, 1], "pivot": [9, 13.5, -6], "rotation": [0, 0, 62.5], "uv": [210, 28]},
						{"origin": [8.5, 17, -7], "size": [1, 1, 1], "pivot": [9, 13.5, -6], "rotation": [0, 0, 75], "uv": [210, 13]}
					]
				},
				{
					"name": "sw3",
					"parent": "steeringwheel",
					"pivot": [9, 13.5, -6],
					"rotation": [0, 0, -172.5],
					"cubes": [
						{"origin": [8.5, 17, -7], "size": [1, 1, 1], "uv": [196, 210]},
						{"origin": [8.5, 17, -7], "size": [1, 1, 1], "pivot": [9, 13.5, -6], "rotation": [0, 0, 12.5], "uv": [190, 210]},
						{"origin": [8.5, 17, -7], "size": [1, 1, 1], "pivot": [9, 13.5, -6], "rotation": [0, 0, 25], "uv": [103, 210]},
						{"origin": [8.5, 17, -7], "size": [1, 1, 1], "pivot": [9, 13.5, -6], "rotation": [0, 0, 37.5], "uv": [95, 210]},
						{"origin": [8.5, 17, -7], "size": [1, 1, 1], "pivot": [9, 13.5, -6], "rotation": [0, 0, 50], "uv": [209, 171]},
						{"origin": [8.5, 17, -7], "size": [1, 1, 1], "pivot": [9, 13.5, -6], "rotation": [0, 0, 62.5], "uv": [86, 209]},
						{"origin": [8.5, 17, -7], "size": [1, 1, 1], "pivot": [9, 13.5, -6], "rotation": [0, 0, 75], "uv": [207, 55]}
					]
				},
				{
					"name": "sw4",
					"parent": "steeringwheel",
					"pivot": [9, 13.5, -6],
					"rotation": [0, 0, -87.5],
					"cubes": [
						{"origin": [8.5, 17, -7], "size": [1, 1, 1], "uv": [115, 207]},
						{"origin": [8.5, 17, -7], "size": [1, 1, 1], "pivot": [9, 13.5, -6], "rotation": [0, 0, 12.5], "uv": [206, 168]},
						{"origin": [8.5, 17, -7], "size": [1, 1, 1], "pivot": [9, 13.5, -6], "rotation": [0, 0, 25], "uv": [206, 28]},
						{"origin": [8.5, 17, -7], "size": [1, 1, 1], "pivot": [9, 13.5, -6], "rotation": [0, 0, 37.5], "uv": [204, 206]},
						{"origin": [8.5, 17, -7], "size": [1, 1, 1], "pivot": [9, 13.5, -6], "rotation": [0, 0, 50], "uv": [200, 206]},
						{"origin": [8.5, 17, -7], "size": [1, 1, 1], "pivot": [9, 13.5, -6], "rotation": [0, 0, 62.5], "uv": [130, 206]},
						{"origin": [8.5, 17, -7], "size": [1, 1, 1], "pivot": [9, 13.5, -6], "rotation": [0, 0, 75], "uv": [98, 206]}
					]
				},
				{
					"name": "rvm",
					"parent": "cabinin",
					"pivot": [0, 0, 0],
					"cubes": [
						{"origin": [-0.5, 23.2, 0], "size": [1, 1, 1], "uv": [94, 206]},
						{"origin": [-2.5, 21.2, 0], "size": [5, 2, 1], "uv": [183, 175]}
					]
				},
				{
					"name": "back",
					"pivot": [0, 0, 2],
					"cubes": [
						{"origin": [17, 4, 32], "size": [1, 1, 1], "uv": [205, 171]},
						{"origin": [17, 5, 32], "size": [1, 10, 3], "uv": [71, 175]},
						{"origin": [-18, 5, 32], "size": [1, 10, 3], "uv": [56, 125]},
						{"origin": [17, 6, 35], "size": [1, 9, 2], "uv": [28, 125]},
						{"origin": [-18, 6, 35], "size": [1, 9, 2], "uv": [93, 103]},
						{"origin": [17, 7, 37], "size": [1, 8, 1], "uv": [92, 33]},
						{"origin": [-18, 7, 37], "size": [1, 8, 1], "uv": [88, 61]},
						{"origin": [17, 7, 38], "size": [1, 7, 1], "uv": [30, 193]},
						{"origin": [-18, 7, 38], "size": [1, 7, 1], "uv": [144, 180]},
						{"origin": [-17, 11, 38], "size": [34, 1, 1], "uv": [172, 86]},
						{"origin": [17, 8, 39], "size": [1, 2, 1], "uv": [78, 133]},
						{"origin": [-18, 8, 39], "size": [1, 2, 1], "uv": [78, 129]},
						{"origin": [-18, 4, 32], "size": [1, 1, 1], "uv": [34, 203]},
						{"origin": [17, 4, 33], "size": [1, 1, 8], "pivot": [18, 4, 33], "rotation": [25, 0, 0], "uv": [160, 201]},
						{"origin": [16, 4, 33], "size": [1, 1, 8], "pivot": [17, 4, 33], "rotation": [25, 0, 0], "uv": [200, 200]},
						{"origin": [9, 4, 33], "size": [2, 1, 8], "pivot": [17, 4, 33], "rotation": [25, 0, 0], "uv": [120, 120]},
						{"origin": [-9, 4, 33], "size": [18, 1, 2], "pivot": [15, 4, 33], "rotation": [25, 0, 0], "uv": [34, 115]},
						{"origin": [11, 4, 33], "size": [5, 1, 2], "pivot": [19, 4, 33], "rotation": [25, 0, 0], "uv": [27, 153]},
						{"origin": [11, 4.2, 35], "size": [5, 1, 4], "pivot": [19, 4, 33], "rotation": [25, 0, 0], "uv": [176, 189]},
						{"origin": [11, 4, 39], "size": [5, 1, 2], "pivot": [19, 4, 33], "rotation": [25, 0, 0], "uv": [68, 148]},
						{"origin": [-17, 4, 33], "size": [8, 1, 8], "pivot": [-9, 4, 33], "rotation": [25, 0, 0], "uv": [176, 197]},
						{"origin": [-9, 4.5, 33], "size": [18, 1, 8], "pivot": [-1, 4, 33], "rotation": [22.5, 0, 0], "uv": [111, 156]},
						{"origin": [-18, 4, 33], "size": [1, 1, 8], "pivot": [-17, 4, 33], "rotation": [25, 0, 0], "uv": [150, 200]},
						{"origin": [17, 46, 26.76449], "size": [1, 1, 3], "pivot": [18, 25, 16], "rotation": [-85, 0, 0], "uv": [150, 204]},
						{"origin": [17, 46, 26.5], "size": [1, 1, 1], "pivot": [18, 25, 16], "rotation": [-85, 0, 0], "uv": [23, 203]},
						{"origin": [-18, 46, 26.5], "size": [1, 1, 1], "pivot": [-17, 25, 16], "rotation": [-85, 0, 0], "uv": [84, 202]},
						{"origin": [-18, 46, 26.76449], "size": [1, 1, 3], "pivot": [-17, 25, 16], "rotation": [-85, 0, 0], "uv": [29, 203]},
						{"origin": [-18, 11.11, 38], "size": [36, 1, 1], "pivot": [18, 12, 39], "rotation": [-90, 0, 0], "uv": [93, 101]},
						{"origin": [17, 12.11, 38.8056], "size": [1, 1, 1], "pivot": [18, 13, 39], "rotation": [-90, 0, 0], "uv": [200, 198]},
						{"origin": [-18, 12.11, 38.80557], "size": [1, 1, 1], "pivot": [-17, 13, 39], "rotation": [-90, 0, 0], "uv": [198, 80]},
						{"origin": [-17, 12.11, 38.80557], "size": [34, 1, 1], "pivot": [17, 13, 39], "rotation": [-90, 0, 0], "uv": [169, 84]},
						{"origin": [-6, 45.5, 26.76449], "size": [12, 1, 3], "pivot": [6, 25, 16], "rotation": [-85, 0, 0], "uv": [58, 109]},
						{"origin": [15, 46, 26.76449], "size": [2, 1, 3], "pivot": [17, 25, 16], "rotation": [-85, 0, 0], "uv": [185, 92]},
						{"origin": [-17, 46, 26.76449], "size": [2, 1, 3], "pivot": [-15, 25, 16], "rotation": [-85, 0, 0], "uv": [76, 185]},
						{"origin": [6, 46, 26.76449], "size": [9, 1, 1], "pivot": [15, 25, 16], "rotation": [-85, 0, 0], "uv": [121, 53]},
						{"origin": [-15, 46, 26.76449], "size": [9, 1, 1], "pivot": [-6, 25, 16], "rotation": [-85, 0, 0], "uv": [94, 71]},
						{"origin": [6, 46, 27.76449], "size": [3, 1, 2], "pivot": [15, 25, 16], "rotation": [-85, 0, 0], "uv": [219, 152]},
						{"origin": [-9, 46, 27.76449], "size": [3, 1, 2], "pivot": [0, 25, 16], "rotation": [-85, 0, 0], "uv": [188, 218]},
						{"origin": [9, 46, 27.76449], "size": [6, 1, 2], "pivot": [15, 25, 16], "rotation": [-85, 0, 0], "uv": [132, 30]},
						{"origin": [-15, 46, 27.76449], "size": [6, 1, 2], "pivot": [-9, 25, 16], "rotation": [-85, 0, 0], "uv": [74, 115]},
						{"origin": [17, 47, 32.76449], "size": [1, 1, 2], "pivot": [18, 25, 16], "rotation": [-85, 0, 0], "uv": [113, 196]},
						{"origin": [-18, 47, 32.76449], "size": [1, 1, 2], "pivot": [-17, 25, 16], "rotation": [-85, 0, 0], "uv": [176, 195]},
						{"origin": [-17, 47, 32.76449], "size": [34, 1, 2], "pivot": [17, 25, 16], "rotation": [-85, 0, 0], "uv": [164, 33]},
						{"origin": [17, 47, 32.1], "size": [1, 1, 1], "pivot": [18, 25, 16], "rotation": [-85, 0, 0], "uv": [191, 96]},
						{"origin": [-18, 47, 32.1], "size": [1, 1, 1], "pivot": [-17, 25, 16], "rotation": [-85, 0, 0], "uv": [48, 189]},
						{"origin": [-17, 47.1, 32.5], "size": [34, 1, 2], "pivot": [17, 25, 16], "rotation": [-85, 0, 0], "uv": [164, 30]},
						{"origin": [17, 50.315, 34], "size": [1, 1, 1], "pivot": [18, 28, 17], "rotation": [-90, 0, 0], "uv": [38, 186]},
						{"origin": [17, 50.315, 33], "size": [1, 1, 1], "pivot": [18, 28, 16], "rotation": [-90, 0, 0], "uv": [6, 186]},
						{"origin": [-18, 50.315, 33], "size": [1, 1, 1], "pivot": [-17, 28, 16], "rotation": [-90, 0, 0], "uv": [178, 106]},
						{"origin": [-17, 50.315, 33], "size": [34, 1, 1], "pivot": [-16, 28, 16], "rotation": [-90, 0, 0], "uv": [164, 53]},
						{"origin": [-18, 50.315, 34], "size": [1, 1, 1], "pivot": [-17, 28, 17], "rotation": [-90, 0, 0], "uv": [177, 99]},
						{"origin": [-17, 50.315, 34], "size": [34, 1, 1], "pivot": [17, 28, 17], "rotation": [-90, 0, 0], "uv": [27, 163]},
						{"origin": [-17, 47, 34.55], "size": [34, 1, 1], "pivot": [17, 25, 16], "rotation": [-85, 0, 0], "uv": [156, 24]},
						{"origin": [17, 47, 34.55], "size": [1, 1, 1], "pivot": [18, 25, 16], "rotation": [-85, 0, 0], "uv": [142, 171]},
						{"origin": [-18, 47, 34.55], "size": [1, 1, 1], "pivot": [-17, 25, 16], "rotation": [-85, 0, 0], "uv": [167, 136]},
						{"origin": [-17, 46, 24.76449], "size": [34, 1, 2], "pivot": [17, 25, 16], "rotation": [-85, 0, 0], "uv": [27, 160]},
						{"origin": [-17, 16.69761, 38.78655], "size": [1, 1, 2], "pivot": [-17, 18, 39], "rotation": [-85, 0, 32.5], "uv": [46, 186]},
						{"origin": [16, 16.69761, 38.78655], "size": [1, 1, 2], "pivot": [17, 18, 39], "rotation": [-85, 0, -32.5], "uv": [183, 126]},
						{"origin": [17, 15, 16], "size": [1, 1, 22], "uv": [173, 88]},
						{"origin": [-18, 15, 16], "size": [1, 1, 22], "uv": [34, 92]}
					]
				},
				{
					"name": "backfenders",
					"parent": "back",
					"pivot": [0, 0, 48],
					"cubes": [
						{"origin": [17, 9, 16], "size": [1, 6, 1], "uv": [155, 103]},
						{"origin": [-18, 9, 16], "size": [1, 6, 1], "uv": [129, 111]},
						{"origin": [17, 9, 31], "size": [1, 6, 1], "uv": [129, 103]},
						{"origin": [-18, 9, 31], "size": [1, 6, 1], "uv": [78, 46]},
						{"origin": [17, 11, 30], "size": [1, 4, 1], "uv": [106, 106]},
						{"origin": [-18, 11, 30], "size": [1, 4, 1], "uv": [101, 59]},
						{"origin": [17, 11, 17], "size": [1, 4, 1], "uv": [82, 74]},
						{"origin": [-18, 11, 17], "size": [1, 4, 1], "uv": [65, 74]},
						{"origin": [17, 12, 18], "size": [1, 3, 1], "uv": [57, 225]},
						{"origin": [-18, 12, 18], "size": [1, 3, 1], "uv": [20, 225]},
						{"origin": [-18, 12, 29], "size": [1, 3, 1], "uv": [188, 224]},
						{"origin": [17, 12, 29], "size": [1, 3, 1], "uv": [53, 224]},
						{"origin": [17, 13, 28], "size": [1, 2, 1], "uv": [61, 125]},
						{"origin": [-18, 13, 28], "size": [1, 2, 1], "uv": [113, 115]},
						{"origin": [17, 13, 19], "size": [1, 2, 1], "uv": [92, 42]},
						{"origin": [-18, 13, 19], "size": [1, 2, 1], "uv": [88, 70]},
						{"origin": [17, 14, 20], "size": [1, 1, 2], "uv": [94, 167]},
						{"origin": [-18, 14, 20], "size": [1, 1, 2], "uv": [155, 48]},
						{"origin": [17, 14, 26], "size": [1, 1, 2], "uv": [48, 148]},
						{"origin": [-18, 14, 26], "size": [1, 1, 2], "uv": [85, 109]}
					]
				},
				{
					"name": "hexadecagon2",
					"parent": "backfenders",
					"pivot": [26, -1, 41],
					"cubes": [
						{"origin": [17, 5.4087, 16], "size": [3, 3.1826, 1], "pivot": [18, 7, 24], "rotation": [-45, 0, 0], "uv": [6, 203]},
						{"origin": [17, 5.4087, 31], "size": [3, 3.1826, 1], "pivot": [18, 7, 24], "rotation": [45, 0, 0], "uv": [76, 202]},
						{"origin": [17, 14, 22.4087], "size": [3, 1, 3.1826], "pivot": [18, 7, 24], "rotation": [22.5, 0, 0], "uv": [42, 133]},
						{"origin": [17, 14, 22.4087], "size": [3, 1, 3.1826], "uv": [132, 124]},
						{"origin": [17, 14, 22.4087], "size": [3, 1, 3.1826], "pivot": [18, 7, 24], "rotation": [-22.5, 0, 0], "uv": [132, 120]}
					]
				},
				{
					"name": "yes4",
					"parent": "hexadecagon2",
					"pivot": [19.5, 11.6, 17],
					"rotation": [0, 0, 7.5],
					"cubes": [
						{"origin": [17, 5.4087, 16], "size": [3, 3.1826, 1], "pivot": [18, 7, 24], "rotation": [-22.5, 0, 0], "uv": [200, 200]},
						{"origin": [17, 3.4087, 16], "size": [3, 5.1826, 1], "uv": [144, 103]}
					]
				},
				{
					"name": "no4",
					"parent": "hexadecagon2",
					"pivot": [19.5, 11.6, 31],
					"rotation": [0, 0, 7.5],
					"cubes": [
						{"origin": [17, 5.4087, 31], "size": [3, 3.1826, 1], "pivot": [18, 7, 24], "rotation": [22.5, 0, 0], "uv": [160, 200]},
						{"origin": [17, 4.4087, 31], "size": [3, 4.1826, 1], "uv": [164, 156]}
					]
				},
				{
					"name": "hexadecagon6",
					"parent": "backfenders",
					"pivot": [24, -1, 41],
					"cubes": [
						{"origin": [-17.5, 5.4087, 16], "size": [4, 3.1826, 1], "pivot": [16, 7, 24], "rotation": [-45, 0, 0], "uv": [185, 88]},
						{"origin": [-17.5, 5.4087, 31], "size": [4, 3.1826, 1], "pivot": [16, 7, 24], "rotation": [45, 0, 0], "uv": [184, 103]},
						{"origin": [-17.5, 14, 22.4087], "size": [4, 1, 3.1826], "pivot": [16, 7, 24], "rotation": [22.5, 0, 0], "uv": [120, 211]},
						{"origin": [-17.5, 14, 22.4087], "size": [4, 1, 3.1826], "uv": [106, 211]},
						{"origin": [-17.5, 14, 22.4087], "size": [4, 1, 3.1826], "pivot": [16, 7, 24], "rotation": [-22.5, 0, 0], "uv": [53, 211]}
					]
				},
				{
					"name": "yes5",
					"parent": "hexadecagon6",
					"pivot": [17.5, 11.6, 17],
					"cubes": [
						{"origin": [-17.5, 5.4087, 16], "size": [4, 3.1826, 1], "pivot": [16, 7, 24], "rotation": [-22.5, 0, 0], "uv": [184, 99]},
						{"origin": [-17.5, 3.4087, 16], "size": [4, 5.1826, 1], "uv": [14, 131]}
					]
				},
				{
					"name": "no5",
					"parent": "hexadecagon6",
					"pivot": [17.5, 11.6, 31],
					"cubes": [
						{"origin": [-17.5, 5.4087, 31], "size": [4, 3.1826, 1], "pivot": [16, 7, 24], "rotation": [22.5, 0, 0], "uv": [183, 182]},
						{"origin": [-17.5, 4.4087, 31], "size": [4, 4.1826, 1], "uv": [56, 141]}
					]
				},
				{
					"name": "hexadecagon3",
					"parent": "backfenders",
					"pivot": [55, -1, 41],
					"cubes": [
						{"origin": [13.5, 5.4087, 16], "size": [4, 3.1826, 1], "pivot": [47, 7, 24], "rotation": [-45, 0, 0], "uv": [183, 178]},
						{"origin": [13.5, 5.4087, 31], "size": [4, 3.1826, 1], "pivot": [47, 7, 24], "rotation": [45, 0, 0], "uv": [0, 182]},
						{"origin": [13.5, 14, 22.4087], "size": [4, 1, 3.1826], "pivot": [47, 7, 24], "rotation": [22.5, 0, 0], "uv": [210, 203]},
						{"origin": [13.5, 14, 22.4087], "size": [4, 1, 3.1826], "uv": [210, 199]},
						{"origin": [13.5, 14, 22.4087], "size": [4, 1, 3.1826], "pivot": [47, 7, 24], "rotation": [-22.5, 0, 0], "uv": [210, 104]}
					]
				},
				{
					"name": "yes7",
					"parent": "hexadecagon3",
					"pivot": [48.5, 11.6, 17],
					"cubes": [
						{"origin": [13.5, 5.4087, 16], "size": [4, 3.1826, 1], "pivot": [47, 7, 24], "rotation": [-22.5, 0, 0], "uv": [0, 178]},
						{"origin": [13.5, 3.4087, 16], "size": [4, 5.1826, 1], "uv": [0, 131]}
					]
				},
				{
					"name": "no7",
					"parent": "hexadecagon3",
					"pivot": [48.5, 11.6, 31],
					"cubes": [
						{"origin": [13.5, 5.4087, 31], "size": [4, 3.1826, 1], "pivot": [47, 7, 24], "rotation": [22.5, 0, 0], "uv": [174, 165]},
						{"origin": [13.5, 4.4087, 31], "size": [4, 4.1826, 1], "uv": [28, 138]}
					]
				},
				{
					"name": "hexadecagon7",
					"parent": "backfenders",
					"pivot": [-11, -1, 41],
					"cubes": [
						{"origin": [-20, 5.4087, 16], "size": [3, 3.1826, 1], "pivot": [-19, 7, 24], "rotation": [-45, 0, 0], "uv": [150, 200]},
						{"origin": [-20, 5.4087, 31], "size": [3, 3.1826, 1], "pivot": [-19, 7, 24], "rotation": [45, 0, 0], "uv": [198, 123]},
						{"origin": [-20, 14, 22.4087], "size": [3, 1, 3.1826], "pivot": [-19, 7, 24], "rotation": [22.5, 0, 0], "uv": [69, 129]},
						{"origin": [-20, 14, 22.4087], "size": [3, 1, 3.1826], "uv": [42, 129]},
						{"origin": [-19, 3, 16], "size": [2, 1.1826, 1], "uv": [198, 128]},
						{"origin": [-19, 4, 31], "size": [2, 1.1826, 1], "uv": [195, 55]},
						{"origin": [16, 4, 31], "size": [2, 1.1826, 1], "uv": [194, 28]},
						{"origin": [16, 3, 16], "size": [2, 1.1826, 1], "uv": [146, 194]},
						{"origin": [-20, 14, 22.4087], "size": [3, 1, 3.1826], "pivot": [-19, 7, 24], "rotation": [-22.5, 0, 0], "uv": [42, 125]}
					]
				},
				{
					"name": "yes6",
					"parent": "hexadecagon7",
					"pivot": [-19.5, 11.6, 17],
					"rotation": [0, 0, -7.5],
					"cubes": [
						{"origin": [-20, 5.4087, 16], "size": [3, 3.1826, 1], "pivot": [-19, 7, 24], "rotation": [-22.5, 0, 0], "uv": [198, 119]},
						{"origin": [-20, 3.4087, 16], "size": [3, 5.1826, 1], "uv": [120, 120]}
					]
				},
				{
					"name": "no6",
					"parent": "hexadecagon7",
					"pivot": [-19.5, 11.6, 31],
					"rotation": [0, 0, -7.5],
					"cubes": [
						{"origin": [-20, 5.4087, 31], "size": [3, 3.1826, 1], "pivot": [-19, 7, 24], "rotation": [22.5, 0, 0], "uv": [0, 198]},
						{"origin": [-20, 4.4087, 31], "size": [3, 4.1826, 1], "uv": [137, 140]}
					]
				},
				{
					"name": "exhaust",
					"parent": "back",
					"pivot": [14, 7, 35],
					"cubes": [
						{"origin": [14, 5, 34], "size": [1, 1, 7], "pivot": [14.5, 5.5, 43], "rotation": [0, 0, -22.5], "uv": [208, 119]},
						{"origin": [14, 5, 34], "size": [1, 1, 7], "pivot": [14.5, 5.5, 43], "rotation": [0, 0, 10], "uv": [207, 13]},
						{"origin": [14, 5, 34], "size": [1, 1, 7], "pivot": [14.5, 5.5, 43], "rotation": [0, 0, 37.5], "uv": [206, 160]},
						{"origin": [14, 5, 34], "size": [1, 1, 7], "pivot": [14.5, 5.5, 43], "rotation": [0, 0, 75], "uv": [187, 206]},
						{"origin": [14, 5, 34], "size": [1, 1, 7], "pivot": [14.5, 5.5, 43], "rotation": [0, 0, 112.5], "uv": [171, 206]},
						{"origin": [14, 5, 34], "size": [1, 1, 7], "pivot": [14.5, 5.5, 43], "rotation": [0, 0, 150], "uv": [205, 146]},
						{"origin": [14, 5, 34], "size": [1, 1, 7], "pivot": [14.5, 5.5, 43], "rotation": [0, 0, -172.5], "uv": [205, 5]},
						{"origin": [14, 5, 34], "size": [1, 1, 7], "pivot": [14.5, 5.5, 43], "rotation": [0, 0, -135], "uv": [77, 204]},
						{"origin": [14, 5, 34], "size": [1, 1, 7], "pivot": [14.5, 5.5, 43], "rotation": [0, 0, -97.5], "uv": [20, 204]},
						{"origin": [14, 5, 34], "size": [1, 1, 7], "pivot": [14.5, 5.5, 43], "rotation": [0, 0, -60], "uv": [203, 191]},
						{"origin": [14, 5, 40.05], "size": [1, 1, 1], "uv": [167, 114]}
					]
				},
				{
					"name": "exhaust2",
					"parent": "back",
					"pivot": [12, 7, 35],
					"cubes": [
						{"origin": [12, 5, 34], "size": [1, 1, 7], "pivot": [12.5, 5.5, 43], "rotation": [0, 0, -22.5], "uv": [58, 202]},
						{"origin": [12, 5, 40.05], "size": [1, 1, 1], "uv": [167, 88]},
						{"origin": [12, 5, 34], "size": [1, 1, 7], "pivot": [12.5, 5.5, 43], "rotation": [0, 0, 10], "uv": [40, 202]},
						{"origin": [12, 5, 34], "size": [1, 1, 7], "pivot": [12.5, 5.5, 43], "rotation": [0, 0, 37.5], "uv": [88, 183]},
						{"origin": [12, 5, 34], "size": [1, 1, 7], "pivot": [12.5, 5.5, 43], "rotation": [0, 0, 75], "uv": [88, 175]},
						{"origin": [12, 5, 34], "size": [1, 1, 7], "pivot": [12.5, 5.5, 43], "rotation": [0, 0, 112.5], "uv": [174, 122]},
						{"origin": [12, 5, 34], "size": [1, 1, 7], "pivot": [12.5, 5.5, 43], "rotation": [0, 0, 150], "uv": [174, 114]},
						{"origin": [12, 5, 34], "size": [1, 1, 7], "pivot": [12.5, 5.5, 43], "rotation": [0, 0, -172.5], "uv": [155, 156]},
						{"origin": [12, 5, 34], "size": [1, 1, 7], "pivot": [12.5, 5.5, 43], "rotation": [0, 0, -135], "uv": [155, 103]},
						{"origin": [12, 5, 34], "size": [1, 1, 7], "pivot": [12.5, 5.5, 43], "rotation": [0, 0, -97.5], "uv": [120, 111]},
						{"origin": [12, 5, 34], "size": [1, 1, 7], "pivot": [12.5, 5.5, 43], "rotation": [0, 0, -60], "uv": [120, 103]}
					]
				},
				{
					"name": "wing",
					"parent": "back",
					"pivot": [0, 0, 2],
					"cubes": [
						{"origin": [17, 16, 33], "size": [4, 1, 5], "pivot": [17, 16, 37], "rotation": [0, 0, -50], "uv": [198, 77]},
						{"origin": [18, 23, 34], "size": [1, 1, 8], "uv": [198, 119]},
						{"origin": [18, 22.9, 41], "size": [1, 1, 1], "uv": [105, 156]},
						{"origin": [-19, 22.9, 41], "size": [1, 1, 1], "uv": [148, 32]},
						{"origin": [-19, 23, 34], "size": [1, 1, 8], "uv": [140, 181]},
						{"origin": [18, 21, 34], "size": [1, 2, 2], "uv": [116, 16]},
						{"origin": [-19, 21, 34], "size": [1, 2, 2], "uv": [50, 108]},
						{"origin": [18, 22, 36], "size": [1, 1, 3], "uv": [0, 194]},
						{"origin": [-18, 22, 35], "size": [36, 1, 3], "uv": [94, 84]},
						{"origin": [-18, 22, 38], "size": [36, 1, 3], "pivot": [14, 22, 38], "rotation": [12.5, 0, 0], "uv": [93, 93]},
						{"origin": [-19, 22, 36], "size": [1, 1, 3], "uv": [164, 168]},
						{"origin": [18, 21, 36], "size": [1, 1, 6], "pivot": [15, 21, 36], "rotation": [17.5, 0, 0], "uv": [54, 175]},
						{"origin": [18, 21, 41.28], "size": [1, 1, 1], "pivot": [15, 21, 36], "rotation": [17.5, 0, 0], "uv": [32, 125]},
						{"origin": [-19, 21, 41.28], "size": [1, 1, 1], "pivot": [-22, 21, 36], "rotation": [17.5, 0, 0], "uv": [72, 115]},
						{"origin": [-19, 21, 36], "size": [1, 1, 6], "pivot": [-22, 21, 36], "rotation": [17.5, 0, 0], "uv": [68, 141]},
						{"origin": [-21, 16, 33], "size": [4, 1, 5], "pivot": [-17, 16, 37], "rotation": [0, 0, 50], "uv": [197, 104]},
						{"origin": [-24.7735, 19.45, 35], "size": [4, 1, 3], "pivot": [-20, 19, 33], "rotation": [0, 0, 85], "uv": [205, 209]},
						{"origin": [-22.5, 19.45, 34], "size": [2, 1, 1], "pivot": [-20, 19, 32], "rotation": [0, 0, 85], "uv": [140, 194]},
						{"origin": [-21.04, 19.45, 33], "size": [1, 1, 5], "pivot": [-20, 19, 32], "rotation": [0, 0, 85], "uv": [107, 64]},
						{"origin": [-23.04, 19.45, 37.2], "size": [1, 1, 1], "pivot": [-20, 19, 32], "rotation": [0, 0, 85], "uv": [114, 71]},
						{"origin": [-24.7735, 19.45, 38], "size": [2, 1, 1], "pivot": [-20, 19, 34], "rotation": [0, 0, 85], "uv": [191, 111]},
						{"origin": [-24.7735, 19.45, 33], "size": [5, 1, 1], "pivot": [-20, 19, 34], "rotation": [0, 22.5, 85], "uv": [84, 152]},
						{"origin": [-24.7735, 19.45, 37], "size": [5, 1, 1], "pivot": [-20, 19, 38], "rotation": [0, 22.5, 85], "uv": [40, 146]},
						{"origin": [20.7735, 19.45, 35], "size": [4, 1, 3], "pivot": [20, 19, 33], "rotation": [0, 0, -85], "uv": [206, 0]},
						{"origin": [22.7735, 19.45, 38], "size": [2, 1, 1], "pivot": [20, 19, 34], "rotation": [0, 0, -85], "uv": [189, 55]},
						{"origin": [20.5, 19.45, 34], "size": [2, 1, 1], "pivot": [20, 19, 30], "rotation": [0, 0, -85], "uv": [169, 189]},
						{"origin": [20.04, 19.45, 33], "size": [1, 1, 5], "pivot": [20, 19, 30], "rotation": [0, 0, -85], "uv": [106, 106]},
						{"origin": [22.04, 19.45, 37.2], "size": [1, 1, 1], "pivot": [20, 19, 30], "rotation": [0, 0, -85], "uv": [99, 112]},
						{"origin": [19.7735, 19.45, 33], "size": [5, 1, 1], "pivot": [20, 19, 34], "rotation": [0, -22.5, -85], "uv": [20, 122]},
						{"origin": [19.7735, 19.45, 37], "size": [5, 1, 1], "pivot": [20, 19, 38], "rotation": [0, -22.5, -85], "uv": [106, 112]}
					]
				},
				{
					"name": "fronttires",
					"pivot": [0, 0, 0]
				},
				{
					"name": "fronttire1",
					"parent": "fronttires",
					"pivot": [18, 7, -24]
				},
				{
					"name": "ftl",
					"parent": "fronttire1",
					"pivot": [27, -1, -32],
					"cubes": [
						{"origin": [15.5, 5.60761, -31], "size": [4, 2.78477, 1.6], "pivot": [19, 7, -24], "rotation": [45, 0, 0], "uv": [150, 220]},
						{"origin": [15.5, 5.60761, -31], "size": [4, 2.78477, 1.6], "pivot": [19, 7, -24], "rotation": [22.5, 0, 0], "uv": [62, 220]},
						{"origin": [15.5, 5.60761, -31], "size": [4, 2.78477, 1.6], "uv": [0, 220]},
						{"origin": [15.5, 5.60761, -31], "size": [4, 2.78477, 1.6], "pivot": [19, 7, -24], "rotation": [-22.5, 0, 0], "uv": [219, 139]},
						{"origin": [15.5, 5.60761, -31], "size": [4, 2.78477, 1.6], "pivot": [19, 7, -24], "rotation": [-45, 0, 0], "uv": [116, 219]},
						{"origin": [15.5, 5.60761, -18.6], "size": [4, 2.78477, 1.6], "pivot": [19, 7, -24], "rotation": [45, 0, 0], "uv": [80, 219]},
						{"origin": [15.5, 5.60761, -18.6], "size": [4, 2.78477, 1.6], "pivot": [19, 7, -24], "rotation": [22.5, 0, 0], "uv": [218, 115]},
						{"origin": [15.5, 5.60761, -18.6], "size": [4, 2.78477, 1.6], "uv": [218, 112]},
						{"origin": [15.5, 5.60761, -18.6], "size": [4, 2.78477, 1.6], "pivot": [19, 7, -24], "rotation": [-22.5, 0, 0], "uv": [106, 218]},
						{"origin": [15.5, 5.60761, -18.6], "size": [4, 2.78477, 1.6], "pivot": [19, 7, -24], "rotation": [-45, 0, 0], "uv": [53, 218]},
						{"origin": [15.5, 0, -25.39239], "size": [4, 1.6, 2.78477], "pivot": [19, 7, -24], "rotation": [22.5, 0, 0], "uv": [150, 183]},
						{"origin": [15.5, 0, -25.39239], "size": [4, 1.6, 2.78477], "uv": [150, 180]},
						{"origin": [15.5, 0, -25.39239], "size": [4, 1.6, 2.78477], "pivot": [19, 7, -24], "rotation": [-22.5, 0, 0], "uv": [12, 169]},
						{"origin": [15.5, 12.4, -25.39239], "size": [4, 1.6, 2.78477], "pivot": [19, 7, -24], "rotation": [22.5, 0, 0], "uv": [12, 166]},
						{"origin": [15.5, 12.4, -25.39239], "size": [4, 1.6, 2.78477], "uv": [12, 163]},
						{"origin": [15.5, 12.4, -25.39239], "size": [4, 1.6, 2.78477], "pivot": [19, 7, -24], "rotation": [-22.5, 0, 0], "uv": [97, 161]}
					]
				},
				{
					"name": "frl",
					"parent": "fronttire1",
					"pivot": [27, -1, -32],
					"cubes": [
						{"origin": [16, 5.92587, -29.4], "size": [3, 2.14825, 1], "pivot": [19, 7, -24], "rotation": [45, 0, 0], "uv": [224, 194]},
						{"origin": [16, 5.92587, -29.4], "size": [3, 2.14825, 1], "pivot": [19, 7, -24], "rotation": [22.5, 0, 0], "uv": [224, 164]},
						{"origin": [16, 5.92587, -29.4], "size": [3, 2.14825, 1], "uv": [224, 135]},
						{"origin": [16, 5.92587, -29.4], "size": [3, 2.14825, 1], "pivot": [19, 7, -24], "rotation": [-22.5, 0, 0], "uv": [224, 106]},
						{"origin": [16, 5.92587, -29.4], "size": [3, 2.14825, 1], "pivot": [19, 7, -24], "rotation": [-45, 0, 0], "uv": [224, 80]},
						{"origin": [16, 5.92587, -19.6], "size": [3, 2.14825, 1], "pivot": [19, 7, -24], "rotation": [45, 0, 0], "uv": [224, 3]},
						{"origin": [16, 5.92587, -19.6], "size": [3, 2.14825, 1], "pivot": [19, 7, -24], "rotation": [22.5, 0, 0], "uv": [219, 224]},
						{"origin": [16, 5.92587, -19.6], "size": [3, 2.14825, 1], "uv": [211, 224]},
						{"origin": [16, 5.92587, -19.6], "size": [3, 2.14825, 1], "pivot": [19, 7, -24], "rotation": [-22.5, 0, 0], "uv": [157, 224]},
						{"origin": [16, 5.92587, -19.6], "size": [3, 2.14825, 1], "pivot": [19, 7, -24], "rotation": [-45, 0, 0], "uv": [106, 224]},
						{"origin": [16, 1.6, -25.07413], "size": [3, 1, 2.14825], "pivot": [19, 7, -24], "rotation": [22.5, 0, 0], "uv": [18, 218]},
						{"origin": [16, 1.6, -25.07413], "size": [3, 1, 2.14825], "uv": [217, 211]},
						{"origin": [16, 1.6, -25.07413], "size": [3, 1, 2.14825], "pivot": [19, 7, -24], "rotation": [-22.5, 0, 0], "uv": [217, 155]},
						{"origin": [16, 11.4, -25.07413], "size": [3, 1, 2.14825], "pivot": [19, 7, -24], "rotation": [22.5, 0, 0], "uv": [217, 121]},
						{"origin": [16, 11.4, -25.07413], "size": [3, 1, 2.14825], "uv": [217, 109]},
						{"origin": [16, 11.4, -25.07413], "size": [3, 1, 2.14825], "pivot": [19, 7, -24], "rotation": [-22.5, 0, 0], "uv": [180, 217]}
					]
				},
				{
					"name": "axlefront",
					"parent": "fronttire1",
					"pivot": [2, 0, 0],
					"cubes": [
						{"origin": [16.52, 6.5, -24.5], "size": [2, 1, 1], "uv": [163, 189]},
						{"origin": [12.52, 6, -25], "size": [5, 2, 2], "uv": [180, 206]},
						{"origin": [16.52, 8, -24.5], "size": [2, 1, 1], "uv": [157, 189]},
						{"origin": [16.52, 8, -24.5], "size": [2, 1, 1], "pivot": [19, 7, -24], "rotation": [27.5, 0, 0], "uv": [31, 189]},
						{"origin": [16.52, 8, -24.5], "size": [2, 1, 1], "pivot": [19, 7, -24], "rotation": [55, 0, 0], "uv": [188, 28]},
						{"origin": [16.52, 8, -24.5], "size": [2, 1, 1], "pivot": [19, 7, -24], "rotation": [82.5, 0, 0], "uv": [71, 188]},
						{"origin": [16.52, 8, -24.5], "size": [2, 1, 1], "pivot": [19, 7, -24], "rotation": [110, 0, 0], "uv": [62, 186]},
						{"origin": [16.52, 8, -24.5], "size": [2, 1, 1], "pivot": [19, 7, -24], "rotation": [137.5, 0, 0], "uv": [54, 186]},
						{"origin": [16.52, 8, -24.5], "size": [2, 1, 1], "pivot": [19, 7, -24], "rotation": [165, 0, 0], "uv": [32, 186]},
						{"origin": [16.52, 8, -24.5], "size": [2, 1, 1], "pivot": [19, 7, -24], "rotation": [-167.5, 0, 0], "uv": [0, 186]},
						{"origin": [16.52, 8, -24.5], "size": [2, 1, 1], "pivot": [19, 7, -24], "rotation": [-140, 0, 0], "uv": [185, 111]},
						{"origin": [16.52, 8, -24.5], "size": [2, 1, 1], "pivot": [19, 7, -24], "rotation": [-112.5, 0, 0], "uv": [185, 96]},
						{"origin": [16.52, 8, -24.5], "size": [2, 1, 1], "pivot": [19, 7, -24], "rotation": [-85, 0, 0], "uv": [182, 28]},
						{"origin": [16.52, 8, -24.5], "size": [2, 1, 1], "pivot": [19, 7, -24], "rotation": [-57.5, 0, 0], "uv": [97, 180]},
						{"origin": [16.52, 8, -24.5], "size": [2, 1, 1], "pivot": [19, 7, -24], "rotation": [-30, 0, 0], "uv": [179, 111]}
					]
				},
				{
					"name": "fal",
					"parent": "fronttire1",
					"pivot": [18, 7, -24],
					"cubes": [
						{"origin": [17, 9, -24.5], "size": [1, 3, 1], "uv": [16, 224]},
						{"origin": [17, 9, -24.5], "size": [1, 3, 1], "pivot": [18, 7, -24], "rotation": [45, 0, 0], "uv": [203, 223]},
						{"origin": [17, 9, -24.5], "size": [1, 3, 1], "pivot": [18, 7, -24], "rotation": [90, 0, 0], "uv": [142, 223]},
						{"origin": [17, 9, -24.5], "size": [1, 3, 1], "pivot": [18, 7, -24], "rotation": [137.5, 0, 0], "uv": [130, 222]},
						{"origin": [17, 9, -24.5], "size": [1, 3, 1], "pivot": [18, 7, -24], "rotation": [180, 0, 0], "uv": [85, 222]},
						{"origin": [17, 9, -24.5], "size": [1, 3, 1], "pivot": [18, 7, -24], "rotation": [-135, 0, 0], "uv": [162, 217]},
						{"origin": [17, 9, -24.5], "size": [1, 3, 1], "pivot": [18, 7, -24], "rotation": [-90, 0, 0], "uv": [153, 212]},
						{"origin": [17, 9, -24.5], "size": [1, 3, 1], "pivot": [18, 7, -24], "rotation": [-45, 0, 0], "uv": [211, 122]},
						{"origin": [17, 9, -24.5], "size": [1, 3, 1], "pivot": [18, 7, -24], "rotation": [-22.5, 0, 0], "uv": [159, 210]},
						{"origin": [17, 9, -24.5], "size": [1, 3, 1], "pivot": [18, 7, -24], "rotation": [22.5, 0, 0], "uv": [150, 209]},
						{"origin": [17, 9, -24.5], "size": [1, 3, 1], "pivot": [18, 7, -24], "rotation": [67.5, 0, 0], "uv": [208, 119]},
						{"origin": [17, 9, -24.5], "size": [1, 3, 1], "pivot": [18, 7, -24], "rotation": [112.5, 0, 0], "uv": [205, 131]},
						{"origin": [17, 9, -24.5], "size": [1, 3, 1], "pivot": [18, 7, -24], "rotation": [157.5, 0, 0], "uv": [0, 203]},
						{"origin": [17, 9, -24.5], "size": [1, 3, 1], "pivot": [18, 7, -24], "rotation": [-157.5, 0, 0], "uv": [197, 104]},
						{"origin": [17, 9, -24.5], "size": [1, 3, 1], "pivot": [18, 7, -24], "rotation": [-112.5, 0, 0], "uv": [190, 189]},
						{"origin": [17, 9, -24.5], "size": [1, 3, 1], "pivot": [18, 7, -24], "rotation": [-67.5, 0, 0], "uv": [176, 189]}
					]
				},
				{
					"name": "fronttire2",
					"parent": "fronttires",
					"pivot": [-18, 7, -24]
				},
				{
					"name": "ftr",
					"parent": "fronttire2",
					"pivot": [-8, -1, -32],
					"cubes": [
						{"origin": [-19.5, 5.60761, -31], "size": [4, 2.78477, 1.6], "pivot": [-16, 7, -24], "rotation": [45, 0, 0], "uv": [217, 118]},
						{"origin": [-19.5, 5.60761, -31], "size": [4, 2.78477, 1.6], "pivot": [-16, 7, -24], "rotation": [22.5, 0, 0], "uv": [217, 100]},
						{"origin": [-19.5, 5.60761, -31], "size": [4, 2.78477, 1.6], "uv": [217, 97]},
						{"origin": [-19.5, 5.60761, -31], "size": [4, 2.78477, 1.6], "pivot": [-16, 7, -24], "rotation": [-22.5, 0, 0], "uv": [217, 91]},
						{"origin": [-19.5, 5.60761, -31], "size": [4, 2.78477, 1.6], "pivot": [-16, 7, -24], "rotation": [-45, 0, 0], "uv": [217, 88]},
						{"origin": [-19.5, 5.60761, -18.6], "size": [4, 2.78477, 1.6], "pivot": [-16, 7, -24], "rotation": [45, 0, 0], "uv": [217, 0]},
						{"origin": [-19.5, 5.60761, -18.6], "size": [4, 2.78477, 1.6], "pivot": [-16, 7, -24], "rotation": [22.5, 0, 0], "uv": [217, 217]},
						{"origin": [-19.5, 5.60761, -18.6], "size": [4, 2.78477, 1.6], "uv": [207, 217]},
						{"origin": [-19.5, 5.60761, -18.6], "size": [4, 2.78477, 1.6], "pivot": [-16, 7, -24], "rotation": [-22.5, 0, 0], "uv": [197, 217]},
						{"origin": [-19.5, 5.60761, -18.6], "size": [4, 2.78477, 1.6], "pivot": [-16, 7, -24], "rotation": [-45, 0, 0], "uv": [170, 217]},
						{"origin": [-19.5, 0, -25.39239], "size": [4, 1.6, 2.78477], "pivot": [-16, 7, -24], "rotation": [22.5, 0, 0], "uv": [159, 127]},
						{"origin": [-19.5, 0, -25.39239], "size": [4, 1.6, 2.78477], "uv": [159, 124]},
						{"origin": [-19.5, 0, -25.39239], "size": [4, 1.6, 2.78477], "pivot": [-16, 7, -24], "rotation": [-22.5, 0, 0], "uv": [159, 121]},
						{"origin": [-19.5, 12.4, -25.39239], "size": [4, 1.6, 2.78477], "pivot": [-16, 7, -24], "rotation": [22.5, 0, 0], "uv": [159, 118]},
						{"origin": [-19.5, 12.4, -25.39239], "size": [4, 1.6, 2.78477], "uv": [158, 77]},
						{"origin": [-19.5, 12.4, -25.39239], "size": [4, 1.6, 2.78477], "pivot": [-16, 7, -24], "rotation": [-22.5, 0, 0], "uv": [158, 74]}
					]
				},
				{
					"name": "frr",
					"parent": "fronttire2",
					"pivot": [-8, -1, -32],
					"cubes": [
						{"origin": [-19, 5.92587, -29.4], "size": [3, 2.14825, 1], "pivot": [-16, 7, -24], "rotation": [45, 0, 0], "uv": [68, 224]},
						{"origin": [-19, 5.92587, -29.4], "size": [3, 2.14825, 1], "pivot": [-16, 7, -24], "rotation": [22.5, 0, 0], "uv": [223, 214]},
						{"origin": [-19, 5.92587, -29.4], "size": [3, 2.14825, 1], "uv": [223, 148]},
						{"origin": [-19, 5.92587, -29.4], "size": [3, 2.14825, 1], "pivot": [-16, 7, -24], "rotation": [-22.5, 0, 0], "uv": [223, 126]},
						{"origin": [-19, 5.92587, -29.4], "size": [3, 2.14825, 1], "pivot": [-16, 7, -24], "rotation": [-45, 0, 0], "uv": [223, 19]},
						{"origin": [-19, 5.92587, -19.6], "size": [3, 2.14825, 1], "pivot": [-16, 7, -24], "rotation": [45, 0, 0], "uv": [223, 6]},
						{"origin": [-19, 5.92587, -19.6], "size": [3, 2.14825, 1], "pivot": [-16, 7, -24], "rotation": [22.5, 0, 0], "uv": [195, 223]},
						{"origin": [-19, 5.92587, -19.6], "size": [3, 2.14825, 1], "uv": [170, 223]},
						{"origin": [-19, 5.92587, -19.6], "size": [3, 2.14825, 1], "pivot": [-16, 7, -24], "rotation": [-22.5, 0, 0], "uv": [149, 223]},
						{"origin": [-19, 5.92587, -19.6], "size": [3, 2.14825, 1], "pivot": [-16, 7, -24], "rotation": [-45, 0, 0], "uv": [122, 223]},
						{"origin": [-19, 1.6, -25.07413], "size": [3, 1, 2.14825], "pivot": [-16, 7, -24], "rotation": [22.5, 0, 0], "uv": [150, 217]},
						{"origin": [-19, 1.6, -25.07413], "size": [3, 1, 2.14825], "uv": [71, 217]},
						{"origin": [-19, 1.6, -25.07413], "size": [3, 1, 2.14825], "pivot": [-16, 7, -24], "rotation": [-22.5, 0, 0], "uv": [216, 207]},
						{"origin": [-19, 11.4, -25.07413], "size": [3, 1, 2.14825], "pivot": [-16, 7, -24], "rotation": [22.5, 0, 0], "uv": [216, 94]},
						{"origin": [-19, 11.4, -25.07413], "size": [3, 1, 2.14825], "uv": [124, 216]},
						{"origin": [-19, 11.4, -25.07413], "size": [3, 1, 2.14825], "pivot": [-16, 7, -24], "rotation": [-22.5, 0, 0], "uv": [188, 215]}
					]
				},
				{
					"name": "axlefront2",
					"parent": "fronttire2",
					"pivot": [-35, 0, 0],
					"cubes": [
						{"origin": [-18.52, 6.5, -24.5], "size": [2, 1, 1], "uv": [62, 179]},
						{"origin": [-18.52, 8, -24.5], "size": [2, 1, 1], "uv": [54, 179]},
						{"origin": [-18.52, 8, -24.5], "size": [2, 1, 1], "pivot": [-18, 7, -24], "rotation": [27.5, 0, 0], "uv": [176, 28]},
						{"origin": [-18.52, 8, -24.5], "size": [2, 1, 1], "pivot": [-18, 7, -24], "rotation": [55, 0, 0], "uv": [45, 175]},
						{"origin": [-18.52, 8, -24.5], "size": [2, 1, 1], "pivot": [-18, 7, -24], "rotation": [82.5, 0, 0], "uv": [39, 175]},
						{"origin": [-18.52, 8, -24.5], "size": [2, 1, 1], "pivot": [-18, 7, -24], "rotation": [110, 0, 0], "uv": [33, 175]},
						{"origin": [-18.52, 8, -24.5], "size": [2, 1, 1], "pivot": [-18, 7, -24], "rotation": [137.5, 0, 0], "uv": [27, 175]},
						{"origin": [-18.52, 8, -24.5], "size": [2, 1, 1], "pivot": [-18, 7, -24], "rotation": [165, 0, 0], "uv": [173, 111]},
						{"origin": [-18.52, 8, -24.5], "size": [2, 1, 1], "pivot": [-18, 7, -24], "rotation": [-167.5, 0, 0], "uv": [136, 171]},
						{"origin": [-18.52, 8, -24.5], "size": [2, 1, 1], "pivot": [-18, 7, -24], "rotation": [-140, 0, 0], "uv": [130, 171]},
						{"origin": [-18.52, 8, -24.5], "size": [2, 1, 1], "pivot": [-18, 7, -24], "rotation": [-112.5, 0, 0], "uv": [124, 171]},
						{"origin": [-18.52, 8, -24.5], "size": [2, 1, 1], "pivot": [-18, 7, -24], "rotation": [-85, 0, 0], "uv": [118, 171]},
						{"origin": [-18.52, 8, -24.5], "size": [2, 1, 1], "pivot": [-18, 7, -24], "rotation": [-57.5, 0, 0], "uv": [112, 171]},
						{"origin": [-18.52, 8, -24.5], "size": [2, 1, 1], "pivot": [-18, 7, -24], "rotation": [-30, 0, 0], "uv": [106, 171]},
						{"origin": [-17.52, 6, -25], "size": [5, 2, 2], "uv": [170, 200]}
					]
				},
				{
					"name": "far",
					"parent": "fronttire2",
					"pivot": [18, 7, -24],
					"cubes": [
						{"origin": [-18, 9, -24.5], "size": [1, 3, 1], "uv": [180, 160]},
						{"origin": [-18, 9, -24.5], "size": [1, 3, 1], "pivot": [-17, 7, -24], "rotation": [45, 0, 0], "uv": [180, 151]},
						{"origin": [-18, 9, -24.5], "size": [1, 3, 1], "pivot": [-17, 7, -24], "rotation": [90, 0, 0], "uv": [180, 146]},
						{"origin": [-18, 9, -24.5], "size": [1, 3, 1], "pivot": [-17, 7, -24], "rotation": [137.5, 0, 0], "uv": [179, 93]},
						{"origin": [-18, 9, -24.5], "size": [1, 3, 1], "pivot": [-17, 7, -24], "rotation": [180, 0, 0], "uv": [179, 88]},
						{"origin": [-18, 9, -24.5], "size": [1, 3, 1], "pivot": [-17, 7, -24], "rotation": [-135, 0, 0], "uv": [174, 160]},
						{"origin": [-18, 9, -24.5], "size": [1, 3, 1], "pivot": [-17, 7, -24], "rotation": [-90, 0, 0], "uv": [174, 151]},
						{"origin": [-18, 9, -24.5], "size": [1, 3, 1], "pivot": [-17, 7, -24], "rotation": [-45, 0, 0], "uv": [174, 146]},
						{"origin": [-18, 9, -24.5], "size": [1, 3, 1], "pivot": [-17, 7, -24], "rotation": [-22.5, 0, 0], "uv": [174, 131]},
						{"origin": [-18, 9, -24.5], "size": [1, 3, 1], "pivot": [-17, 7, -24], "rotation": [22.5, 0, 0], "uv": [173, 93]},
						{"origin": [-18, 9, -24.5], "size": [1, 3, 1], "pivot": [-17, 7, -24], "rotation": [67.5, 0, 0], "uv": [173, 88]},
						{"origin": [-18, 9, -24.5], "size": [1, 3, 1], "pivot": [-17, 7, -24], "rotation": [112.5, 0, 0], "uv": [6, 168]},
						{"origin": [-18, 9, -24.5], "size": [1, 3, 1], "pivot": [-17, 7, -24], "rotation": [157.5, 0, 0], "uv": [0, 168]},
						{"origin": [-18, 9, -24.5], "size": [1, 3, 1], "pivot": [-17, 7, -24], "rotation": [-157.5, 0, 0], "uv": [6, 163]},
						{"origin": [-18, 9, -24.5], "size": [1, 3, 1], "pivot": [-17, 7, -24], "rotation": [-112.5, 0, 0], "uv": [0, 163]},
						{"origin": [-18, 9, -24.5], "size": [1, 3, 1], "pivot": [-17, 7, -24], "rotation": [-67.5, 0, 0], "uv": [6, 157]}
					]
				},
				{
					"name": "backtires",
					"pivot": [0, 7, 24]
				},
				{
					"name": "backtire1",
					"parent": "backtires",
					"pivot": [18, 7, 24]
				},
				{
					"name": "btl",
					"parent": "backtire1",
					"pivot": [27, -1, 16],
					"cubes": [
						{"origin": [15.5, 5.60761, 17], "size": [4, 2.78477, 1.6], "pivot": [19, 7, 24], "rotation": [45, 0, 0], "uv": [216, 16]},
						{"origin": [15.5, 5.60761, 17], "size": [4, 2.78477, 1.6], "pivot": [19, 7, 24], "rotation": [22.5, 0, 0], "uv": [216, 13]},
						{"origin": [15.5, 5.60761, 17], "size": [4, 2.78477, 1.6], "uv": [63, 216]},
						{"origin": [15.5, 5.60761, 17], "size": [4, 2.78477, 1.6], "pivot": [19, 7, 24], "rotation": [-22.5, 0, 0], "uv": [215, 170]},
						{"origin": [15.5, 5.60761, 17], "size": [4, 2.78477, 1.6], "pivot": [19, 7, 24], "rotation": [-45, 0, 0], "uv": [215, 162]},
						{"origin": [15.5, 5.60761, 29.4], "size": [4, 2.78477, 1.6], "pivot": [19, 7, 24], "rotation": [45, 0, 0], "uv": [215, 159]},
						{"origin": [15.5, 5.60761, 29.4], "size": [4, 2.78477, 1.6], "pivot": [19, 7, 24], "rotation": [22.5, 0, 0], "uv": [116, 215]},
						{"origin": [15.5, 5.60761, 29.4], "size": [4, 2.78477, 1.6], "uv": [106, 215]},
						{"origin": [15.5, 5.60761, 29.4], "size": [4, 2.78477, 1.6], "pivot": [19, 7, 24], "rotation": [-22.5, 0, 0], "uv": [53, 215]},
						{"origin": [15.5, 5.60761, 29.4], "size": [4, 2.78477, 1.6], "pivot": [19, 7, 24], "rotation": [-45, 0, 0], "uv": [20, 215]},
						{"origin": [15.5, 0, 22.60761], "size": [4, 1.6, 2.78477], "pivot": [19, 7, 24], "rotation": [22.5, 0, 0], "uv": [158, 71]},
						{"origin": [15.5, 0, 22.60761], "size": [4, 1.6, 2.78477], "uv": [97, 158]},
						{"origin": [15.5, 0, 22.60761], "size": [4, 1.6, 2.78477], "pivot": [19, 7, 24], "rotation": [-22.5, 0, 0], "uv": [12, 158]},
						{"origin": [15.5, 12.4, 22.60761], "size": [4, 1.6, 2.78477], "pivot": [19, 7, 24], "rotation": [22.5, 0, 0], "uv": [12, 155]},
						{"origin": [15.5, 12.4, 22.60761], "size": [4, 1.6, 2.78477], "uv": [12, 152]},
						{"origin": [15.5, 12.4, 22.60761], "size": [4, 1.6, 2.78477], "pivot": [19, 7, 24], "rotation": [-22.5, 0, 0], "uv": [96, 146]}
					]
				},
				{
					"name": "brl",
					"parent": "backtire1",
					"pivot": [27, -1, 16],
					"cubes": [
						{"origin": [16, 5.92587, 18.6], "size": [3, 2.14825, 1], "pivot": [19, 7, 24], "rotation": [45, 0, 0], "uv": [60, 223]},
						{"origin": [16, 5.92587, 18.6], "size": [3, 2.14825, 1], "pivot": [19, 7, 24], "rotation": [22.5, 0, 0], "uv": [8, 223]},
						{"origin": [16, 5.92587, 18.6], "size": [3, 2.14825, 1], "uv": [0, 223]},
						{"origin": [16, 5.92587, 18.6], "size": [3, 2.14825, 1], "pivot": [19, 7, 24], "rotation": [-22.5, 0, 0], "uv": [222, 191]},
						{"origin": [16, 5.92587, 18.6], "size": [3, 2.14825, 1], "pivot": [19, 7, 24], "rotation": [-45, 0, 0], "uv": [222, 132]},
						{"origin": [16, 5.92587, 28.4], "size": [3, 2.14825, 1], "pivot": [19, 7, 24], "rotation": [45, 0, 0], "uv": [114, 222]},
						{"origin": [16, 5.92587, 28.4], "size": [3, 2.14825, 1], "pivot": [19, 7, 24], "rotation": [22.5, 0, 0], "uv": [77, 222]},
						{"origin": [16, 5.92587, 28.4], "size": [3, 2.14825, 1], "uv": [19, 222]},
						{"origin": [16, 5.92587, 28.4], "size": [3, 2.14825, 1], "pivot": [19, 7, 24], "rotation": [-22.5, 0, 0], "uv": [221, 203]},
						{"origin": [16, 5.92587, 28.4], "size": [3, 2.14825, 1], "pivot": [19, 7, 24], "rotation": [-45, 0, 0], "uv": [221, 198]},
						{"origin": [16, 1.6, 22.92587], "size": [3, 1, 2.14825], "pivot": [19, 7, 24], "rotation": [22.5, 0, 0], "uv": [214, 149]},
						{"origin": [16, 1.6, 22.92587], "size": [3, 1, 2.14825], "uv": [214, 146]},
						{"origin": [16, 1.6, 22.92587], "size": [3, 1, 2.14825], "pivot": [19, 7, 24], "rotation": [-22.5, 0, 0], "uv": [214, 81]},
						{"origin": [16, 11.4, 22.92587], "size": [3, 1, 2.14825], "pivot": [19, 7, 24], "rotation": [22.5, 0, 0], "uv": [214, 7]},
						{"origin": [16, 11.4, 22.92587], "size": [3, 1, 2.14825], "uv": [213, 214]},
						{"origin": [16, 11.4, 22.92587], "size": [3, 1, 2.14825], "pivot": [19, 7, 24], "rotation": [-22.5, 0, 0], "uv": [79, 214]}
					]
				},
				{
					"name": "axleback",
					"parent": "backtire1",
					"pivot": [2, 0, 48],
					"cubes": [
						{"origin": [16.52, 6.5, 23.5], "size": [2, 1, 1], "uv": [100, 171]},
						{"origin": [16.52, 8, 23.5], "size": [2, 1, 1], "uv": [94, 171]},
						{"origin": [16.52, 8, 23.5], "size": [2, 1, 1], "pivot": [19, 7, 24], "rotation": [27.5, 0, 0], "uv": [154, 165]},
						{"origin": [16.52, 8, 23.5], "size": [2, 1, 1], "pivot": [19, 7, 24], "rotation": [55, 0, 0], "uv": [148, 165]},
						{"origin": [16.52, 8, 23.5], "size": [2, 1, 1], "pivot": [19, 7, 24], "rotation": [82.5, 0, 0], "uv": [142, 165]},
						{"origin": [16.52, 8, 23.5], "size": [2, 1, 1], "pivot": [19, 7, 24], "rotation": [110, 0, 0], "uv": [136, 165]},
						{"origin": [16.52, 8, 23.5], "size": [2, 1, 1], "pivot": [19, 7, 24], "rotation": [137.5, 0, 0], "uv": [75, 165]},
						{"origin": [16.52, 8, 23.5], "size": [2, 1, 1], "pivot": [19, 7, 24], "rotation": [165, 0, 0], "uv": [69, 165]},
						{"origin": [16.52, 8, 23.5], "size": [2, 1, 1], "pivot": [19, 7, 24], "rotation": [-167.5, 0, 0], "uv": [63, 165]},
						{"origin": [16.52, 8, 23.5], "size": [2, 1, 1], "pivot": [19, 7, 24], "rotation": [-140, 0, 0], "uv": [57, 165]},
						{"origin": [16.52, 8, 23.5], "size": [2, 1, 1], "pivot": [19, 7, 24], "rotation": [-112.5, 0, 0], "uv": [51, 165]},
						{"origin": [16.52, 8, 23.5], "size": [2, 1, 1], "pivot": [19, 7, 24], "rotation": [-85, 0, 0], "uv": [45, 165]},
						{"origin": [16.52, 8, 23.5], "size": [2, 1, 1], "pivot": [19, 7, 24], "rotation": [-57.5, 0, 0], "uv": [39, 165]},
						{"origin": [16.52, 8, 23.5], "size": [2, 1, 1], "pivot": [19, 7, 24], "rotation": [-30, 0, 0], "uv": [33, 165]},
						{"origin": [12.52, 6, 23], "size": [5, 2, 2], "uv": [140, 190]}
					]
				},
				{
					"name": "bal",
					"parent": "backtire1",
					"pivot": [18, 7, 24],
					"cubes": [
						{"origin": [17, 9, 23.5], "size": [1, 3, 1], "uv": [0, 157]},
						{"origin": [17, 9, 23.5], "size": [1, 3, 1], "pivot": [18, 7, 24], "rotation": [45, 0, 0], "uv": [154, 30]},
						{"origin": [17, 9, 23.5], "size": [1, 3, 1], "pivot": [18, 7, 24], "rotation": [90, 0, 0], "uv": [153, 125]},
						{"origin": [17, 9, 23.5], "size": [1, 3, 1], "pivot": [18, 7, 24], "rotation": [137.5, 0, 0], "uv": [153, 120]},
						{"origin": [17, 9, 23.5], "size": [1, 3, 1], "pivot": [18, 7, 24], "rotation": [180, 0, 0], "uv": [152, 73]},
						{"origin": [17, 9, 23.5], "size": [1, 3, 1], "pivot": [18, 7, 24], "rotation": [-135, 0, 0], "uv": [6, 152]},
						{"origin": [17, 9, 23.5], "size": [1, 3, 1], "pivot": [18, 7, 24], "rotation": [-90, 0, 0], "uv": [0, 152]},
						{"origin": [17, 9, 23.5], "size": [1, 3, 1], "pivot": [18, 7, 24], "rotation": [-45, 0, 0], "uv": [147, 125]},
						{"origin": [17, 9, 23.5], "size": [1, 3, 1], "pivot": [18, 7, 24], "rotation": [-22.5, 0, 0], "uv": [147, 120]},
						{"origin": [17, 9, 23.5], "size": [1, 3, 1], "pivot": [18, 7, 24], "rotation": [22.5, 0, 0], "uv": [146, 73]},
						{"origin": [17, 9, 23.5], "size": [1, 3, 1], "pivot": [18, 7, 24], "rotation": [67.5, 0, 0], "uv": [62, 146]},
						{"origin": [17, 9, 23.5], "size": [1, 3, 1], "pivot": [18, 7, 24], "rotation": [112.5, 0, 0], "uv": [56, 146]},
						{"origin": [17, 9, 23.5], "size": [1, 3, 1], "pivot": [18, 7, 24], "rotation": [157.5, 0, 0], "uv": [21, 125]},
						{"origin": [17, 9, 23.5], "size": [1, 3, 1], "pivot": [18, 7, 24], "rotation": [-157.5, 0, 0], "uv": [14, 125]},
						{"origin": [17, 9, 23.5], "size": [1, 3, 1], "pivot": [18, 7, 24], "rotation": [-112.5, 0, 0], "uv": [7, 125]},
						{"origin": [17, 9, 23.5], "size": [1, 3, 1], "pivot": [18, 7, 24], "rotation": [-67.5, 0, 0], "uv": [34, 108]}
					]
				},
				{
					"name": "backtire2",
					"parent": "backtires",
					"pivot": [-18, 7, 24]
				},
				{
					"name": "btr",
					"parent": "backtire2",
					"pivot": [-8, -1, 16],
					"cubes": [
						{"origin": [-19.5, 5.60761, 17], "size": [4, 2.78477, 1.6], "pivot": [-16, 7, 24], "rotation": [45, 0, 0], "uv": [214, 4]},
						{"origin": [-19.5, 5.60761, 17], "size": [4, 2.78477, 1.6], "pivot": [-16, 7, 24], "rotation": [22.5, 0, 0], "uv": [180, 214]},
						{"origin": [-19.5, 5.60761, 17], "size": [4, 2.78477, 1.6], "uv": [170, 214]},
						{"origin": [-19.5, 5.60761, 17], "size": [4, 2.78477, 1.6], "pivot": [-16, 7, 24], "rotation": [-22.5, 0, 0], "uv": [205, 213]},
						{"origin": [-19.5, 5.60761, 17], "size": [4, 2.78477, 1.6], "pivot": [-16, 7, 24], "rotation": [-45, 0, 0], "uv": [212, 194]},
						{"origin": [-19.5, 5.60761, 29.4], "size": [4, 2.78477, 1.6], "pivot": [-16, 7, 24], "rotation": [45, 0, 0], "uv": [212, 191]},
						{"origin": [-19.5, 5.60761, 29.4], "size": [4, 2.78477, 1.6], "pivot": [-16, 7, 24], "rotation": [22.5, 0, 0], "uv": [212, 135]},
						{"origin": [-19.5, 5.60761, 29.4], "size": [4, 2.78477, 1.6], "uv": [212, 132]},
						{"origin": [-19.5, 5.60761, 29.4], "size": [4, 2.78477, 1.6], "pivot": [-16, 7, 24], "rotation": [-22.5, 0, 0], "uv": [20, 212]},
						{"origin": [-19.5, 5.60761, 29.4], "size": [4, 2.78477, 1.6], "pivot": [-16, 7, 24], "rotation": [-45, 0, 0], "uv": [180, 210]},
						{"origin": [-19.5, 0, 22.60761], "size": [4, 1.6, 2.78477], "pivot": [-16, 7, 24], "rotation": [22.5, 0, 0], "uv": [13, 145]},
						{"origin": [-19.5, 0, 22.60761], "size": [4, 1.6, 2.78477], "uv": [96, 143]},
						{"origin": [-19.5, 0, 22.60761], "size": [4, 1.6, 2.78477], "pivot": [-16, 7, 24], "rotation": [-22.5, 0, 0], "uv": [13, 142]},
						{"origin": [-19.5, 12.4, 22.60761], "size": [4, 1.6, 2.78477], "pivot": [-16, 7, 24], "rotation": [22.5, 0, 0], "uv": [96, 140]},
						{"origin": [-19.5, 12.4, 22.60761], "size": [4, 1.6, 2.78477], "uv": [69, 137]},
						{"origin": [-19.5, 12.4, 22.60761], "size": [4, 1.6, 2.78477], "pivot": [-16, 7, 24], "rotation": [-22.5, 0, 0], "uv": [106, 103]}
					]
				},
				{
					"name": "brr",
					"parent": "backtire2",
					"pivot": [-8, -1, 16],
					"cubes": [
						{"origin": [-19, 5.92587, 18.6], "size": [3, 2.14825, 1], "pivot": [-16, 7, 24], "rotation": [45, 0, 0], "uv": [221, 103]},
						{"origin": [-19, 5.92587, 18.6], "size": [3, 2.14825, 1], "pivot": [-16, 7, 24], "rotation": [22.5, 0, 0], "uv": [221, 10]},
						{"origin": [-19, 5.92587, 18.6], "size": [3, 2.14825, 1], "uv": [188, 221]},
						{"origin": [-19, 5.92587, 18.6], "size": [3, 2.14825, 1], "pivot": [-16, 7, 24], "rotation": [-22.5, 0, 0], "uv": [106, 221]},
						{"origin": [-19, 5.92587, 18.6], "size": [3, 2.14825, 1], "pivot": [-16, 7, 24], "rotation": [-45, 0, 0], "uv": [53, 221]},
						{"origin": [-19, 5.92587, 28.4], "size": [3, 2.14825, 1], "pivot": [-16, 7, 24], "rotation": [45, 0, 0], "uv": [170, 210]},
						{"origin": [-19, 5.92587, 28.4], "size": [3, 2.14825, 1], "pivot": [-16, 7, 24], "rotation": [22.5, 0, 0], "uv": [29, 207]},
						{"origin": [-19, 5.92587, 28.4], "size": [3, 2.14825, 1], "uv": [206, 17]},
						{"origin": [-19, 5.92587, 28.4], "size": [3, 2.14825, 1], "pivot": [-16, 7, 24], "rotation": [-22.5, 0, 0], "uv": [111, 161]},
						{"origin": [-19, 5.92587, 28.4], "size": [3, 2.14825, 1], "pivot": [-16, 7, 24], "rotation": [-45, 0, 0], "uv": [144, 109]},
						{"origin": [-19, 1.6, 22.92587], "size": [3, 1, 2.14825], "pivot": [-16, 7, 24], "rotation": [22.5, 0, 0], "uv": [121, 207]},
						{"origin": [-19, 1.6, 22.92587], "size": [3, 1, 2.14825], "uv": [76, 175]},
						{"origin": [-19, 1.6, 22.92587], "size": [3, 1, 2.14825], "pivot": [-16, 7, 24], "rotation": [-22.5, 0, 0], "uv": [14, 174]},
						{"origin": [-19, 11.4, 22.92587], "size": [3, 1, 2.14825], "pivot": [-16, 7, 24], "rotation": [22.5, 0, 0], "uv": [161, 164]},
						{"origin": [-19, 11.4, 22.92587], "size": [3, 1, 2.14825], "uv": [146, 78]},
						{"origin": [-19, 11.4, 22.92587], "size": [3, 1, 2.14825], "pivot": [-16, 7, 24], "rotation": [-22.5, 0, 0], "uv": [94, 67]}
					]
				},
				{
					"name": "axleback2",
					"parent": "backtire2",
					"pivot": [-35, 0, 48],
					"cubes": [
						{"origin": [-18.52, 6.5, 23.5], "size": [2, 1, 1], "uv": [27, 165]},
						{"origin": [-18.52, 8, 23.5], "size": [2, 1, 1], "uv": [164, 161]},
						{"origin": [-18.52, 8, 23.5], "size": [2, 1, 1], "pivot": [-18, 7, 24], "rotation": [27.5, 0, 0], "uv": [164, 111]},
						{"origin": [-18.52, 8, 23.5], "size": [2, 1, 1], "pivot": [-18, 7, 24], "rotation": [55, 0, 0], "uv": [99, 156]},
						{"origin": [-18.52, 8, 23.5], "size": [2, 1, 1], "pivot": [-18, 7, 24], "rotation": [82.5, 0, 0], "uv": [102, 152]},
						{"origin": [-18.52, 8, 23.5], "size": [2, 1, 1], "pivot": [-18, 7, 24], "rotation": [110, 0, 0], "uv": [96, 152]},
						{"origin": [-18.52, 8, 23.5], "size": [2, 1, 1], "pivot": [-18, 7, 24], "rotation": [137.5, 0, 0], "uv": [88, 148]},
						{"origin": [-18.52, 8, 23.5], "size": [2, 1, 1], "pivot": [-18, 7, 24], "rotation": [165, 0, 0], "uv": [5, 147]},
						{"origin": [-18.52, 8, 23.5], "size": [2, 1, 1], "pivot": [-18, 7, 24], "rotation": [-167.5, 0, 0], "uv": [146, 30]},
						{"origin": [-18.52, 8, 23.5], "size": [2, 1, 1], "pivot": [-18, 7, 24], "rotation": [-140, 0, 0], "uv": [76, 145]},
						{"origin": [-18.52, 8, 23.5], "size": [2, 1, 1], "pivot": [-18, 7, 24], "rotation": [-112.5, 0, 0], "uv": [68, 145]},
						{"origin": [-18.52, 8, 23.5], "size": [2, 1, 1], "pivot": [-18, 7, 24], "rotation": [-85, 0, 0], "uv": [141, 53]},
						{"origin": [-18.52, 8, 23.5], "size": [2, 1, 1], "pivot": [-18, 7, 24], "rotation": [-57.5, 0, 0], "uv": [56, 138]},
						{"origin": [-18.52, 8, 23.5], "size": [2, 1, 1], "pivot": [-18, 7, 24], "rotation": [-30, 0, 0], "uv": [33, 135]},
						{"origin": [-17.48, 6, 23], "size": [5, 2, 2], "uv": [147, 51]}
					]
				},
				{
					"name": "bar",
					"parent": "backtire2",
					"pivot": [18, 7, 24],
					"cubes": [
						{"origin": [-18, 9, 23.5], "size": [1, 3, 1], "uv": [28, 101]},
						{"origin": [-18, 9, 23.5], "size": [1, 3, 1], "pivot": [-17, 7, 24], "rotation": [45, 0, 0], "uv": [16, 101]},
						{"origin": [-18, 9, 23.5], "size": [1, 3, 1], "pivot": [-17, 7, 24], "rotation": [90, 0, 0], "uv": [100, 16]},
						{"origin": [-18, 9, 23.5], "size": [1, 3, 1], "pivot": [-17, 7, 24], "rotation": [137.5, 0, 0], "uv": [10, 100]},
						{"origin": [-18, 9, 23.5], "size": [1, 3, 1], "pivot": [-17, 7, 24], "rotation": [180, 0, 0], "uv": [0, 100]},
						{"origin": [-18, 9, 23.5], "size": [1, 3, 1], "pivot": [-17, 7, 24], "rotation": [-135, 0, 0], "uv": [94, 60]},
						{"origin": [-18, 9, 23.5], "size": [1, 3, 1], "pivot": [-17, 7, 24], "rotation": [-90, 0, 0], "uv": [81, 93]},
						{"origin": [-18, 9, 23.5], "size": [1, 3, 1], "pivot": [-17, 7, 24], "rotation": [-45, 0, 0], "uv": [75, 93]},
						{"origin": [-18, 9, 23.5], "size": [1, 3, 1], "pivot": [-17, 7, 24], "rotation": [-22.5, 0, 0], "uv": [64, 93]},
						{"origin": [-18, 9, 23.5], "size": [1, 3, 1], "pivot": [-17, 7, 24], "rotation": [22.5, 0, 0], "uv": [58, 93]},
						{"origin": [-18, 9, 23.5], "size": [1, 3, 1], "pivot": [-17, 7, 24], "rotation": [67.5, 0, 0], "uv": [6, 74]},
						{"origin": [-18, 9, 23.5], "size": [1, 3, 1], "pivot": [-17, 7, 24], "rotation": [112.5, 0, 0], "uv": [0, 74]},
						{"origin": [-18, 9, 23.5], "size": [1, 3, 1], "pivot": [-17, 7, 24], "rotation": [157.5, 0, 0], "uv": [28, 24]},
						{"origin": [-18, 9, 23.5], "size": [1, 3, 1], "pivot": [-17, 7, 24], "rotation": [-157.5, 0, 0], "uv": [28, 9]},
						{"origin": [-18, 9, 23.5], "size": [1, 3, 1], "pivot": [-17, 7, 24], "rotation": [-112.5, 0, 0], "uv": [0, 24]},
						{"origin": [-18, 9, 23.5], "size": [1, 3, 1], "pivot": [-17, 7, 24], "rotation": [-67.5, 0, 0], "uv": [16, 9]}
					]
				}
			]
		}
	]
}