{
	"format_version": "1.8.0",
	"minecraft:entity": {
		"description": {
			"identifier": "wa:308gtb_silver1",
			"is_spawnable": false,
			"is_summonable": false,
			"is_experimental": false
		},
		"component_groups": {
			"door_open": {
        		"minecraft:transformation": {
          		"into": "wa:308gtb_silver2",
          		"delay": 0.1
       			 }
    		},
    		"red": {
        		"minecraft:transformation": {
          		"into": "wa:308gtb_red1",
          		"delay": 0.1
       			 }
    		},
    		"whiteqv": {
        		"minecraft:transformation": {
          		"into": "wa:308gtb_whiteqv1",
          		"delay": 0.1
       			 }
    		},
    		"yellow": {
        		"minecraft:transformation": {
          		"into": "wa:308gtb_yellow1",
          		"delay": 0.1
       			 }
    		},
    		"redqv": {
        		"minecraft:transformation": {
          		"into": "wa:308gtb_redqv1",
          		"delay": 0.1
       			 }
    		}
		},
		"components": {
			"minecraft:type_family": {
				"family": [
					"cars"
				]
			},
			"minecraft:scale": {
				"value": 1
			},
			"minecraft:collision_box": {
				"width": 2,
				"height": 2
			},
			"minecraft:health": {
				"value": 60
			},
			"minecraft:jump.static": {},
			"minecraft:physics": {},
			"minecraft:inventory": {
				"container_type": "container",
				"inventory_size": 27,
				"private": false
			},
			"minecraft:interact": [
				{
					"on_interact": {
						"filters": {
							"all_of": [
								{
									"test": "has_equipment",
									"subject": "other",
									"domain": "hand",
									"value": "cmc:whiteqv"
								}
							]
						},
						"event": "turn_whiteqv"
					},
					"use_item": true
				},
				{
					"on_interact": {
						"filters": {
							"all_of": [
								{
									"test": "has_equipment",
									"subject": "other",
									"domain": "hand",
									"value": "cmc:red"
								}
							]
						},
						"event": "turn_red"
					},
					"use_item": true
				},
				{
					"on_interact": {
						"filters": {
							"all_of": [
								{
									"test": "has_equipment",
									"subject": "other",
									"domain": "hand",
									"value": "cmc:redqv"
								}
							]
						},
						"event": "turn_redqv"
					},
					"use_item": true
				},
				{
					"on_interact": {
						"filters": {
							"all_of": [
								{
									"test": "has_equipment",
									"subject": "other",
									"domain": "hand",
									"value": "cmc:yellow"
								}
							]
						},
						"event": "turn_yellow"
					},
					"use_item": true
				},
				{
					"on_interact": {
						"event": "door_open"
					},
					"use_item": false,
					"interact_text": "Open Door"
				}
			],
			"minecraft:pushable": {
				"is_pushable": false,
				"is_pushable_by_piston": true
			}
		},

		"events": {
			"door_open": {
        		"add": {
          			"component_groups": [
            			"door_open"
          			]
        		}
      		},
      		"turn_red": {
        		"add": {
          			"component_groups": [
            			"red"
          			]
        		}
      		},
      		"turn_yellow": {
        		"add": {
          			"component_groups": [
            			"yellow"
          			]
        		}
      		},
      		"turn_whiteqv": {
        		"add": {
          			"component_groups": [
            			"whiteqv"
          			]
        		}
      		},
      		"turn_redqv": {
        		"add": {
          			"component_groups": [
            			"redqv"
          			]
        		}
      		}
		}
	}
}