{
	"format_version": "1.8.0",
	"minecraft:entity": {
		"description": {
			"identifier": "wa:67vette_lightbluec1",
			"is_spawnable": false,
			"is_summonable": false,
			"is_experimental": false
		},
		"component_groups": {
			"door_open": {
        		"minecraft:transformation": {
          		"into": "wa:67vette_lightbluec2",
          		"delay": 0.1
       			 }
    		},
    		"dgreen": {
        		"minecraft:transformation": {
          		"into": "wa:67vette_dgreenc1",
          		"delay": 0.1
       			 }
    		},
    		"white": {
        		"minecraft:transformation": {
          		"into": "wa:67vette_whitec1",
          		"delay": 0.1
       			 }
    		},
    		"open_roof": {
        		"minecraft:transformation": {
          		"into": "wa:67vette_lightblue1",
          		"delay": 0.1
       			 }
    		}
		},
		"components": {
			"minecraft:type_family": {
				"family": [
					"cars"
				]
			},
			"minecraft:scale": {
				"value": 1
			},
			"minecraft:collision_box": {
				"width": 2,
				"height": 2
			},
			"minecraft:health": {
				"value": 60
			},
			"minecraft:jump.static": {},
			"minecraft:physics": {},
			"minecraft:inventory": {
				"container_type": "container",
				"inventory_size": 27,
				"private": false
			},
			"minecraft:interact": [
				{
					"on_interact": {
						"filters": {
							"all_of": [
								{
									"test": "has_equipment",
									"subject": "other",
									"domain": "hand",
									"value": "cmc:white"
								}
							]
						},
						"event": "turn_white"
					},
					"use_item": true
				},
				{
					"on_interact": {
						"filters": {
							"all_of": [
								{
									"test": "has_equipment",
									"subject": "other",
									"domain": "hand",
									"value": "cmc:dgreen"
								}
							]
						},
						"event": "turn_dgreen"
					},
					"use_item": true
				},
				{
					"on_interact": {
						"filters": {
							"all_of": [
								{
									"test": "is_sneaking",
									"subject": "player",
									"value": true
								}
							]
						},
						"event": "open_roof"
					},
					"use_item": false,
					"interact_text": "Take off canvas / softtop"
				},
				{
					"on_interact": {
						"event": "door_open"
					},
					"use_item": false,
					"interact_text": "Open Door"
				}
			],
			"minecraft:pushable": {
				"is_pushable": false,
				"is_pushable_by_piston": true
			}
		},

		"events": {
			"door_open": {
        		"add": {
          			"component_groups": [
            			"door_open"
          			]
        		}
      		},
      		"open_roof": {
        		"add": {
          			"component_groups": [
            			"open_roof"
          			]
        		}
      		},
      		"turn_dgreen": {
        		"add": {
          			"component_groups": [
            			"dgreen"
          			]
        		}
      		},
      		"turn_white": {
        		"add": {
          			"component_groups": [
            			"white"
          			]
        		}
      		}
		}
	}
}