{
	"format_version": "1.8.0",
	"minecraft:entity": {
		"description": {
			"identifier": "wa:dgtr_orange1",
			"is_spawnable": true,
			"is_summonable": true,
			"is_experimental": false
		},
		"component_groups": {
			"door_open": {
        		"minecraft:transformation": {
          		"into": "wa:dgtr_orange2",
          		"delay": 0.1
       			 }
    		},
    		"yellow": {
        		"minecraft:transformation": {
          		"into": "wa:dgtr_yellow1",
          		"delay": 0.1
       			 }
    		},
    		"white": {
        		"minecraft:transformation": {
          		"into": "wa:dgtr_white1",
          		"delay": 0.1
       			 }
    		},
    		"black": {
        		"minecraft:transformation": {
          		"into": "wa:dgtr_black1",
          		"delay": 0.1
       			 }
    		},
    		"blue": {
        		"minecraft:transformation": {
          		"into": "wa:dgtr_blue1",
          		"delay": 0.1
       			 }
    		},
    		"alitalia": {
        		"minecraft:transformation": {
          		"into": "wa:dgtr_alitalia1",
          		"delay": 0.1
       			 }
    		}
		},
		"components": {
			"minecraft:type_family": {
				"family": [
					"cars"
				]
			},
			"minecraft:scale": {
				"value": 1.01
			},
			"minecraft:collision_box": {
				"width": 2,
				"height": 2
			},
			"minecraft:health": {
				"value": 60
			},
			"minecraft:jump.static": {},
			"minecraft:physics": {},
			"minecraft:inventory": {
				"container_type": "container",
				"inventory_size": 27,
				"private": false
			},
			"minecraft:interact": [
				{
					"on_interact": {
						"filters": {
							"all_of": [
								{
									"test": "has_equipment",
									"subject": "other",
									"domain": "hand",
									"value": "cmc:black"
								}
							]
						},
						"event": "turn_black"
					},
					"use_item": true
				},
				{
					"on_interact": {
						"filters": {
							"all_of": [
								{
									"test": "has_equipment",
									"subject": "other",
									"domain": "hand",
									"value": "cmc:yellow"
								}
							]
						},
						"event": "turn_yellow"
					},
					"use_item": true
				},
				{
					"on_interact": {
						"filters": {
							"all_of": [
								{
									"test": "has_equipment",
									"subject": "other",
									"domain": "hand",
									"value": "cmc:blue"
								}
							]
						},
						"event": "turn_blue"
					},
					"use_item": true
				},
				{
					"on_interact": {
						"filters": {
							"all_of": [
								{
									"test": "has_equipment",
									"subject": "other",
									"domain": "hand",
									"value": "cmc:alitalia"
								}
							]
						},
						"event": "turn_alitalia"
					},
					"use_item": true
				},
				{
					"on_interact": {
						"filters": {
							"all_of": [
								{
									"test": "has_equipment",
									"subject": "other",
									"domain": "hand",
									"value": "cmc:white"
								}
							]
						},
						"event": "turn_white"
					},
					"use_item": true
				},
				{
					"on_interact": {
						"event": "door_open"
					},
					"use_item": false,
					"interact_text": "Open Door"
				}
			],
			"minecraft:pushable": {
				"is_pushable": false,
				"is_pushable_by_piston": true
			}
		},

		"events": {
			"door_open": {
        		"add": {
          			"component_groups": [
            			"door_open"
          			]
        		}
      		},
      		"turn_white": {
        		"add": {
          			"component_groups": [
            			"white"
          			]
        		}
      		},
      		"turn_black": {
        		"add": {
          			"component_groups": [
            			"black"
          			]
        		}
      		},
      		"turn_blue": {
        		"add": {
          			"component_groups": [
            			"blue"
          			]
        		}
      		},
      		"turn_yellow": {
        		"add": {
          			"component_groups": [
            			"yellow"
          			]
        		}
      		},
      		"turn_alitalia": {
        		"add": {
          			"component_groups": [
            			"alitalia"
          			]
        		}
      		}
		}
	}
}