{
	"format_version": "1.8.0",
	"minecraft:entity": {
		"description": {
			"identifier": "wa:mbsl300_black1",
			"is_spawnable": false,
			"is_summonable": false,
			"is_experimental": false
		},
		"component_groups": {
			"door_open": {
        		"minecraft:transformation": {
          		"into": "wa:mbsl300_black2",
          		"delay": 0.1
       			 }
    		},
    		"silver": {
        		"minecraft:transformation": {
          		"into": "wa:mbsl300_silver1",
          		"delay": 0.1
       			 }
    		},
    		"cyan": {
        		"minecraft:transformation": {
          		"into": "wa:mbsl300_cyan1",
          		"delay": 0.1
       			 }
    		}
		},
		"components": {
			"minecraft:type_family": {
				"family": [
					"cars"
				]
			},
			"minecraft:scale": {
				"value": 1
			},
			"minecraft:collision_box": {
				"width": 2,
				"height": 2
			},
			"minecraft:health": {
				"value": 60
			},
			"minecraft:jump.static": {},
			"minecraft:physics": {},
			"minecraft:inventory": {
				"container_type": "container",
				"inventory_size": 27,
				"private": false
			},
			"minecraft:interact": [
				{
					"on_interact": {
						"filters": {
							"all_of": [
								{
									"test": "has_equipment",
									"subject": "other",
									"domain": "hand",
									"value": "cmc:silver"
								}
							]
						},
						"event": "turn_silver"
					},
					"use_item": true
				},
				{
					"on_interact": {
						"filters": {
							"all_of": [
								{
									"test": "has_equipment",
									"subject": "other",
									"domain": "hand",
									"value": "cmc:cyan"
								}
							]
						},
						"event": "turn_cyan"
					},
					"use_item": true
				},
				{
					"on_interact": {
						"event": "door_open"
					},
					"use_item": false,
					"interact_text": "Open Door"
				}
			],
			"minecraft:pushable": {
				"is_pushable": false,
				"is_pushable_by_piston": true
			}
		},

		"events": {
			"door_open": {
        		"add": {
          			"component_groups": [
            			"door_open"
          			]
        		}
      		},
      		"turn_silver": {
        		"add": {
          			"component_groups": [
            			"silver"
          			]
        		}
      		},
      		"turn_cyan": {
        		"add": {
          			"component_groups": [
            			"cyan"
          			]
        		}
      		}
		}
	}
}