{
	"format_version": "1.10.0",
	"minecraft:entity": {
		"description": {
			"identifier": "mazda929hc:silver2",
			"is_spawnable": false,
			"is_summonable": false,
			"is_experimental": false,
			"scripts": {
				"animate": [
					"startup",
					"seat",
					"meter"
			]
		},
		"animations": {
			"startup": "controller.animation.929hc_startup",
			"seat": "controller.animation.929hc_seat",
			"meter": "controller.animation.929hc_meter"
			}
		},
		"component_groups": {
			"door_close": {
        		"minecraft:transformation": {
          		"into": "mazda929hc:silver1",
          		"delay": 0.1
       			 }
    		}
		},
		"components": {
			"minecraft:type_family": {
				"family": [
					"cars",
					"929hc"
				]
			},
			"minecraft:knockback_resistance": {
				"value": 1,
				"max": 1
			},
			"minecraft:scale": {
				"value": 0.99
			},
			"minecraft:collision_box": {
				"width": 2,
				"height": 1.5
			},
			"minecraft:health": {
				"value": 60
			},
			"minecraft:movement": {
				"value": 0.475
			},
			"minecraft:movement.basic": {},
			"minecraft:jump.static": {},
			"minecraft:input_ground_controlled": {},
			"minecraft:physics": {},
			"minecraft:rideable": {
				"seat_count": 4,
				"crouching_skip_interact": true,
				"interact_text": "Drive",
				"family_types": [
					"player",
					"villager"
				],
				"pull_in_entities": true,
				"seats": [
					{
						"position": [
							-0.55,
							0.1,
							-0.12
						],
						"min_rider_count": 1,
						"max_rider_count": 4
					},
					{
						"position": [
							0.55,
							0.1,
							-0.12
						],
						"min_rider_count": 1,
						"max_rider_count": 4
					},
					{
						"position": [
							-0.5,
							0.1,
							-1
						],
						"min_rider_count": 1,
						"max_rider_count": 4
					},
					{
						"position": [
							0.5,
							0.1,
							-1
						],
						"min_rider_count": 1,
						"max_rider_count": 4
					}
				]
			},
			"minecraft:interact": [
				{
					"on_interact": {
						"filters": {
							"all_of": [
								{
									"test": "is_sneaking",
									"subject": "player",
									"value": true
								}
							]
						},
						"event": "door_close"
					},
					"use_item": false,
					"interact_text": "Close Door"
				}
			],
			"minecraft:pushable": {
				"is_pushable": false,
				"is_pushable_by_piston": true
			}
		},

		"events": {
			"minecraft:entity_transformed": {
  				"run_command": {
    				"command": [
      					"playsound vehicle.929hc.dooropen @a[r=50] ~~~"
    				]
  				}
			},
			"door_close": {
        		"add": {
          			"component_groups": [
            			"door_close"
          			]
        		}
      		}
		}
	}
}