{
	"format_version": "1.8.0",
	"minecraft:client_entity": {
		"description": {
			"identifier": "lancia:037_black1",
			"materials": {
				"default": "enderman"
			},
			"textures": {
				"default": "textures/entity/lancia037/black"
			},
			"geometry": {
				"default": "geometry.lancia037_m1"
			},
			"render_controllers": [
				"controller.render.lancia037"
			],
			"animations": {
				"drive": "animation.lancia037.drive",
				"turning": "animation.lancia037.turning",
				"close": "animation.lancia037.close"
			},
			"spawn_egg": {
				"texture": "lancia037",
				"texture_index": 0
			},
			"animation_controllers": [
				{
					"general": "controller.animation.lancia037.general1"
				}
			]
		}
	}
}