{
	"vehicle.demon_wai.drive": {
		"category": "neutral",
		"sounds": [
		  "sounds/wai/srtdemon"
		]
	},
	"vehicle.p964_wai.drive": {
		"category": "neutral",
		"sounds": [
		  "sounds/wai/p964"
		]
	},
	"vehicle.300sl_wai.drive": {
		"category": "neutral",
		"sounds": [
		  "sounds/wai/300sl"
		]
	},
	"vehicle.dgtr_wai.drive": {
		"category": "neutral",
		"sounds": [
		  "sounds/wai/diabgtr"
		]
	},
	"vehicle.308gtb_wai.drive": {
		"category": "neutral",
		"sounds": [
		  "sounds/wai/308gtb"
		]
	},
	"vehicle.bmwm1_wai.drive": {
		"category": "neutral",
		"sounds": [
		  "sounds/wai/m1"
		]
	},
	"vehicle.c2_wai.drive": {
		"category": "neutral",
		"sounds": [
		  "sounds/wai/c2"
		]
	}
}