{
	"format_version": "1.8.0",
	"minecraft:client_entity": {
		"description": {
			"identifier": "hnsx:black1_between",
			"materials": {
				"default": "enderman"
			},
			"textures": {
				"default": "textures/entity/hnsx/hnsx2_black"
			},
			"geometry": {
				"default": "geometry.hnsx2_m1"
			},
			"render_controllers": [
				"controller.render.hnsx"
			],
			"animations": {
				"drive": "animation.hnsx.drive",
				"turning": "animation.hnsx.turning",
				"popups": "animation.hnsx.popups2"
			},
			"spawn_egg": {
				"texture": "hnsx",
				"texture_index": 0
			},
			"animation_controllers": [
				{
					"general": "controller.animation.hnsx.general4"
				}
			]
		}
	}
}