{
	"format_version": "1.8.0",
	"minecraft:client_entity": {
		"description": {
			"identifier": "205t16:rallye2",
			"materials": {
				"default": "enderman"
			},
			"textures": {
				"default": "textures/entity/205t16/rallye"
			},
			"geometry": {
				"default": "geometry.peugeot205t16_rallye_m2"
			},
			"render_controllers": [
				"controller.render.205t16"
			],
			"animations": {
				"drive": "animation.205t16.drive",
				"turning": "animation.205t16.turning",
				"door": "animation.205t16.door",
				"open": "animation.205t16.open",
				"meter_player": "animation.205t16.meter_player",
				"meter_player2": "animation.205t16.meter_player2"
			},
			"spawn_egg": {
				"texture": "205t16",
				"texture_index": 0
			},
			"animation_controllers": [
				{
					"general": "controller.animation.205t16.general2"
				}
			]
		}
	}
}