{
	"format_version": "1.8.0",
	"minecraft:client_entity": {
		"description": {
			"identifier": "proton:saga85_white2",
			"materials": {
				"default": "enderman"
			},
			"textures": {
				"default": "textures/entity/85saga/white"
			},
			"geometry": {
				"default": "geometry.85saga_m2"
			},
			"render_controllers": [
				"controller.render.sk_cars"
			],
			"animations": {
				"drive": "animation.sk_cars.drive",
				"turning": "animation.sk_cars.turning",
				"door": "animation.sk_cars.door",
				"open": "animation.sk_cars.open"
			},
			"sound_effects": {
        		"open": "vehicle.sk_cars.dooropen"
      		},
			"spawn_egg": {
				"texture": "proton1985",
				"texture_index": 0
			},
			"animation_controllers": [
				{
					"general": "controller.animation.sk_cars.general2"
				}
			]
		}
	}
}