{
    "format_version": "1.10.0",
    "minecraft:client_entity": {
        "description": {
            "identifier": "pixelpoly:car_formula_1",
            "scripts": {
                "animate": [{ "move": "query.ground_speed" }]
            },
            "animations": {
                "move": "animation.f1.move_front"
            },
            "materials": {
                "formula_1": "entity_alphatest"
            },
            "textures": {
                "formula_1": "textures/formula_1/skins/f1_white",
                "formula_1_black": "textures/formula_1/skins/f1_black",
                "formula_1_blue": "textures/formula_1/skins/f1_blue",
                "formula_1_gray": "textures/formula_1/skins/f1_gray",
                "formula_1_green": "textures/formula_1/skins/f1_green",
                "formula_1_cyan": "textures/formula_1/skins/f1_cyan",
                "formula_1_magenta": "textures/formula_1/skins/f1_magenta",
                "formula_1_orange": "textures/formula_1/skins/f1_orange",
                "formula_1_pink": "textures/formula_1/skins/f1_pink",
                "formula_1_red": "textures/formula_1/skins/f1_red",
                "formula_1_yellow": "textures/formula_1/skins/f1_yellow"				
            },
            "geometry": {
                "formula_1": "geometry.f1"
            },
            "render_controllers": [ "controller.render.formula_1" ],
            "spawn_egg": {
                "texture": "f1",
				"texture_index": 0
            }
        }
    }
}