{
	"format_version": "1.17",
	"minecraft:entity": {
		"description": {
			"identifier": "proton:iswara_black1",
			"is_spawnable": false,
			"is_summonable": false,
			"is_experimental": false
		},
		"component_groups": {
			"door_open": {
        		"minecraft:transformation": {
          		"into": "proton:iswara_black2",
          		"delay": 0.1
       			 }
    		},
    		"hood_open": {
        		"minecraft:transformation": {
          		"into": "proton:iswara_black1_open",
          		"delay": 0.1
       			 }
    		},
    		"rally": {
        		"minecraft:transformation": {
          		"into": "proton:iswara_rally1",
          		"delay": 0.1
       			 }
    		},
    		"silver": {
        		"minecraft:transformation": {
          		"into": "proton:iswara_silver1",
          		"delay": 0.1
       			 }
    		}
		},
		"components": {
			"minecraft:type_family": {
				"family": [
					"cars"
				]
			},
			"minecraft:knockback_resistance": {
				"value": 1,
				"max": 1
			},
			"minecraft:scale": {
				"value": 0.95
			},
			"minecraft:collision_box": {
				"width": 2,
				"height": 1.5
			},
			"minecraft:health": {
				"value": 60
			},
			"minecraft:jump.static": {},
			"minecraft:physics": {},
			"minecraft:interact": {
			"interactions": [
				{
					"on_interact": {
						"filters": {
							"all_of": [
								{
									"test": "has_equipment",
									"subject": "other",
									"domain": "hand",
									"value": "wm:92rally"
								}
							]
						},
						"event": "turn_rally"
					},
					"use_item": true,
					"interact_text": "Paint a 92' Rally Livery"
				},
				{
					"on_interact": {
						"filters": {
							"all_of": [
								{
									"test": "has_equipment",
									"subject": "other",
									"domain": "hand",
									"value": "wm:silver"
								}
							]
						},
						"event": "turn_silver"
					},
					"use_item": true,
					"interact_text": "Paint silver"
				},
				{
					"on_interact": {
						"filters": {
							"all_of": [
								{
									"test": "is_sneaking",
									"subject": "player",
									"value": true
								}
							]
						},
						"event": "hood_open"
					},
					"use_item": false,
					"interact_text": "Pop the hood"
				},
				{
					"on_interact": {
						"event": "door_open"
					},
					"use_item": false,
					"interact_text": "Open Door"
				}
			]
		},
		"minecraft:pushable": {
			"is_pushable": false,
			"is_pushable_by_piston": true
			}
		},

		"events": {
			"door_open": {
        		"add": {
          			"component_groups": [
            			"door_open"
          			]
        		}
      		},
      		"hood_open": {
        		"add": {
          			"component_groups": [
            			"hood_open"
          			]
        		}
      		},
      		"turn_rally": {
				"add": {
					"component_groups": [
						"rally"
					]
				}
			},
			"turn_silver": {
				"add": {
					"component_groups": [
						"silver"
					]
				}
			}
		}
	}
}