{
	"format_version": "1.8.0",
	"minecraft:client_entity": {
		"description": {
			"identifier": "proton:saga85_blue1",
			"materials": {
				"default": "enderman"
			},
			"textures": {
				"default": "textures/entity/85saga/blue"
			},
			"geometry": {
				"default": "geometry.85saga_m1"
			},
			"render_controllers": [
				"controller.render.sk_cars"
			],
			"animations": {
				"drive": "animation.sk_cars.drive",
				"turning": "animation.sk_cars.turning",
				"close": "animation.sk_cars.close"
			},
			"sound_effects": {
        		"close": "vehicle.sk_cars.doorclose"
      		},
			"spawn_egg": {
				"texture": "proton1985",
				"texture_index": 0
			},
			"animation_controllers": [
				{
					"general": "controller.animation.sk_cars.general1"
				}
			]
		}
	}
}