{
	"format_version": "1.8.0",
	"minecraft:client_entity": {
		"description": {
			"identifier": "ao:mk1_silver1",
			"materials": {
				"default": "enderman"
			},
			"textures": {
				"default": "textures/entity/aomk1/ao_silver"
			},
			"geometry": {
				"default": "geometry.aomk1_1off"
			},
			"render_controllers": [
				"controller.render.aomk1"
			],
			"animations": {
				"drive": "animation.aomk1.drive",
				"turning": "animation.aomk1.turning",
				"close": "animation.aomk1.close"
			},
			"spawn_egg": {
				"texture": "aomk1",
				"texture_index": 0
			},
			"animation_controllers": [
				{
					"general": "controller.animation.aomk1.general1"
				}
			]
		}
	}
}