{
	"format_version": "1.8.0",
	"minecraft:client_entity": {
		"description": {
			"identifier": "ao:mk1_black2on",
			"materials": {
				"default": "enderman"
			},
			"textures": {
				"default": "textures/entity/aomk1/ao_black"
			},
			"geometry": {
				"default": "geometry.aomk1_2on"
			},
			"render_controllers": [
				"controller.render.aomk1"
			],
			"animations": {
				"drive": "animation.aomk1.drive",
				"turning": "animation.aomk1.turning",
				"door": "animation.aomk1.door",
				"open": "animation.aomk1.open"
			},
			"spawn_egg": {
				"texture": "aomk1",
				"texture_index": 0
			},
			"animation_controllers": [
				{
					"general": "controller.animation.aomk1.general2"
				}
			]
		}
	}
}