{
	"entity_sounds": {
		"entities": {
			"205t16:rallye2": {
				"volume": 1,
				"pitch": [
					0.8,
					1.2
				],
				"events": {
					"step": {
						"sound": "vehicle.205t16.drive",
						"volume": 1,
						"pitch": 1.1
					}
				}
			},
			"205t16:tdlspecial2": {
				"volume": 1,
				"pitch": [
					0.8,
					1.2
				],
				"events": {
					"step": {
						"sound": "vehicle.205t16.drive",
						"volume": 1,
						"pitch": 1.1
					}
				}
			},
			"205t16:gray2": {
				"volume": 1,
				"pitch": [
					0.8,
					1.2
				],
				"events": {
					"step": {
						"sound": "vehicle.205t16.drive",
						"volume": 1,
						"pitch": 1.1
					}
				}
			},
			"205t16:white2": {
				"volume": 1,
				"pitch": [
					0.8,
					1.2
				],
				"events": {
					"step": {
						"sound": "vehicle.205t16.drive",
						"volume": 1,
						"pitch": 1.1
					}
				}
			}
		}
	}
}