{
  "format_version": "1.10.0",
  "render_controllers": {
    "controller.render.slapper_outfit": {
      "arrays": {
        "textures": {
          "Array.outfits": [
            "Texture.blue_outfit",
            "Texture.red_outfit",
            "Texture.green_outfit",
            "Texture.gray_outfit",
            "Texture.shulker_outfit"
          ]
        }
      },
      "geometry": "Geometry.slapper_outfit",
      "materials": [ { "*": "Material.default" } ],
      "textures": [ "Array.outfits[variable.slapper_outfit_state]" ]
    }
  }
}