{
  "format_version": "1.8.0",
  "minecraft:entity": {
    "description": {
      "identifier": "bugatti:chiron",
      "is_spawnable": true,
      "is_summonable": true,
      "is_experimental": false
    },
    "components": {
      "minecraft:type_family": {
        "family": [ "car" ]
      },
      "minecraft:breathable": {
        "totalSupply": 15,
        "suffocateTime": 0
      },
      "minecraft:collision_box": {
        "width": 4,
        "height": 1.5
      },
      "minecraft:fall_damage": {
        "value": 0.0
      },
    "minecraft:scale": {
          "value": 0.54
        },
     "minecraft:movement": {
        "value": 0.90,
        "max": 0.92
      },

         "minecraft:navigation.walk": {
        "can_path_over_water": true
        },
        "minecraft:movement.basic": {

        },
        "minecraft:jump.static": {
        },
      "minecraft:health": {
        "value": 60,
        "max": 60
      },
      "minecraft:nameable": {
      },
	  "minecraft:fire_immune": true,
	  "minecraft:inventory": {
        "inventory_size": 27,
        "container_type": "container", 
        "private": false
      },
	  "minecraft:rideable": {
        "priority": 0,
		"seat_count": 6,
		"crouching_skip_interact": true,
		"interact_text": "Drive",
        "family_types": [
          "player",
		  "zombie"
        ],
        "seats": [
          {
        "position": [ 1.5, 0.0, -5],
            "min_rider_count": 0,
            "max_rider_count": 0
          },
          {
           "position": [ -1.4, 0.0, -5],

            "min_rider_count": 2,
            "max_rider_count": 2
          }
        ]
      },
      "minecraft:input_ground_controlled": {
      },
      


      "minecraft:physics": {
      }
    }
  }
}
