{
	"format_version": "1.10.0",
	"geometry.murcielago": {
		"texturewidth": 4000,
		"textureheight": 3000,
		"visible_bounds_width": 46,
		"visible_bounds_height": 6,
		"visible_bounds_offset": [0, 3, 0],
		"bones": [
			{
				"name": "parte1",
				"pivot": [0, 0, 0],
				"cubes": [
					{"origin": [-29, 2, -129], "size": [90, 2, 35], "uv": [1311.875, 323.875]},
					{"origin": [-29, 3, -128], "size": [90, 9, 34], "uv": [2298.875, 23.875]},
					{"origin": [72, 30, 30], "size": [6, 5, 17], "uv": [2411.875, 323.875]},
					{"origin": [69, 30, 47], "size": [12, 9, 2], "uv": [3486.875, 1898.875]},
					{"origin": [70, 29, 47], "size": [10, 1, 2], "uv": [2411.875, 323.875]},
					{"origin": [83, 27, 47], "size": [3, 15, 2], "uv": [2411.875, 323.875]},
					{"origin": [64, 27, 47], "size": [3, 15, 2], "uv": [2411.875, 323.875]},
					{"origin": [66, 42, 47], "size": [18, 2, 2], "uv": [2411.875, 323.875]},
					{"origin": [66, 25, 47], "size": [18, 2, 2], "uv": [2411.875, 323.875]},
					{"origin": [81, 33, 47], "size": [2, 6, 2], "uv": [2411.875, 323.875]},
					{"origin": [67, 33, 47], "size": [2, 6, 2], "uv": [2411.875, 323.875]},
					{"origin": [71, 27, 47], "size": [8, 2, 2], "uv": [2411.875, 323.875]},
					{"origin": [9, 16, 55], "size": [4, 14, 3], "uv": [2661.875, 1023.875]},
					{"origin": [7, 29, 53], "size": [8, 4, 7], "uv": [2411.875, 323.875]}
				]
			},
			{
				"name": "bone89",
				"parent": "parte1",
				"pivot": [0, 0, 0],
				"rotation": [0, 30, 0],
				"cubes": [
					{"origin": [-16, 2, -127], "size": [55, 2, 29], "uv": [1236.875, 173.875]},
					{"origin": [-16, 3, -118], "size": [55, 14, 29], "uv": [0, 1023.875]},
					{"origin": [29, 3, -127], "size": [10, 6, 29], "uv": [1236.875, 173.875]},
					{"origin": [-16, 15, -118], "size": [27, 5, 29], "uv": [0, 1023.875]}
				]
			},
			{
				"name": "bone90",
				"parent": "parte1",
				"pivot": [0, 0, 0],
				"rotation": [0, -20, 0],
				"cubes": [
					{"origin": [9, 2, -141], "size": [51, 2, 29], "uv": [1236.875, 173.875]},
					{"origin": [9, 3, -138], "size": [49, 11, 29], "uv": [0, 1023.875]},
					{"origin": [10, 3, -142], "size": [6, 10, 29], "uv": [1236.875, 173.875]},
					{"origin": [9, 15, -132], "size": [27, 5, 29], "uv": [0, 1023.875]}
				]
			},
			{
				"name": "bone16",
				"pivot": [-5, 0, 0],
				"rotation": [0, 2, 0],
				"cubes": [
					{"origin": [114.90681, 47, 23.44115], "size": [3, 1, 153], "uv": [0, 0]},
					{"origin": [113.90681, 1, 23.44115], "size": [1, 47, 153], "uv": [2023.875, 73.875]},
					{"origin": [114.90681, 1, 23.44115], "size": [11, 47, 163], "uv": [0, 0]},
					{"origin": [93.90681, 1, 23.44115], "size": [20, 5, 167], "uv": [2111.875, 123.875]},
					{"origin": [125.90681, 43, 34.55885], "size": [1, 1, 132], "uv": [3573.875, 123.875]},
					{"origin": [125.90681, 14, 40.55885], "size": [1, 1, 116], "uv": [3573.875, 123.875]}
				]
			},
			{
				"name": "bone75",
				"parent": "bone16",
				"pivot": [-5, 0, 0],
				"rotation": [3, 0, 0],
				"cubes": [
					{"origin": [124.90681, 2.00822, 22.24483], "size": [2, 3, 164], "uv": [36.875, 36.875]}
				]
			},
			{
				"name": "bone66",
				"parent": "bone16",
				"pivot": [0, 0, 0],
				"rotation": [-75, 0, 0],
				"cubes": [
					{"origin": [122.45504, 43.71838, -33.41256], "size": [5, 1, 31], "uv": [3810, 0]}
				]
			},
			{
				"name": "bone67",
				"parent": "bone66",
				"pivot": [0, 0, 0],
				"rotation": [-35, 0, 0],
				"cubes": [
					{"origin": [122.45504, 140.28391, -97.81814], "size": [5, 1, 33], "uv": [3810, 0]}
				]
			},
			{
				"name": "bone24",
				"pivot": [0, 0, 0],
				"rotation": [0, 3, 0],
				"cubes": [
					{"origin": [-97.09319, 52, 33.55885], "size": [5, 2, 151], "uv": [0, 0]},
					{"origin": [-92.09319, 3, 28.55885], "size": [1, 51, 175], "uv": [2011.875, 7]},
					{"origin": [-102.09319, 3, 28.55885], "size": [9, 51, 156], "uv": [0, 86.875]},
					{"origin": [-103.09319, 17, 23.55885], "size": [4, 1, 114], "uv": [3810, 0]},
					{"origin": [-103.09319, 47, 16.55885], "size": [4, 1, 132], "uv": [3810, 0]},
					{"origin": [-96.09319, 3, 28.55885], "size": [32, 3, 189], "uv": [2061.875, 186.875]},
					{"origin": [-97.09319, 8, 28.55885], "size": [16, 3, 203], "uv": [2398.875, 98.875]}
				]
			},
			{
				"name": "bone66",
				"parent": "bone24",
				"pivot": [0, 0, 0],
				"rotation": [-75, 0, 0],
				"cubes": [
					{"origin": [-103.09319, 28.44709, -41.6456], "size": [5, 1, 31], "uv": [3810, 0]}
				]
			},
			{
				"name": "bone67",
				"parent": "bone66",
				"pivot": [0, 0, 0],
				"rotation": [-35, 0, 0],
				"cubes": [
					{"origin": [-103.09319, 123.05212, -95.80299], "size": [5, 1, 33], "uv": [3810, 0]}
				]
			},
			{
				"name": "bone69",
				"parent": "bone24",
				"pivot": [0, 0, 0],
				"rotation": [3, 0, 0],
				"cubes": [
					{"origin": [-103.09319, 6.00822, 28.24483], "size": [1, 3, 155], "uv": [36.875, 36.875]}
				]
			},
			{
				"name": "bone17",
				"pivot": [0, 0, 0],
				"rotation": [0, -13, 0],
				"cubes": [
					{"origin": [-47.66177, 3, 202.53623], "size": [10, 52, 67], "uv": [0, 0]},
					{"origin": [-46.66177, 39, 259.53623], "size": [21, 15, 68], "uv": [0, 0]},
					{"origin": [-48.66177, 16, 201.53623], "size": [3, 2, 59], "uv": [0, 0]},
					{"origin": [-48.66177, 3, 230.53623], "size": [2, 2, 30], "uv": [0, 0]},
					{"origin": [-48.66177, 5, 254.53623], "size": [2, 12, 6], "uv": [0, 0]},
					{"origin": [-48, 5, 230.53623], "size": [2, 11, 24], "uv": [1336.875, 61.875]},
					{"origin": [-48, 12, 218.53623], "size": [2, 4, 20], "uv": [1336.875, 61.875]},
					{"origin": [-48.66177, 16, 201.53623], "size": [3, 2, 59], "uv": [0, 0]},
					{"origin": [-46.66177, 1, 315.53623], "size": [21, 53, 12], "uv": [0, 0]}
				]
			},
			{
				"name": "bone68",
				"parent": "bone17",
				"pivot": [0, 0, 0],
				"rotation": [-30, 0, 0],
				"cubes": [
					{"origin": [-48.66177, 118.80385, 172.53623], "size": [2, 2, 25], "uv": [0, 0]},
					{"origin": [-48, 120.80385, 178.53623], "size": [5, 2, 19], "uv": [1536.875, 0]},
					{"origin": [-48, 121.80385, 186.53623], "size": [2, 5, 11], "uv": [1536.875, 0]},
					{"origin": [-48, 121.80385, 180.53623], "size": [2, 2, 7], "uv": [1536.875, 0]}
				]
			},
			{
				"name": "bone70",
				"parent": "bone17",
				"pivot": [0, 0, 0],
				"rotation": [-10, 5, -20]
			},
			{
				"name": "bone71",
				"parent": "bone70",
				"pivot": [0, 0, 0],
				"rotation": [0, -5, -10],
				"cubes": [
					{"origin": [-2.56327, 94.85626, 210.59606], "size": [47, 17, 117], "uv": [0, 0]}
				]
			},
			{
				"name": "bone72",
				"parent": "bone70",
				"pivot": [0, 0, 0],
				"rotation": [0, -5, 0]
			},
			{
				"name": "bone78",
				"parent": "bone17",
				"pivot": [0, 0, 0],
				"rotation": [0, 20, 0]
			},
			{
				"name": "bone79",
				"parent": "bone78",
				"pivot": [0, 0, 0],
				"rotation": [5, 0, 0],
				"cubes": [
					{"origin": [108.33823, -3.97717, 192.0133], "size": [3, 2, 59], "uv": [0, 0]},
					{"origin": [106.5, -7.97717, 195.0133], "size": [4, 3, 22], "uv": [1486.875, 0]},
					{"origin": [106.5, -5.97717, 199.0133], "size": [4, 3, 22], "uv": [1486.875, 0]}
				]
			},
			{
				"name": "bone80",
				"parent": "bone79",
				"pivot": [0, 0, 0],
				"rotation": [-2, 0, 0],
				"cubes": [
					{"origin": [108.33823, -8.99178, 220.22221], "size": [3, 2, 30], "uv": [0, 0]},
					{"origin": [107.33823, -6.99178, 220.22221], "size": [3, 12, 27], "uv": [1523.875, 0]}
				]
			},
			{
				"name": "bone82",
				"parent": "bone80",
				"pivot": [0, 0, 0],
				"rotation": [-20, 0, 0],
				"cubes": [
					{"origin": [108.33823, 67.26217, 181.29046], "size": [3, 2, 29], "uv": [0, 0]},
					{"origin": [107.33823, 69.26217, 185.29046], "size": [3, 4, 24], "uv": [1286.875, 0]},
					{"origin": [107.33823, 73.26217, 197.29046], "size": [3, 4, 12], "uv": [1286.875, 0]}
				]
			},
			{
				"name": "bone81",
				"parent": "bone79",
				"pivot": [0, 0, 0],
				"rotation": [-2, 0, 0],
				"cubes": [
					{"origin": [108.33823, -6.99178, 245.22221], "size": [3, 13, 6], "uv": [0, 0]}
				]
			},
			{
				"name": "bone23",
				"pivot": [0, 0, 0],
				"rotation": [3, 5, 0],
				"cubes": [
					{"origin": [105.33823, -8.99178, 191.22221], "size": [12, 48, 62], "uv": [0, 0]},
					{"origin": [86.33823, 23.00822, 246.22221], "size": [37, 18, 71], "uv": [0, 0]},
					{"origin": [86.33823, -11.99178, 296.22221], "size": [37, 34, 21], "uv": [0, 0]}
				]
			},
			{
				"name": "bone18",
				"pivot": [0, 0, 0],
				"rotation": [5, 14, 0],
				"cubes": [
					{"origin": [-191.83719, -21.95756, 268.29431], "size": [55, 53, 78], "uv": [0, 0]}
				]
			},
			{
				"name": "bone22",
				"pivot": [0, 0, 0],
				"rotation": [5, -9, 0]
			},
			{
				"name": "bone76",
				"parent": "bone22",
				"pivot": [0, 0, 0],
				"rotation": [-3, -10, 0],
				"cubes": [
					{"origin": [182.072, -6.97632, 239.61578], "size": [59, 53, 82], "uv": [0, 0]}
				]
			},
			{
				"name": "bone19",
				"pivot": [0, 0, 0],
				"rotation": [0, 74, 0],
				"cubes": [
					{"origin": [-390.25666, 59, 9.3658], "size": [10, 2, 67], "uv": [0, 0]},
					{"origin": [-390.25666, 61, 9.3658], "size": [18, 7, 67], "uv": [2386.875, 111.875]}
				]
			},
			{
				"name": "bone21",
				"pivot": [0, 0, 0],
				"rotation": [0, -74, 0],
				"cubes": [
					{"origin": [385.74334, 60, -6.3658], "size": [9, 1, 55], "uv": [0, 0]},
					{"origin": [379.74334, 60, -6.3658], "size": [18, 7, 55], "uv": [2086.875, 11.875]}
				]
			},
			{
				"name": "bone20",
				"pivot": [0, 0, 0],
				"cubes": [
					{"origin": [-32, 60, 389], "size": [95, 1, 4], "uv": [0, 0]}
				]
			},
			{
				"name": "bone34",
				"pivot": [0, 0, 0],
				"rotation": [30, -36, 0],
				"cubes": [
					{"origin": [106.01316, 65.41291, -25.61451], "size": [10, 3, 88], "uv": [0, 0]}
				]
			},
			{
				"name": "bone35",
				"pivot": [0, 0, 0],
				"rotation": [30, 35, 0],
				"cubes": [
					{"origin": [-97.29766, 56.92661, -4.22224], "size": [10, 3, 80], "uv": [0, 0]}
				]
			},
			{
				"name": "bone36",
				"pivot": [0, 0, 0],
				"cubes": [
					{"origin": [-58, 85.5, 77], "size": [141, 4, 111], "uv": [0, 0]}
				]
			},
			{
				"name": "bone83",
				"parent": "bone36",
				"pivot": [0, 0, 0],
				"rotation": [0, 0, -45],
				"cubes": [
					{"origin": [111.75736, -67.74264, 179], "size": [9, 72, 11], "uv": [2161.875, 186.875]}
				]
			},
			{
				"name": "bone84",
				"parent": "bone36",
				"pivot": [0, 0, 0],
				"rotation": [0, 0, 45],
				"cubes": [
					{"origin": [-102.75736, -26.74264, 181], "size": [9, 48, 11], "uv": [2161.875, 186.875]}
				]
			},
			{
				"name": "bone87",
				"parent": "bone36",
				"pivot": [0, 0, 0],
				"rotation": [0, -21, 0],
				"cubes": [
					{"origin": [41, 10.5, 371], "size": [57, 26, 21], "uv": [128.875, 1040]},
					{"origin": [41, 36.5, 382], "size": [57, 21, 9], "uv": [2986.875, 1248.875]},
					{"origin": [40, 7.5, 371], "size": [57, 3, 21], "uv": [323.875, 98.875]},
					{"origin": [41, 57.5, 382], "size": [57, 3, 9], "uv": [0, 61.875]}
				]
			},
			{
				"name": "bone88",
				"parent": "bone36",
				"pivot": [0, 0, 0],
				"rotation": [0, 20, 0],
				"cubes": [
					{"origin": [-73, 36.5, 393], "size": [57, 21, 9], "uv": [2298.875, 1236.875]},
					{"origin": [-73, 10.5, 381], "size": [57, 26, 21], "uv": [0, 1015.875]},
					{"origin": [-73, 57.5, 393], "size": [57, 3, 9], "uv": [186.875, 48.875]},
					{"origin": [-73, 6.5, 393], "size": [57, 4, 9], "uv": [186.875, 48.875]}
				]
			},
			{
				"name": "bone37",
				"pivot": [0, 0, 0],
				"rotation": [-10, 5, 0],
				"cubes": [
					{"origin": [47.74124, 118.4076, 173.44737], "size": [18, 3, 156], "uv": [0, 0]},
					{"origin": [47.74124, 90.4076, 251.44737], "size": [18, 28, 78], "uv": [0, 0]}
				]
			},
			{
				"name": "bone77",
				"parent": "bone37",
				"pivot": [0, 0, 0],
				"rotation": [0, -5, 20],
				"cubes": [
					{"origin": [38.8453, 106.76395, 206.26727], "size": [54, 28, 66], "uv": [0, 0]},
					{"origin": [43.8453, 106.76395, 269.26727], "size": [49, 28, 22], "uv": [0, 0]},
					{"origin": [43.8453, 106.76395, 289.26727], "size": [44, 28, 40], "uv": [0, 0]}
				]
			},
			{
				"name": "bone40",
				"pivot": [0, 0, 0],
				"rotation": [-10, 0, 0],
				"cubes": [
					{"origin": [-57, 117.37846, 312.61082], "size": [138, 3, 10], "uv": [1036.875, 161.875]}
				]
			},
			{
				"name": "bone41",
				"pivot": [0, 0, 0],
				"rotation": [-10, -5, 0],
				"cubes": [
					{"origin": [61.74124, 116.34932, 282.77427], "size": [44, 2, 25], "uv": [1586.875, 361.875]},
					{"origin": [60.74124, 110.34932, 282.77427], "size": [44, 3, 25], "uv": [336.875, 1336.875]},
					{"origin": [66.74124, 114.34932, 255.77427], "size": [38, 3, 25], "uv": [1361.875, 198.875]},
					{"origin": [60.74124, 113.34932, 227.77427], "size": [44, 3, 25], "uv": [1348.875, 61.875]},
					{"origin": [60.74124, 110.34932, 200.77427], "size": [33, 3, 25], "uv": [1561.875, 273.875]}
				]
			},
			{
				"name": "bone42",
				"pivot": [0, 0, 0],
				"rotation": [-10, 5, 0],
				"cubes": [
					{"origin": [-81.25876, 115.4076, 284.44737], "size": [51, 2, 25], "uv": [1461.875, 286.875]},
					{"origin": [-75.25876, 112.4076, 284.44737], "size": [44, 3, 25], "uv": [23.875, 1336.875]},
					{"origin": [-75.25876, 112.4076, 257.44737], "size": [40, 3, 25], "uv": [1461.875, 248.875]},
					{"origin": [-75.25876, 112.4076, 229.44737], "size": [40, 3, 25], "uv": [1511.875, 398.875]},
					{"origin": [-70.25876, 112.4076, 202.44737], "size": [34, 3, 25], "uv": [1236.875, 161.875]}
				]
			},
			{
				"name": "bone43",
				"pivot": [0, 0, 0],
				"rotation": [-10, 0, 0],
				"cubes": [
					{"origin": [-12, 114.37846, 286.61082], "size": [51, 2, 25], "uv": [1273.875, 148.875]},
					{"origin": [-6, 111.37846, 286.61082], "size": [44, 3, 25], "uv": [311.875, 1311.875]},
					{"origin": [-6, 111.37846, 259.61082], "size": [44, 3, 25], "uv": [1661.875, 298.875]},
					{"origin": [-12, 113.37846, 231.61082], "size": [50, 3, 25], "uv": [1461.875, 98.875]},
					{"origin": [-12, 111.37846, 204.61082], "size": [51, 3, 23], "uv": [1398.875, 323.875]}
				]
			},
			{
				"name": "bone38",
				"pivot": [0, 0, 0],
				"rotation": [-10, -5, 0],
				"cubes": [
					{"origin": [-38.25876, 99.34932, 239.77427], "size": [19, 17, 78], "uv": [0, 0]},
					{"origin": [-41.25876, 117.34932, 169.77427], "size": [18, 3, 154], "uv": [0, 0]}
				]
			},
			{
				"name": "bone39",
				"pivot": [0, 0, 0],
				"rotation": [-10, 0, 0],
				"cubes": [
					{"origin": [-40, 117.37846, 169.61082], "size": [105, 3, 38], "uv": [1361.875, 11.875]}
				]
			},
			{
				"name": "bone44",
				"pivot": [0, 0, 0],
				"cubes": [
					{"origin": [-35, 59.5, 333], "size": [99, 3, 55], "uv": [2436.875, 48.875]},
					{"origin": [-35, 59.5, 377], "size": [99, 8, 18], "uv": [2173.875, 173.875]},
					{"origin": [-49, 35.5, 383], "size": [120, 16, 18], "uv": [0, 1073.875]},
					{"origin": [-49, 51.5, 383], "size": [120, 9, 18], "uv": [11.875, 148.875]},
					{"origin": [-49, 6.5, 383], "size": [120, 29, 18], "uv": [3373.875, 1136.875]},
					{"origin": [-19, 52.5, 385], "size": [58, 7, 18], "uv": [3023.875, 1661.875]}
				]
			},
			{
				"name": "bone45",
				"pivot": [0, 0, 0],
				"rotation": [0, -5, 0],
				"cubes": [
					{"origin": [-39.25876, 59.5, 339.07341], "size": [37, 3, 49], "uv": [2198.875, 98.875]}
				]
			},
			{
				"name": "bone46",
				"pivot": [0, 0, 0],
				"rotation": [0, 5, 0],
				"cubes": [
					{"origin": [30.74124, 59.5, 340.92659], "size": [37, 3, 49], "uv": [2161.875, 86.875]}
				]
			},
			{
				"name": "bone31",
				"pivot": [3, -3, -7],
				"rotation": [10, -25, 0]
			},
			{
				"name": "bone",
				"parent": "bone31",
				"pivot": [3, -3, -7],
				"rotation": [-7, 20, 0],
				"cubes": [
					{"origin": [114.91928, 6.70124, 6.40635], "size": [11, 48, 16], "uv": [0, 0]},
					{"origin": [-98.08072, -5.29876, 21.40635], "size": [13, 51, 23], "uv": [0, 0]},
					{"origin": [-106.08072, 45.70124, 36.40635], "size": [13, 8, 5], "uv": [2286.875, 136.875]},
					{"origin": [-127.08072, 45.70124, 36.40635], "size": [21, 13, 5], "uv": [2373.875, 1373.875]},
					{"origin": [119.91928, 56.70124, 21.40635], "size": [13, 8, 5], "uv": [2286.875, 136.875]},
					{"origin": [132.91928, 57.70124, 20.40635], "size": [21, 13, 5], "uv": [2373.875, 1373.875]}
				]
			},
			{
				"name": "bone28",
				"parent": "bone",
				"pivot": [3, -3, -7],
				"rotation": [5, 0, 0],
				"cubes": [
					{"origin": [-99.08072, 36.64163, -1.89952], "size": [13, 9, 47], "uv": [0, 0]},
					{"origin": [112.91928, 45.64163, -18.89952], "size": [13, 13, 47], "uv": [0, 0]}
				]
			},
			{
				"name": "bone2",
				"parent": "bone31",
				"pivot": [3, -3, -7],
				"rotation": [0, 25, 0],
				"cubes": [
					{"origin": [116.80731, 46.60087, -48.67015], "size": [9, 12, 43], "uv": [0, 0]},
					{"origin": [-99.19269, 30.60087, -41.67015], "size": [13, 14, 36], "uv": [0, 0]},
					{"origin": [-99.19269, 30.60087, -8.67015], "size": [13, 14, 26], "uv": [0, 0]},
					{"origin": [116.80731, 49.60087, -9.67015], "size": [9, 9, 17], "uv": [0, 0]}
				]
			},
			{
				"name": "bone3",
				"parent": "bone2",
				"pivot": [3, -3, -7],
				"rotation": [-8, 0, 0],
				"cubes": [
					{"origin": [-99.19269, -1.30058, -45.77887], "size": [9, 34, 17], "uv": [0, 0]},
					{"origin": [116.80731, 12.69942, -54.77887], "size": [9, 35, 30], "uv": [0, 0]}
				]
			},
			{
				"name": "bone5",
				"parent": "bone3",
				"pivot": [3, -3, -7],
				"rotation": [0, -20, 0],
				"cubes": [
					{"origin": [-106.10587, -1.30058, -46.58714], "size": [9, 21, 38], "uv": [0, 0]},
					{"origin": [-106.10587, -1.30058, -69.58714], "size": [9, 16, 25], "uv": [0, 0]},
					{"origin": [-106.10587, 9.69942, -54.58714], "size": [2, 10, 10], "uv": [0, 0]}
				]
			},
			{
				"name": "bone12",
				"parent": "bone5",
				"pivot": [3, -3, -7],
				"rotation": [0, -70, -5]
			},
			{
				"name": "bone13",
				"parent": "bone5",
				"pivot": [3, -3, -7],
				"rotation": [0, -65, 0]
			},
			{
				"name": "bone9",
				"parent": "bone3",
				"pivot": [3, -3, -7],
				"rotation": [0, 20, 0],
				"cubes": [
					{"origin": [124.79131, 12.69942, -45.98873], "size": [9, 25, 37], "uv": [0, 0]},
					{"origin": [124.79131, 12.69942, -75.98873], "size": [9, 11, 21], "uv": [0, 0]},
					{"origin": [124.79131, 12.69942, -55.98873], "size": [9, 20, 37], "uv": [0, 0]}
				]
			},
			{
				"name": "bone10",
				"parent": "bone3",
				"pivot": [3, -3, -7],
				"rotation": [45, 70, 40],
				"cubes": [
					{"origin": [106.34563, 43.44605, 16.45538], "size": [23, 6, 48], "uv": [0, 0]},
					{"origin": [103.34563, 43.44605, 56.45538], "size": [13, 6, 15], "uv": [0, 0]}
				]
			},
			{
				"name": "bone11",
				"parent": "bone3",
				"pivot": [3, -3, -7],
				"rotation": [40, -55, -40],
				"cubes": [
					{"origin": [-107.7994, 54.10023, -32.62799], "size": [12, 6, 54], "uv": [0, 0]}
				]
			},
			{
				"name": "llanta",
				"parent": "bone3",
				"pivot": [3, 4, -7],
				"cubes": [
					{"origin": [116.80731, 14.69942, -14.77887], "size": [12, 24, 24], "uv": [2299, 1424]},
					{"origin": [116.80731, 38.69942, -16.77887], "size": [12, 6, 26], "uv": [0, 1248.875]},
					{"origin": [116.80731, 12.69942, 9.22113], "size": [12, 25, 7], "uv": [0, 1248.875]},
					{"origin": [116.80731, 12.69942, -22.77887], "size": [12, 25, 8], "uv": [0, 1248.875]},
					{"origin": [116.80731, 7.69942, -14.77887], "size": [12, 7, 24], "uv": [0, 1248.875]}
				]
			},
			{
				"name": "bone91",
				"parent": "llanta",
				"pivot": [3, 4, -7],
				"rotation": [-40, 0, 0],
				"cubes": [
					{"origin": [117.80731, 39.69942, -20.77887], "size": [11, 6, 10], "uv": [0, 1248.875]}
				]
			},
			{
				"name": "bone94",
				"parent": "llanta",
				"pivot": [3, 4, -7],
				"rotation": [-140, 0, 0],
				"cubes": [
					{"origin": [116.80731, 6.69942, -30.77887], "size": [12, 5, 9], "uv": [0, 1248.875]}
				]
			},
			{
				"name": "bone93",
				"parent": "bone94",
				"pivot": [3, 4, -7],
				"rotation": [10, 0, 0],
				"cubes": [
					{"origin": [116.80731, -29.30058, -31.77887], "size": [12, 5, 9], "uv": [0, 1248.875]}
				]
			},
			{
				"name": "bone92",
				"parent": "llanta",
				"pivot": [3, 4, -7],
				"rotation": [-40, 0, 0],
				"cubes": [
					{"origin": [116.80731, 1.69942, -24.77887], "size": [12, 6, 9], "uv": [123.875, 1473.875]}
				]
			},
			{
				"name": "llanta2",
				"parent": "bone3",
				"pivot": [22, 1, 259],
				"cubes": [
					{"origin": [135.80731, 11.69942, 251.22113], "size": [12, 24, 24], "uv": [2299, 1424]},
					{"origin": [135.80731, 35.69942, 249.22113], "size": [12, 6, 26], "uv": [0, 1248.875]},
					{"origin": [135.80731, 9.69942, 275.22113], "size": [12, 25, 7], "uv": [0, 1248.875]},
					{"origin": [135.80731, 9.69942, 244.22113], "size": [12, 25, 7], "uv": [0, 1248.875]},
					{"origin": [135.80731, 4.69942, 251.22113], "size": [12, 7, 24], "uv": [0, 1248.875]}
				]
			},
			{
				"name": "bone96",
				"parent": "llanta2",
				"pivot": [22, 1, 259],
				"rotation": [-40, 0, 0],
				"cubes": [
					{"origin": [136.80731, 36.69942, 245.22113], "size": [11, 6, 10], "uv": [0, 1248.875]}
				]
			},
			{
				"name": "bone97",
				"parent": "llanta2",
				"pivot": [22, 1, 259],
				"rotation": [-140, 0, 0],
				"cubes": [
					{"origin": [135.80731, 3.69942, 235.22113], "size": [12, 5, 9], "uv": [0, 1248.875]}
				]
			},
			{
				"name": "bone98",
				"parent": "bone97",
				"pivot": [22, 1, 259],
				"rotation": [10, 0, 0],
				"cubes": [
					{"origin": [135.80731, -32.30058, 234.22113], "size": [12, 5, 9], "uv": [0, 1248.875]}
				]
			},
			{
				"name": "bone99",
				"parent": "llanta2",
				"pivot": [22, 1, 259],
				"rotation": [-40, 0, 0],
				"cubes": [
					{"origin": [135.80731, -1.30058, 241.22113], "size": [12, 6, 9], "uv": [111.875, 1386.875]}
				]
			},
			{
				"name": "llanta3",
				"parent": "bone3",
				"pivot": [-228, -18, 272],
				"cubes": [
					{"origin": [-114.19269, -7.30058, 264.22113], "size": [12, 24, 24], "uv": [2299, 1424]},
					{"origin": [-114.19269, 16.69942, 262.22113], "size": [12, 6, 26], "uv": [0, 1248.875]},
					{"origin": [-114.19269, -9.30058, 288.22113], "size": [12, 25, 7], "uv": [0, 1248.875]},
					{"origin": [-114.19269, -9.30058, 257.22113], "size": [12, 25, 7], "uv": [0, 1248.875]},
					{"origin": [-114.19269, -14.30058, 264.22113], "size": [12, 7, 24], "uv": [0, 1248.875]}
				]
			},
			{
				"name": "bone100",
				"parent": "llanta3",
				"pivot": [-228, -18, 272],
				"rotation": [-40, 0, 0],
				"cubes": [
					{"origin": [-113.19269, 17.69942, 258.22113], "size": [11, 6, 10], "uv": [0, 1248.875]}
				]
			},
			{
				"name": "bone101",
				"parent": "llanta3",
				"pivot": [-228, -18, 272],
				"rotation": [-140, 0, 0],
				"cubes": [
					{"origin": [-114.19269, -15.30058, 248.22113], "size": [12, 5, 9], "uv": [0, 1248.875]}
				]
			},
			{
				"name": "bone102",
				"parent": "bone101",
				"pivot": [-228, -18, 272],
				"rotation": [10, 0, 0],
				"cubes": [
					{"origin": [-114.19269, -51.30058, 247.22113], "size": [12, 5, 9], "uv": [0, 1248.875]}
				]
			},
			{
				"name": "bone103",
				"parent": "llanta3",
				"pivot": [-228, -18, 272],
				"rotation": [-40, 0, 0],
				"cubes": [
					{"origin": [-114.19269, -20.30058, 254.22113], "size": [12, 6, 9], "uv": [48.875, 1523.875]}
				]
			},
			{
				"name": "llanta4",
				"parent": "bone3",
				"pivot": [-217, -12, -13],
				"cubes": [
					{"origin": [-103.19269, -1.30058, -20.77887], "size": [12, 24, 24], "uv": [2299, 1424]},
					{"origin": [-103.19269, 22.69942, -22.77887], "size": [12, 6, 26], "uv": [0, 1248.875]},
					{"origin": [-103.19269, -3.30058, 3.22113], "size": [12, 25, 7], "uv": [0, 1248.875]},
					{"origin": [-103.19269, -3.30058, -27.77887], "size": [12, 25, 7], "uv": [0, 1248.875]},
					{"origin": [-103.19269, -8.30058, -20.77887], "size": [12, 7, 24], "uv": [0, 1248.875]}
				]
			},
			{
				"name": "bone104",
				"parent": "llanta4",
				"pivot": [-217, -12, -13],
				"rotation": [-40, 0, 0],
				"cubes": [
					{"origin": [-102.19269, 23.69942, -26.77887], "size": [11, 6, 10], "uv": [0, 1248.875]}
				]
			},
			{
				"name": "bone105",
				"parent": "llanta4",
				"pivot": [-217, -12, -13],
				"rotation": [-140, 0, 0],
				"cubes": [
					{"origin": [-103.19269, -9.30058, -36.77887], "size": [12, 5, 9], "uv": [0, 1248.875]}
				]
			},
			{
				"name": "bone106",
				"parent": "bone105",
				"pivot": [-217, -12, -13],
				"rotation": [10, 0, 0],
				"cubes": [
					{"origin": [-103.19269, -45.30058, -37.77887], "size": [12, 5, 9], "uv": [0, 1248.875]}
				]
			},
			{
				"name": "bone107",
				"parent": "llanta4",
				"pivot": [-217, -12, -13],
				"rotation": [-40, 0, 0],
				"cubes": [
					{"origin": [-103.19269, -14.30058, -30.77887], "size": [12, 6, 9], "uv": [11.875, 1448.875]}
				]
			},
			{
				"name": "bone108",
				"parent": "llanta4",
				"pivot": [-217, -12, -13],
				"rotation": [0, 0, -3],
				"cubes": [
					{"origin": [-92.19269, 0.69942, -13.77887], "size": [210, 9, 7], "uv": [2311.875, 611.875]}
				]
			},
			{
				"name": "bone109",
				"parent": "llanta4",
				"pivot": [-217, -12, -13],
				"rotation": [0, 0, -3]
			},
			{
				"name": "bone110",
				"parent": "bone109",
				"pivot": [-217, -12, -13],
				"rotation": [0, 3, 0],
				"cubes": [
					{"origin": [-129.19269, -6.30058, 275.22113], "size": [255, 9, 7], "uv": [2311.875, 611.875]}
				]
			},
			{
				"name": "bone95",
				"parent": "bone3",
				"pivot": [3, -3, -7]
			},
			{
				"name": "bone4",
				"parent": "bone2",
				"pivot": [3, -3, -7],
				"rotation": [10, -20, 0],
				"cubes": [
					{"origin": [-104.72666, 33.24087, -36.19823], "size": [7, 10, 39], "uv": [0, 0]},
					{"origin": [-104.72666, 24.24087, -38.19823], "size": [9, 9, 40.2], "uv": [0, 0]},
					{"origin": [-104.72666, 33.24087, -66.19823], "size": [7, 10, 32], "uv": [0, 0]}
				]
			},
			{
				"name": "bone29",
				"parent": "bone4",
				"pivot": [42, 10, 92],
				"rotation": [0, 0, -5],
				"cubes": [
					{"origin": [-97.07093, 46.22281, -56.19823], "size": [6, 8, 53], "uv": [2036.875, 48.875]},
					{"origin": [-93.07093, 49.22281, -73.19823], "size": [40, 4, 70], "uv": [1048.875, 1086.875]}
				]
			},
			{
				"name": "bone47",
				"parent": "bone29",
				"pivot": [42, 10, 92],
				"rotation": [0, 25, 0],
				"cubes": [
					{"origin": [11.72483, 49.22281, -111.22813], "size": [5, 5, 44], "uv": [2036.875, 48.875]},
					{"origin": [16.72483, 48.22281, -117.22813], "size": [17, 6, 71], "uv": [0, 186.875]},
					{"origin": [-19.27517, 49.22281, -105.22813], "size": [33, 1, 47], "uv": [2486.875, 1848.875]},
					{"origin": [-18.27517, 49.22281, -102.22813], "size": [11, 1, 48], "uv": [2486.875, 1848.875]}
				]
			},
			{
				"name": "bone52",
				"parent": "bone47",
				"pivot": [42, 10, 92],
				"rotation": [0, -15, 0],
				"cubes": [
					{"origin": [74.44672, 53.22281, -106.14687], "size": [4, 10, 38], "uv": [2036.875, 48.875]},
					{"origin": [54.44672, 51.22281, -120.14687], "size": [15, 10, 51], "uv": [0, 111.875]}
				]
			},
			{
				"name": "bone14",
				"parent": "bone29",
				"pivot": [42, 10, 92],
				"rotation": [0, -50, 0],
				"cubes": [
					{"origin": [-121.16988, 50.22281, 75.41667], "size": [4, 4, 57], "uv": [2036.875, 48.875]},
					{"origin": [-162.16988, 51.22281, 66.41667], "size": [6, 4, 35], "uv": [2036.875, 48.875]}
				]
			},
			{
				"name": "bone60",
				"parent": "bone29",
				"pivot": [42, 10, 92],
				"rotation": [0, -95, 0],
				"cubes": [
					{"origin": [-124.34857, 60.22281, 44.00404], "size": [4, 4, 57], "uv": [2036.875, 48.875]},
					{"origin": [-160.34857, 60.22281, 76.00404], "size": [4, 4, 35], "uv": [2036.875, 48.875]},
					{"origin": [-144.34857, 57.22281, 53.00404], "size": [20, 4, 14], "uv": [1061.875, 1348.875]}
				]
			},
			{
				"name": "bone64",
				"parent": "bone60",
				"pivot": [42, 10, 92],
				"rotation": [0, 0, 5],
				"cubes": [
					{"origin": [-123.85066, 46.06943, 37.00404], "size": [10, 4, 65], "uv": [0, 173.875]}
				]
			},
			{
				"name": "bone85",
				"parent": "bone60",
				"pivot": [42, 10, 92],
				"cubes": [
					{"origin": [-158.34857, 58.22281, 66.00404], "size": [35, 4, 42], "uv": [1305, 1066]}
				]
			},
			{
				"name": "bone25",
				"parent": "bone29",
				"pivot": [42, 10, 92],
				"rotation": [0, -50, 0]
			},
			{
				"name": "bone32",
				"parent": "bone25",
				"pivot": [42, 10, 92],
				"rotation": [-3, 0, 0],
				"cubes": [
					{"origin": [-117.16988, 45.28297, 74.02228], "size": [11, 8, 54], "uv": [286.875, 361.875]}
				]
			},
			{
				"name": "bone61",
				"parent": "bone29",
				"pivot": [42, 10, 92],
				"rotation": [0, 40, 0],
				"cubes": [
					{"origin": [188.33946, 34.22281, -42.97679], "size": [4, 30, 53], "uv": [2036.875, 48.875]}
				]
			},
			{
				"name": "bone6",
				"parent": "bone2",
				"pivot": [3, -3, -7],
				"rotation": [12, 20, 0],
				"cubes": [
					{"origin": [123.41211, 43.3752, -52.79128], "size": [9, 14, 60], "uv": [0, 0]},
					{"origin": [123.41211, 43.3752, -64.79128], "size": [9, 14, 13], "uv": [0, 0]}
				]
			},
			{
				"name": "bone7",
				"parent": "bone2",
				"pivot": [3, -3, -7],
				"rotation": [10, 0, -5],
				"cubes": [
					{"origin": [-26.50379, 47.28342, -120.31752], "size": [87, 7, 8], "uv": [0, 0]},
					{"origin": [-34.50379, 48.28342, -106.31752], "size": [108, 7, 2], "uv": [3511.875, 73.875]},
					{"origin": [56.49621, 47.28342, -108.31752], "size": [20, 7, 13], "uv": [0, 0]},
					{"origin": [-31.50379, 47.28342, -113.31752], "size": [98, 7, 85], "uv": [0, 0]},
					{"origin": [53.49621, 47.28342, -113.31752], "size": [18, 7, 45], "uv": [0, 0]}
				]
			},
			{
				"name": "bone8",
				"parent": "bone7",
				"pivot": [3, -3, -7],
				"rotation": [-10, 0, 0],
				"cubes": [
					{"origin": [-31.50379, 42.62206, -37.67015], "size": [91, 7, 37], "uv": [0, 0]}
				]
			},
			{
				"name": "bone56",
				"parent": "bone7",
				"pivot": [3, -3, -7],
				"rotation": [0, 10, 0],
				"cubes": [
					{"origin": [-17.95885, 48.28342, -111.33952], "size": [2, 7, 80], "uv": [3511.875, 73.875]}
				]
			},
			{
				"name": "bone57",
				"parent": "bone56",
				"pivot": [3, -3, -7],
				"rotation": [-10, 0, 0],
				"cubes": [
					{"origin": [-17.95885, 43.61824, -41.69182], "size": [2, 7, 37], "uv": [3511.875, 73.875]}
				]
			},
			{
				"name": "bone58",
				"parent": "bone7",
				"pivot": [75, -3, 1],
				"rotation": [0, -10, 0],
				"cubes": [
					{"origin": [54.94816, 48.28342, -103.37487], "size": [2, 7.5, 80], "uv": [3511.875, 73.875]},
					{"origin": [56.94816, 47.28342, -103.37487], "size": [2, 8, 57], "uv": [198.875, 61.875]}
				]
			},
			{
				"name": "bone59",
				"parent": "bone58",
				"pivot": [75, -3, 1],
				"rotation": [-10, 0, 0],
				"cubes": [
					{"origin": [54.94816, 43.6121, -33.72663], "size": [2, 7, 37], "uv": [3511.875, 73.875]}
				]
			},
			{
				"name": "bone65",
				"parent": "bone7",
				"pivot": [3, -3, -7],
				"rotation": [-90, 0, 0],
				"cubes": [
					{"origin": [7.49621, -99.45875, -64.68801], "size": [22, 22, 1], "uv": [0, 2011.875]}
				]
			},
			{
				"name": "bone48",
				"parent": "bone2",
				"pivot": [3, -3, -7],
				"rotation": [5, 20, 0],
				"cubes": [
					{"origin": [-79.58789, 35.48528, -69.26396], "size": [70, 13.65, 19], "uv": [0, 0]}
				]
			},
			{
				"name": "bone51",
				"parent": "bone48",
				"pivot": [3, -3, -7],
				"rotation": [10, -20, 0],
				"cubes": [
					{"origin": [-32.95912, 45.03728, -106.70929], "size": [9, 11.65, 58], "uv": [0, 0]}
				]
			},
			{
				"name": "bone49",
				"parent": "bone2",
				"pivot": [3, -3, -7],
				"rotation": [0, 20, 0],
				"cubes": [
					{"origin": [-79.58789, 31.60087, -54.94688], "size": [67, 13.5, 16], "uv": [0, 0]}
				]
			},
			{
				"name": "bone62",
				"parent": "bone31",
				"pivot": [3, -3, -7],
				"rotation": [0, 0, -3],
				"cubes": [
					{"origin": [48.08516, 39.60897, -48.54], "size": [72, 13, 30], "uv": [0, 0]},
					{"origin": [41.08516, 38.60897, -55.54], "size": [66, 14, 9], "uv": [0, 0]},
					{"origin": [46.08516, 39.60897, -54.54], "size": [72, 13, 18], "uv": [0, 0]},
					{"origin": [42.08516, 36.60897, -64.54], "size": [70, 16, 10], "uv": [0, 0]},
					{"origin": [48.08516, 20.60897, -25.54], "size": [78, 27, 29], "uv": [1023.875, 1523.875]},
					{"origin": [48.08516, 0.60897, -25.54], "size": [77, 27, 13], "uv": [2273.875, 223.875]},
					{"origin": [48.08516, 2.60897, -18.54], "size": [77, 19, 16], "uv": [2273.875, 223.875]}
				]
			},
			{
				"name": "bone63",
				"parent": "bone62",
				"pivot": [3, -3, -7],
				"rotation": [5, 0, 0],
				"cubes": [
					{"origin": [40.08516, 41.72223, -70.05032], "size": [67, 16, 11], "uv": [0, 0]}
				]
			},
			{
				"name": "bone33",
				"pivot": [0, 0, 0],
				"cubes": [
					{"origin": [-22, 29.5, -14], "size": [70, 17, 5], "uv": [0, 0]},
					{"origin": [-22, -3.5, -7], "size": [71, 56, 28], "uv": [1311.875, 1298.875]},
					{"origin": [-93, 1.5, 15], "size": [212, 5, 79], "uv": [2098.875, 36.875]},
					{"origin": [-72, 1.5, 92], "size": [175, 5, 130], "uv": [2098.875, 36.875]},
					{"origin": [36, 4.5, 51], "size": [48, 12, 78], "uv": [3701, 1398]},
					{"origin": [-59, 4.5, 49], "size": [49, 12, 78], "uv": [3701, 1398]},
					{"origin": [-86, 2.5, 174], "size": [215, 45, 48], "uv": [2098.875, 36.875]},
					{"origin": [-92, 30.5, 222], "size": [160, 17, 112], "uv": [2098.875, 36.875]},
					{"origin": [-86, 37.5, 222], "size": [203, 14, 112], "uv": [2098.875, 36.875]},
					{"origin": [-6, 7.5, 15], "size": [38, 13, 31], "uv": [2098.875, 36.875]},
					{"origin": [-9, 7.5, 46], "size": [38, 8, 24], "uv": [2098.875, 36.875]},
					{"origin": [-9, 7.5, 66], "size": [38, 3, 22], "uv": [2098.875, 36.875]},
					{"origin": [-54, 46.5, 214], "size": [146, 14, 120], "uv": [2186.875, 1648.875]},
					{"origin": [-72, 8.5, 229], "size": [175, 5, 156], "uv": [2098.875, 36.875]},
					{"origin": [-72, 1.5, -98], "size": [175, 5, 117], "uv": [2098.875, 36.875]}
				]
			},
			{
				"name": "bone73",
				"parent": "bone33",
				"pivot": [0, 0, 0],
				"rotation": [40, 0, 0],
				"cubes": [
					{"origin": [36, -82.09627, 103.14327], "size": [48, 12, 31], "uv": [3711, 1573]},
					{"origin": [-59, -82.09627, 100.14327], "size": [49, 12, 31], "uv": [3711, 1573]}
				]
			},
			{
				"name": "bone74",
				"parent": "bone33",
				"pivot": [0, 0, 0],
				"rotation": [75, 0, 0],
				"cubes": [
					{"origin": [36, -144.05291, 63.20445], "size": [48, 12, 63], "uv": [3461, 1336]},
					{"origin": [-60, -144.05291, 60.20445], "size": [49, 12, 63], "uv": [3461, 1336]}
				]
			},
			{
				"name": "bone86",
				"parent": "bone33",
				"pivot": [0, 0, 0],
				"rotation": [75, 0, 0],
				"cubes": [
					{"origin": [-7, -82.05291, 24.20445], "size": [39, 87, 9], "uv": [1611.875, 1173.875]}
				]
			},
			{
				"name": "bone50",
				"pivot": [0, 0, 0],
				"rotation": [25, 21, 0]
			},
			{
				"name": "bone55",
				"pivot": [0, 0, 0],
				"rotation": [5, 26, 5],
				"cubes": [
					{"origin": [-98.4493, 29.29837, -15.36837], "size": [85, 17, 7], "uv": [11.875, 573.875]},
					{"origin": [-1.62668, 7.96587, 0.3901], "size": [1, 1, 1], "uv": [0, 0]},
					{"origin": [-1.62668, 7.96587, 0.3901], "size": [1, 1, 1], "uv": [0, 0]},
					{"origin": [-95.4493, 19.29837, -12.36837], "size": [82, 30, 20], "uv": [1411.875, 1548.875]},
					{"origin": [-95.4493, 4.29837, -12.36837], "size": [82, 17, 0], "uv": [2198.875, 98.875]},
					{"origin": [-95.4493, -4.70163, 0.63163], "size": [82, 23, 2], "uv": [2198.875, 98.875]}
				]
			},
			{
				"name": "bone15",
				"parent": "bone55",
				"pivot": [0, 0, 0],
				"rotation": [4, 0, 0]
			},
			{
				"name": "bone26",
				"parent": "bone55",
				"pivot": [0, 0, 0],
				"rotation": [3, 0, 0]
			},
			{
				"name": "bone27",
				"parent": "bone55",
				"pivot": [0, 0, 0],
				"rotation": [0, 0, 3],
				"cubes": [
					{"origin": [-98.86535, 34.25465, -28.36837], "size": [85, 10, 13], "uv": [11.875, 573.875]}
				]
			},
			{
				"name": "bone30",
				"parent": "bone55",
				"pivot": [0, 0, 0],
				"rotation": [0, 0, 3.5],
				"cubes": [
					{"origin": [-83.93444, 32.24525, -51.36837], "size": [77, 11.5, 13], "uv": [11.875, 573.875]}
				]
			},
			{
				"name": "bone53",
				"parent": "bone55",
				"pivot": [0, 0, 0],
				"rotation": [0, 0, 3.5],
				"cubes": [
					{"origin": [-88.93444, 33.24525, -41.36837], "size": [85, 10.6, 13], "uv": [11.875, 573.875]}
				]
			},
			{
				"name": "bone54",
				"parent": "bone55",
				"pivot": [0, 0, 0],
				"rotation": [0, 0, 3],
				"cubes": [
					{"origin": [-98.86535, 32.25465, -27.36837], "size": [85, 11, 13], "uv": [11.875, 573.875]}
				]
			}
		]
	}
}