{
    "format_version": "1.10.0",
    "render_controllers": {
        "controller.render.formula_1": {
            "arrays": {
                "textures": {
                    "array.skins": [
                        "texture.formula_1",
                        "texture.formula_1_black",
                        "texture.formula_1_blue",
						"texture.formula_1_gray",
						"texture.formula_1_green",
						"texture.formula_1_cyan",
						"texture.formula_1_magenta",
						"texture.formula_1_orange",
						"texture.formula_1_pink",
						"texture.formula_1_red",
						"texture.formula_1_yellow"
                    ]},
                "materials": {
                    "array.materials": [
                        "material.formula_1"
                    ]}    
            },
            "geometry": "geometry.formula_1",
            "materials": [{ "*": "material.formula_1"}],
            "textures": ["array.skins[query.mark_variant]"]
        }
    }
}