{
	"format_version": "1.8.0",
	"minecraft:client_entity": {
		"description": {
			"identifier": "mazda929hc:maroon_gray1",
			"materials": {
				"default": "enderman"
			},
			"textures": {
				"default": "textures/entity/mazda_929hc/maroon_gray"
			},
			"geometry": {
				"default": "geometry.mazda929hc_m1"
			},
			"render_controllers": [
				"controller.render.mazda_929hc"
			],
			"animations": {
				"drive": "animation.mazda_929hc.drive",
				"turning": "animation.mazda_929hc.turning",
				"close": "animation.mazda_929hc.close"
			},
			"spawn_egg": {
				"texture": "mazda_929hc",
				"texture_index": 0
			},
			"animation_controllers": [
				{
					"general": "controller.animation.mazda_929hc.general1"
				}
			]
		}
	}
}