{
	"format_version": "1.8.0",
	"minecraft:entity": {
		"description": {
			"identifier": "hnsx:white2_open",
			"is_spawnable": false,
			"is_summonable": false,
			"is_experimental": false
		},
		"component_groups": {
			"door_close": {
        		"minecraft:transformation": {
          		"into": "hnsx:white1_open_between",
          		"delay": 0.1
       			 }
    		}
		},
		"components": {
			"minecraft:type_family": {
				"family": [
					"cars"
				]
			},
			"minecraft:scale": {
				"value": 1
			},
			"minecraft:collision_box": {
				"width": 2,
				"height": 2
			},
			"minecraft:health": {
				"value": 60
			},
			"minecraft:movement": {
				"value": 0.59
			},
			"minecraft:movement.basic": {},
			"minecraft:jump.static": {},
			"minecraft:input_ground_controlled": {},
			"minecraft:physics": {},
			"minecraft:inventory": {
				"container_type": "container",
				"inventory_size": 27,
				"private": false
			},
			"minecraft:rideable": {
				"seat_count": 2,
				"crouching_skip_interact": true,
				"interact_text": "Drive",
				"family_types": [
					"player",
					"villager"
				],
				"pull_in_entities": true,
				"seats": [
					{
						"position": [
							-0.55,
							0.05,
							-0.4
						],
						"min_rider_count": 1,
						"max_rider_count": 2
					},
					{
						"position": [
							0.55,
							0.05,
							-0.4
						],
						"min_rider_count": 1,
						"max_rider_count": 2
					}
				]
			},
			"minecraft:interact": [
				{
					"on_interact": {
						"filters": {
							"all_of": [
								{
									"test": "is_sneaking",
									"subject": "player",
									"value": true
								}
							]
						},
						"event": "door_close"
					},
					"use_item": false,
					"interact_text": "Close Door"
				}
			],
			"minecraft:pushable": {
				"is_pushable": false,
				"is_pushable_by_piston": true
			}
		},

		"events": {
			"door_close": {
        		"add": {
          			"component_groups": [
            			"door_close"
          			]
        		}
      		}
		}
	}
}