{
	"geometry.humano": {
		"texturewidth": 64,
		"textureheight": 64,
		"visible_bounds_width": 2,
		"visible_bounds_height": 2,
		"visible_bounds_offset": [0, 1, 0],
		"bones": [
			{
				"name": "body",
				"pivot": [0, 24, 0],
				"cubes": [
					{"origin": [-4, 12, -2], "size": [8, 12, 4], "uv": [16, 16]},
					{"origin": [-4, 12, -2], "size": [8, 12, 4], "uv": [16, 32], "inflate": 0.15}
				]
			},
			{
				"name": "head",
				"pivot": [0, 24, 0],
				"cubes": [
					{"origin": [-4, 24, -4], "size": [8, 8, 8], "uv": [0, 0]},
					{"origin": [-4, 24, -4], "size": [8, 8, 8], "uv": [32, 0], "inflate": 0.3}
				]
			},
			{
				"name": "leg0",
				"pivot": [-1.9, 12, 0],
				"cubes": [
					{"origin": [-3.9, 0, -2], "size": [4, 12, 4], "uv": [0, 32], "inflate": 0.15},
					{"origin": [-3.9, 0, -2], "size": [4, 12, 4], "uv": [0, 16]}
				]
			},
			{
				"name": "leg1",
				"pivot": [1.9, 12, 0],
				"cubes": [
					{"origin": [-0.1, 0, -2], "size": [4, 12, 4], "uv": [0, 48], "inflate": 0.15},
					{"origin": [-0.1, 0, -2], "size": [4, 12, 4], "uv": [16, 48]}
				]
			},
			{
				"name": "leg2",
				"pivot": [5, 22, 0],
				"cubes": [
					{"origin": [4, 12, -2], "size": [4, 12, 4], "uv": [40, 16], "mirror": true},
					{"origin": [4, 12, -2], "size": [4, 12, 4], "uv": [48, 48], "inflate": 0.15}
				]
			},
			{
				"name": "leg3",
				"pivot": [-5, 22, 0],
				"cubes": [
					{"origin": [-8, 12, -2], "size": [4, 12, 4], "uv": [40, 32], "inflate": 0.15},
					{"origin": [-8, 12, -2], "size": [4, 12, 4], "uv": [40, 16]}
				]
			},
			{
				"name": "rightItem",
				"pivot": [-6, 14, 1]
			}
		]
	},
	"geometry.humano_baby": {
		"texturewidth": 64,
		"textureheight": 64,
		"visible_bounds_width": 2,
		"visible_bounds_height": 3,
		"visible_bounds_offset": [0, 1.5, 0],
		"bones": [
			{
				"name": "body",
				"pivot": [0, 24, 0],
				"cubes": [
					{"origin": [-4, 12, -2], "size": [8, 12, 4], "uv": [16, 16]},
					{"origin": [-4, 12, -2], "size": [8, 12, 4], "uv": [16, 32], "inflate": 0.15}
				]
			},
			{
				"name": "head",
				"pivot": [0, 24, 0],
				"cubes": [
					{"origin": [-4, 27, -4], "size": [8, 8, 8], "uv": [0, 0], "inflate": 3},
					{"origin": [-4, 27, -4], "size": [8, 8, 8], "uv": [32, 0], "inflate": 3.1}
				]
			},
			{
				"name": "body",
				"pivot": [5, 22, 0]
			},
			{
				"name": "leftArm",
				"pivot": [-5, 22, 0],
				"cubes": [
					{"origin": [-8, 12, -2], "size": [4, 12, 4], "uv": [40, 32], "inflate": 0.15},
					{"origin": [-8, 12, -2], "size": [4, 12, 4], "uv": [40, 16]}
				]
			},
			{
				"name": "rightArm",
				"pivot": [5, 22, 0],
				"cubes": [
					{"origin": [4, 12, -2], "size": [4, 12, 4], "uv": [32, 48]},
					{"origin": [4, 12, -2], "size": [4, 12, 4], "uv": [48, 48], "inflate": 0.15}
				]
			},
			{
				"name": "body",
				"pivot": [-5, 22, 0]
			},
			{
				"name": "leg1",
				"pivot": [1.9, 12, 0],
				"cubes": [
					{"origin": [-0.1, 0, -2], "size": [4, 12, 4], "uv": [0, 48], "inflate": 0.15},
					{"origin": [-0.1, 0, -2], "size": [4, 12, 4], "uv": [16, 48]}
				]
			},
			{
				"name": "leg0",
				"pivot": [-1.9, 12, 0],
				"cubes": [
					{"origin": [-3.9, 0, -2], "size": [4, 12, 4], "uv": [0, 32], "inflate": 0.15},
					{"origin": [-3.9, 0, -2], "size": [4, 12, 4], "uv": [0, 16]}
				]
			},
			{
				"name": "leg1",
				"pivot": [1.9, 12, 0]
			},
			{
				"name": "leg0",
				"pivot": [-1.9, 12, 0]
			}
		]
	},
	"geometry.humano_boy": {
		"texturewidth": 64,
		"textureheight": 64,
		"visible_bounds_width": 2,
		"visible_bounds_height": 2,
		"visible_bounds_offset": [0, 1, 0],
		"bones": [
			{
				"name": "body",
				"pivot": [0, 24, 0],
				"cubes": [
					{"origin": [-4, 12, -2], "size": [8, 12, 4], "uv": [16, 16]},
					{"origin": [-4, 12, -2], "size": [8, 12, 4], "uv": [16, 32], "inflate": 0.15}
				]
			},
			{
				"name": "head",
				"pivot": [0, 24, 0],
				"cubes": [
					{"origin": [-4, 24, -4], "size": [8, 8, 8], "uv": [0, 0]},
					{"origin": [-4, 24, -4], "size": [8, 8, 8], "uv": [32, 0], "inflate": 0.15}
				]
			},
			{
				"name": "leg0",
				"pivot": [-1.9, 12, 0],
				"cubes": [
					{"origin": [-3.9, 0, -2], "size": [4, 12, 4], "uv": [0, 32], "inflate": 0.15},
					{"origin": [-3.9, 0, -2], "size": [4, 12, 4], "uv": [0, 16]}
				]
			},
			{
				"name": "leg1",
				"pivot": [1.9, 12, 0],
				"cubes": [
					{"origin": [-0.1, 0, -2], "size": [4, 12, 4], "uv": [0, 48], "inflate": 0.15},
					{"origin": [-0.1, 0, -2], "size": [4, 12, 4], "uv": [16, 48]}
				]
			},
			{
				"name": "leg2",
				"pivot": [5, 22, 0],
				"cubes": [
					{"origin": [4, 12, -2], "size": [4, 12, 4], "uv": [32, 48]},
					{"origin": [4, 12, -2], "size": [4, 12, 4], "uv": [48, 48], "inflate": 0.15}
				]
			},
			{
				"name": "leg3",
				"pivot": [-5, 22, 0],
				"cubes": [
					{"origin": [-8, 12, -2], "size": [4, 12, 4], "uv": [40, 32], "inflate": 0.15},
					{"origin": [-8, 12, -2], "size": [4, 12, 4], "uv": [40, 16]}
				]
			}
		]
	},
	"geometry.humano_girl": {
		"texturewidth": 64,
		"textureheight": 64,
		"visible_bounds_width": 2,
		"visible_bounds_height": 2,
		"visible_bounds_offset": [0, 1, 0],
		"bones": [
			{
				"name": "body",
				"pivot": [0, 24, 0],
				"cubes": [
					{"origin": [-4, 12, -2], "size": [8, 12, 4], "uv": [16, 16]},
					{"origin": [-4, 12, -2], "size": [8, 12, 4], "uv": [16, 32], "inflate": 0.15}
				]
			},
			{
				"name": "body2",
				"parent": "body",
				"pivot": [0, -0.2, -4.2],
				"rotation": [-25, 0, 0],
				"cubes": [
					{"origin": [-3, 18.8, -12.1], "size": [6, 4, 0], "uv": [21, 20], "inflate": 0.01},
					{"origin": [-3, 18.8, -12.1], "size": [0, 4, 2], "uv": [20, 18], "inflate": 0.01},
					{"origin": [3, 18.8, -12.1], "size": [0, 4, 2], "uv": [20, 18], "inflate": 0.01, "mirror": true},
					{"origin": [-3, 18.8, -12.1], "size": [6, 0, 2], "uv": [13, 23], "inflate": 0.01}
				]
			},
			{
				"name": "head",
				"pivot": [0, 24, 0],
				"cubes": [
					{"origin": [-4, 24, -4], "size": [8, 8, 8], "uv": [0, 0]},
					{"origin": [-4, 24, -4], "size": [8, 8, 8], "uv": [32, 0], "inflate": 0.15}
				]
			},
			{
				"name": "leg0",
				"pivot": [-1.9, 12, 0],
				"cubes": [
					{"origin": [-3.9, 0, -2], "size": [4, 12, 4], "uv": [0, 32], "inflate": 0.15},
					{"origin": [-3.9, 0, -2], "size": [4, 12, 4], "uv": [0, 16]}
				]
			},
			{
				"name": "leg1",
				"pivot": [1.9, 12, 0],
				"cubes": [
					{"origin": [-0.1, 0, -2], "size": [4, 12, 4], "uv": [0, 48], "inflate": 0.15},
					{"origin": [-0.1, 0, -2], "size": [4, 12, 4], "uv": [16, 48]}
				]
			},
			{
				"name": "leg2",
				"pivot": [5, 22, 0],
				"cubes": [
					{"origin": [4, 12, -2], "size": [4, 12, 4], "uv": [32, 48]},
					{"origin": [4, 12, -2], "size": [4, 12, 4], "uv": [48, 48], "inflate": 0.15}
				]
			},
			{
				"name": "leg3",
				"pivot": [-5, 22, 0],
				"cubes": [
					{"origin": [-8, 12, -2], "size": [4, 12, 4], "uv": [40, 32], "inflate": 0.15},
					{"origin": [-8, 12, -2], "size": [4, 12, 4], "uv": [40, 16]}
				]
			}
		]
	},
	"geometry.humano_sleep": {
		"texturewidth": 64,
		"textureheight": 64,
		"visible_bounds_width": 2,
		"visible_bounds_height": 1,
		"visible_bounds_offset": [0, 0.5, 0],
		"bones": [
			{
				"name": "body",
				"pivot": [0, 24, 0],
				"rotation": [-90, 0, 0],
				"cubes": [
					{"origin": [-4, 12, 20], "size": [8, 12, 4], "uv": [16, 16]},
					{"origin": [-4, 12, 20], "size": [8, 12, 4], "uv": [16, 32], "inflate": 0.15}
				]
			},
			{
				"name": "head",
				"pivot": [0, 2, 0],
				"rotation": [-90, 0, 0],
				"cubes": [
					{"origin": [-4, 2, -4], "size": [8, 8, 8], "uv": [0, 0]},
					{"origin": [-4, 2, -4], "size": [8, 8, 8], "uv": [32, 0], "inflate": 0.3}
				]
			},
			{
				"name": "leg0",
				"pivot": [-1.9, 2, -12],
				"rotation": [-90, 0, 0],
				"cubes": [
					{"origin": [-3.9, -10, -14], "size": [4, 12, 4], "uv": [0, 32], "inflate": 0.15},
					{"origin": [-3.9, -10, -14], "size": [4, 12, 4], "uv": [0, 16]}
				]
			},
			{
				"name": "leg1",
				"pivot": [1.9, 2, -12],
				"rotation": [-90, 0, 0],
				"cubes": [
					{"origin": [-0.1, -10, -14], "size": [4, 12, 4], "uv": [0, 48], "inflate": 0.15},
					{"origin": [-0.1, -10, -14], "size": [4, 12, 4], "uv": [16, 48]}
				]
			},
			{
				"name": "leg2",
				"pivot": [5, 2, -2],
				"rotation": [-90, 0, 0],
				"cubes": [
					{"origin": [4, -8, -4], "size": [4, 12, 4], "uv": [32, 48]},
					{"origin": [4, -8, -4], "size": [4, 12, 4], "uv": [48, 48], "inflate": 0.15}
				]
			},
			{
				"name": "leg3",
				"pivot": [-5, 2, -2],
				"rotation": [-90, 0, 0],
				"cubes": [
					{"origin": [-8, -8, -4], "size": [4, 12, 4], "uv": [40, 32], "inflate": 0.15},
					{"origin": [-8, -8, -4], "size": [4, 12, 4], "uv": [40, 16]}
				]
			}
		]
	}
}