{
	"vehicle.lancia037.drive": {
		"category": "neutral",
		"sounds": [
		  "sounds/lancia037/drive"
		]
	},
	"vehicle.lancia037.startup": {
		"category": "neutral",
		"sounds": [
		  "sounds/lancia037/startup"
		]
	},
	"vehicle.lancia037.doorclose": {
		"category": "neutral",
		"sounds": [
		  "sounds/lancia037/doorclose"
		]
	},
	"vehicle.lancia037.dooropen": {
		"category": "neutral",
		"sounds": [
		  "sounds/lancia037/dooropen"
		]
	},
	"vehicle.lancia037.hood": {
		"category": "neutral",
		"sounds": [
		  "sounds/lancia037/hood"
		]
	}
}