{
	"format_version": "1.8.0",
	"minecraft:entity": {
		"description": {
			"identifier": "ao:mk1_black1",
			"is_spawnable": true,
			"is_summonable": true,
			"is_experimental": false
		},
		"component_groups": {
			"door_open": {
        		"minecraft:transformation": {
          		"into": "ao:mk1_black2",
          		"delay": 0.1
       			 }
    		},
    		"popups_open": {
        		"minecraft:transformation": {
          		"into": "ao:mk1_black1on",
          		"delay": 0.1
       			 }
    		}
		},
		"components": {
			"minecraft:type_family": {
				"family": [
					"cars"
				]
			},
			"minecraft:scale": {
				"value": 1
			},
			"minecraft:collision_box": {
				"width": 2,
				"height": 2
			},
			"minecraft:health": {
				"value": 60
			},
			"minecraft:jump.static": {},
			"minecraft:physics": {},
			"minecraft:inventory": {
				"container_type": "container",
				"inventory_size": 27,
				"private": false
			},
			"minecraft:interact": [
				{
					"on_interact": {
						"filters": {
							"all_of": [
								{
									"test": "is_sneaking",
									"subject": "player",
									"value": true
								}
							]
						},
						"event": "popups_open"
					},
					"use_item": false,
					"interact_text": "Turn on popup headlights"
				},
				{
					"on_interact": {
						"filters": {
							"all_of": [
								{
									"test": "is_sneaking",
									"subject": "player",
									"value": false
								}
							]
						},
						"event": "door_open"
					},
					"use_item": false,
					"interact_text": "Open Door"
				}
			],
			"minecraft:pushable": {
				"is_pushable": false,
				"is_pushable_by_piston": true
			}
		},

		"events": {
			"door_open": {
        		"add": {
          			"component_groups": [
            			"door_open"
          			]
        		}
      		},
      		"popups_open": {
        		"add": {
          			"component_groups": [
            			"popups_open"
          			]
        		}
      		}
		}
	}
}