{
	"format_version": "1.12.0",
	"minecraft:geometry": [
		{
			"description": {
				"identifier": "geometry.chiron",
				"texture_width": 512,
				"texture_height": 512,
				"visible_bounds_width": 22,
				"visible_bounds_height": 3,
				"visible_bounds_offset": [0, 1.5, 0]
			},
			"bones": [
				{
					"name": "bone",
					"pivot": [0, 0, 0],
					"cubes": [
						{"origin": [36.5, 2, 41], "size": [5, 27, 48], "uv": [407, 109]},
						{"origin": [36.5, 2, 82], "size": [5, 27, 48], "uv": [407, 109]},
						{"origin": [-41.5, 2, 41], "size": [5, 27, 48], "uv": [407, 109]},
						{"origin": [-41.5, 2, 82], "size": [5, 27, 48], "uv": [407, 109]}
					]
				},
				{
					"name": "bone2",
					"parent": "bone",
					"pivot": [0, 1, -3],
					"cubes": [
						{"origin": [-8, 3, -24], "size": [15, 2, 7], "uv": [430, 13]},
						{"origin": [-14, 2, -23.5], "size": [4, 3, 6], "uv": [68, 26]},
						{"origin": [-12.5, 5, -23.5], "size": [2, 15.5, 6], "uv": [68, 26]},
						{"origin": [9.5, 3, -23.5], "size": [3, 17.5, 6], "uv": [68, 26]},
						{"origin": [8.5, 3, -23.5], "size": [4, 17.5, 6], "uv": [68, 26]},
						{"origin": [7.5, 3, -23.5], "size": [5, 5.5, 6], "uv": [68, 26]},
						{"origin": [-14, 5, -23.5], "size": [2, 15.5, 6], "uv": [68, 26]},
						{"origin": [-1.5, 4.3, -24], "size": [2, 2, 7], "uv": [423, 34]},
						{"origin": [-7, 5, -23], "size": [13, 19, 6], "uv": [308, 66]},
						{"origin": [-9, 8, -23], "size": [1, 13, 6], "uv": [292, 42]},
						{"origin": [7, 8, -23], "size": [1, 13, 6], "uv": [286, 48]},
						{"origin": [-10, 11, -23], "size": [1, 6, 6], "uv": [356, 62]},
						{"origin": [8, 11, -23], "size": [1, 6, 6], "uv": [302, 88]},
						{"origin": [-8, 5, -23], "size": [1, 17, 6], "uv": [276, 76]},
						{"origin": [6, 5, -23], "size": [1, 17, 6], "uv": [320, 56]},
						{"origin": [-6.5, 23.8, -24], "size": [11.5, 2, 7], "uv": [430, 26]}
					]
				},
				{
					"name": "bone9",
					"parent": "bone2",
					"pivot": [-3, 1, -3],
					"rotation": [0, 0, 45],
					"cubes": [
						{"origin": [-4.5, 5, -24], "size": [2, 2, 7], "uv": [477, 8]}
					]
				},
				{
					"name": "bone10",
					"parent": "bone2",
					"pivot": [3, 2, -3],
					"rotation": [0, 0, -45],
					"cubes": [
						{"origin": [1, 6, -24], "size": [2, 2, 7], "uv": [442, 11]}
					]
				},
				{
					"name": "bone3",
					"parent": "bone2",
					"pivot": [1, 2, -3],
					"rotation": [0, 0, -20],
					"cubes": [
						{"origin": [-7, 6, -24], "size": [2, 11, 7], "uv": [475, 17]},
						{"origin": [-9, 6, -23.5], "size": [2, 11, 7], "uv": [50, 50]}
					]
				},
				{
					"name": "bone5",
					"parent": "bone2",
					"pivot": [-4, 8, -3],
					"rotation": [0, 0, 10],
					"cubes": [
						{"origin": [-12.5, 12, -24], "size": [2, 7, 7], "uv": [488, 14]}
					]
				},
				{
					"name": "bone7",
					"parent": "bone2",
					"pivot": [-6, 12, -3],
					"rotation": [0, 0, 35],
					"cubes": [
						{"origin": [-14.4, 16, -24], "size": [2, 7, 7], "uv": [495, 21]},
						{"origin": [-17.42642, 12.5, -23], "size": [4, 10, 5], "uv": [170, 66]}
					]
				},
				{
					"name": "bone74",
					"parent": "bone7",
					"pivot": [-5.48849, -2.62231, 0],
					"rotation": [0, 0, 15]
				},
				{
					"name": "bone28",
					"parent": "bone2",
					"pivot": [-21, 22, -3],
					"rotation": [0, -35, 60]
				},
				{
					"name": "bone8",
					"parent": "bone2",
					"pivot": [17, 20, -3],
					"rotation": [0, 0, -35],
					"cubes": [
						{"origin": [8.5, 24.5, -24], "size": [2, 7, 7], "uv": [424, 16]},
						{"origin": [9.92642, 22.68085, -23], "size": [4, 8, 6], "uv": [0, 56]}
					]
				},
				{
					"name": "bone6",
					"parent": "bone2",
					"pivot": [18, 10, -3],
					"rotation": [0, 0, -10],
					"cubes": [
						{"origin": [9, 14.5, -24], "size": [2, 7, 7], "uv": [416, 29]},
						{"origin": [11, 14.5, -23.5], "size": [2, 7, 7], "uv": [50, 68]}
					]
				},
				{
					"name": "bone4",
					"parent": "bone2",
					"pivot": [11, -3, -3],
					"rotation": [0, 0, 20],
					"cubes": [
						{"origin": [3, 1, -24], "size": [2, 11, 7], "uv": [468, 5]},
						{"origin": [5, 1, -23.5], "size": [1, 11, 7], "uv": [74, 48]}
					]
				},
				{
					"name": "bone11",
					"parent": "bone",
					"pivot": [0, 2, 0],
					"cubes": [
						{"origin": [-19, 2, -24], "size": [36, 1, 8], "uv": [398, 405]},
						{"origin": [-46.5, 27, 19], "size": [6, 3, 27], "uv": [0, 0]},
						{"origin": [-46.5, 21, 36], "size": [5, 9, 10], "uv": [0, 0]},
						{"origin": [8.5, 45, 67], "size": [29, 2, 24], "uv": [362, 404]},
						{"origin": [-35.5, 45, 67], "size": [29, 2, 24], "uv": [378, 418]},
						{"origin": [-35.5, 43, 70], "size": [4, 2, 21], "uv": [424, 10]},
						{"origin": [33.5, 43, 69], "size": [4, 2, 22], "uv": [424, 10]},
						{"origin": [-6.5, 45, 67], "size": [15, 2, 24], "uv": [362, 404]},
						{"origin": [1.5, 41, 70], "size": [4, 4, 3], "uv": [279, 77]},
						{"origin": [-6.5, 39, 71], "size": [19, 4, 3], "uv": [27, 237]},
						{"origin": [12.5, 39, 71], "size": [1, 4, 3], "uv": [311, 117]},
						{"origin": [-7.5, 39, 71], "size": [1, 4, 3], "uv": [301, 142]},
						{"origin": [-6.5, 43, 72], "size": [19, 1, 2], "uv": [282, 84]},
						{"origin": [-6.5, 38, 72], "size": [19, 1, 2], "uv": [273, 72]},
						{"origin": [-41.5, 25, 12], "size": [84, 1, 26], "uv": [0, 45]},
						{"origin": [-41.5, 25, 12], "size": [0, 3, 26], "uv": [0, 45]},
						{"origin": [41.5, 25, 12], "size": [2, 3, 26], "uv": [0, 45]},
						{"origin": [-41.5, 2, 37], "size": [84, 24, 4], "uv": [0, 46]},
						{"origin": [-41.5, 2, 1], "size": [84, 24, 4], "uv": [0, 46]},
						{"origin": [41.5, 21, 35], "size": [5, 9, 10], "uv": [0, 0]},
						{"origin": [41.5, 21, 45], "size": [5, 9, 72], "uv": [0, 0]},
						{"origin": [-46.5, 21, 45], "size": [5, 9, 72], "uv": [0, 0]},
						{"origin": [41.5, 2, 44], "size": [1, 28, 86], "uv": [0, 0]},
						{"origin": [-41.5, 2, 44], "size": [1, 28, 86], "uv": [0, 0]},
						{"origin": [-51.5, 2, 116], "size": [10, 29, 15], "uv": [384, 386]},
						{"origin": [-51.5, 17, 114], "size": [2, 14, 2], "uv": [456, 24]},
						{"origin": [42.5, 2, 116], "size": [10, 29, 16], "uv": [384, 386]},
						{"origin": [51.5, 16, 114], "size": [1, 15, 2], "uv": [418, 32]},
						{"origin": [43.5, 16, 115], "size": [8, 14, 0], "uv": [238, 0]},
						{"origin": [-50.5, 16, 115], "size": [8, 14, 1], "uv": [238, 0]},
						{"origin": [41.5, 30, 114], "size": [10, 1, 2], "uv": [418, 32]},
						{"origin": [-50.5, 30, 114], "size": [10, 1, 2], "uv": [418, 32]},
						{"origin": [42.5, 2, 99], "size": [10, 5, 17], "uv": [384, 386]},
						{"origin": [42.5, 7, 99], "size": [10, 2, 7], "uv": [440, 23]},
						{"origin": [-51.5, 2, 99], "size": [10, 5, 17], "uv": [384, 386]},
						{"origin": [-51.5, 7, 99], "size": [10, 2, 7], "uv": [424, 32]},
						{"origin": [-8.5, 24, 116], "size": [51, 7, 16], "uv": [365, 388]},
						{"origin": [37.5, 31, 115], "size": [6, 1, 3], "uv": [426, 17]},
						{"origin": [-42.5, 31, 115], "size": [6, 1, 3], "uv": [426, 17]},
						{"origin": [37.5, 32, 116], "size": [1, 10, 2], "uv": [426, 17]},
						{"origin": [-36.5, 31, 116], "size": [1, 11, 2], "uv": [426, 17]},
						{"origin": [-42.5, 24, 116], "size": [51, 7, 16], "uv": [365, 388]},
						{"origin": [-35.5, 24, 117], "size": [20, 12, 15], "uv": [365, 388]},
						{"origin": [17.5, 24, 116], "size": [20, 12, 16], "uv": [365, 388]},
						{"origin": [17.5, 31, 116], "size": [20, 11, 5], "uv": [365, 388]},
						{"origin": [-35.5, 31, 116], "size": [20, 11, 5], "uv": [365, 388]},
						{"origin": [14.5, 27, 164], "size": [16, 4, 17], "uv": [384, 386]},
						{"origin": [-33.5, 33, 169], "size": [64, 4, 9], "uv": [360, 388]},
						{"origin": [30.5, 33, 169], "size": [12, 4, 9], "uv": [360, 388]},
						{"origin": [-45.5, 33, 169], "size": [12, 4, 9], "uv": [360, 388]},
						{"origin": [-16.5, 29, 174], "size": [4, 5, 3], "uv": [420, 125]},
						{"origin": [12.5, 29, 174], "size": [4, 5, 3], "uv": [414, 125]},
						{"origin": [14.5, 2, 164], "size": [19, 6, 21], "uv": [384, 386]},
						{"origin": [-9.9, 8.5, 164], "size": [23.4, 3, 21], "uv": [384, 386]},
						{"origin": [-29.5, 2, 164], "size": [19, 6, 21], "uv": [384, 386]},
						{"origin": [-43.5, 2, 172], "size": [92, 25, 3], "uv": [204, 94]},
						{"origin": [17.5, 2, 173], "size": [24, 25, 3], "uv": [235, 292]},
						{"origin": [-44.5, 2, 172], "size": [24, 25, 3], "uv": [235, 292], "mirror": true},
						{"origin": [-13.5, 2, 177], "size": [32, 7, 5], "uv": [204, 94]},
						{"origin": [-5.5, 2, 180], "size": [15, 1, 5], "uv": [423, 37]},
						{"origin": [-8.5, 6, 180], "size": [21.5, 1, 5], "uv": [423, 37]},
						{"origin": [0.5, 3, 180], "size": [2, 3, 5], "uv": [423, 37]},
						{"origin": [-41.5, 18, 174], "size": [82, 4, 4], "uv": [0, 264]},
						{"origin": [-4.5, 25, 164], "size": [11, 3, 17], "uv": [384, 386]},
						{"origin": [-29.5, 27, 164], "size": [16, 4, 17], "uv": [384, 386]},
						{"origin": [-49.5, 23, 130], "size": [8, 8, 34], "uv": [384, 386]},
						{"origin": [42.5, 23, 132], "size": [8, 8, 32], "uv": [384, 386]},
						{"origin": [4.5, 23, 132], "size": [38, 8, 34], "uv": [360, 386]},
						{"origin": [-33.5, 23, 131], "size": [38, 8, 35], "uv": [360, 386]},
						{"origin": [-15.5, 29, 157], "size": [33, 4, 11], "uv": [360, 386]},
						{"origin": [-15.5, 29, 117], "size": [33, 4, 40], "uv": [0, 424]},
						{"origin": [-41.5, 23, 132], "size": [38, 8, 32], "uv": [360, 386]},
						{"origin": [41.5, 27, 23], "size": [5, 3, 17], "uv": [0, 0]}
					]
				},
				{
					"name": "bone79",
					"parent": "bone11",
					"pivot": [0, 0, 0],
					"cubes": [
						{"origin": [-56.5, 30, 43], "size": [18, 2, 2], "uv": [0, 0]},
						{"origin": [-56.5, 30, 45], "size": [9, 2, 4], "uv": [0, 0]},
						{"origin": [-56.5, 32, 43], "size": [9, 4, 6], "uv": [52, 225]}
					]
				},
				{
					"name": "bone80",
					"parent": "bone11",
					"pivot": [97, 0, 0],
					"cubes": [
						{"origin": [40.5, 30, 43], "size": [18, 2, 2], "uv": [0, 0]},
						{"origin": [49.5, 30, 45], "size": [9, 2, 4], "uv": [0, 0]},
						{"origin": [49.5, 32, 43], "size": [9, 4, 6], "uv": [52, 225]}
					]
				},
				{
					"name": "bone83",
					"parent": "bone11",
					"pivot": [0, 165, 92],
					"rotation": [-65, 0, 0],
					"cubes": [
						{"origin": [-7.9, 174.5, 256], "size": [19.4, 5, 15], "uv": [205, 265]}
					]
				},
				{
					"name": "bone81",
					"parent": "bone11",
					"pivot": [-6, 0, 0],
					"rotation": [0, 0, 50],
					"cubes": [
						{"origin": [-12.2, 1.8, 180], "size": [5, 1, 5], "uv": [423, 37]}
					]
				},
				{
					"name": "bone82",
					"parent": "bone11",
					"pivot": [15, 6, 0],
					"rotation": [0, 0, -50],
					"cubes": [
						{"origin": [8.5, 7.5, 180], "size": [5, 1, 5], "uv": [423, 37]}
					]
				},
				{
					"name": "bone75",
					"parent": "bone11",
					"pivot": [0, 2, 3],
					"cubes": [
						{"origin": [-47.5, 25, 94], "size": [5, 3.5, 1], "uv": [48, 1]},
						{"origin": [-47.5, 23.7, 87], "size": [5, 3.9, 1], "uv": [48, 1]},
						{"origin": [-47.5, 26, 88], "size": [5, 1, 6], "uv": [48, 1]},
						{"origin": [-47.5, 23.7, 87.5], "size": [5, 1, 5], "uv": [48, 1]},
						{"origin": [-47.5, 27.7, 89.5], "size": [5, 1, 5], "uv": [48, 1]},
						{"origin": [-47.3, 25, 88], "size": [5, 3, 6], "uv": [48, 1]}
					]
				},
				{
					"name": "bone29",
					"parent": "bone75",
					"pivot": [0, -33, 23],
					"rotation": [25, 0, 0],
					"cubes": [
						{"origin": [-47.5, -11, 110], "size": [5, 1, 2.6], "uv": [48, 1]},
						{"origin": [-47.5, -6.16799, 106.73632], "size": [5, 1, 2.6], "uv": [48, 1]}
					]
				},
				{
					"name": "bone76",
					"parent": "bone11",
					"pivot": [90, 2, -3],
					"cubes": [
						{"origin": [42.5, 25, 88], "size": [5, 3.5, 1], "uv": [48, 1]},
						{"origin": [42.5, 23.7, 81], "size": [5, 3.9, 1], "uv": [48, 1]},
						{"origin": [42.5, 26, 82], "size": [5, 1, 6], "uv": [48, 1]},
						{"origin": [42.5, 23.7, 81.5], "size": [5, 1, 5], "uv": [48, 1]},
						{"origin": [42.5, 27.7, 83.5], "size": [5, 1, 5], "uv": [48, 1]},
						{"origin": [42.7, 25, 82], "size": [5, 3, 6], "uv": [48, 1]}
					]
				},
				{
					"name": "bone77",
					"parent": "bone76",
					"pivot": [90, -33, 17],
					"rotation": [25, 0, 0],
					"cubes": [
						{"origin": [42.5, -11, 104], "size": [5, 1, 2.6], "uv": [48, 1]},
						{"origin": [42.5, -6.16799, 100.73632], "size": [5, 1, 2.6], "uv": [48, 1]}
					]
				},
				{
					"name": "bone73",
					"parent": "bone11",
					"pivot": [-9, -18, 4],
					"rotation": [-5, 0, 30]
				},
				{
					"name": "bone71",
					"parent": "bone11",
					"pivot": [-13, 21, 0],
					"rotation": [-15, 0, -30],
					"cubes": [
						{"origin": [39.5, 24, 89], "size": [1, 19, 7], "uv": [421, 395]},
						{"origin": [39.5, 16.49425, 60.98815], "size": [1, 14, 4], "uv": [421, 395]}
					]
				},
				{
					"name": "bone72",
					"parent": "bone11",
					"pivot": [-76, 73, 0],
					"rotation": [-15, 0, 30],
					"cubes": [
						{"origin": [-23.5, 66.94133, 58.1926], "size": [1, 15, 4], "uv": [421, 395]},
						{"origin": [-23.5, 76, 89], "size": [1, 19, 7], "uv": [421, 395]}
					]
				},
				{
					"name": "bone69",
					"parent": "bone11",
					"pivot": [18, 0, -9],
					"rotation": [0, 20, 0],
					"cubes": [
						{"origin": [7.6, 2, 87.51666], "size": [6, 5, 17], "uv": [384, 386]},
						{"origin": [7.6, 5, 85.51666], "size": [6, 3, 7], "uv": [429, 13]},
						{"origin": [7.6, 2, 87.51666], "size": [6, 5, 17], "uv": [384, 386]},
						{"origin": [7.6, 7, 87.51666], "size": [6, 2, 17], "uv": [411, 16]},
						{"origin": [7.6, 5, 87.51666], "size": [6, 3, 4], "uv": [437, 36]}
					]
				},
				{
					"name": "bone70",
					"parent": "bone11",
					"pivot": [-3, 0, -4],
					"rotation": [0, -20, 0],
					"cubes": [
						{"origin": [-13.4, 2, 92.51666], "size": [6, 5, 17], "uv": [384, 386]},
						{"origin": [-13.4, 7, 92.51666], "size": [6, 2, 17], "uv": [456, 5]}
					]
				},
				{
					"name": "bone68",
					"parent": "bone11",
					"pivot": [0, 0, 0],
					"rotation": [45, 0, 0],
					"cubes": [
						{"origin": [50.5, -77, 80], "size": [2, 7, 17], "uv": [384, 386]},
						{"origin": [-51.5, -77, 80], "size": [2, 7, 17], "uv": [384, 386]},
						{"origin": [50.5, -70, 80], "size": [2, 2, 14], "uv": [436, 2]},
						{"origin": [-51.5, -77, 80], "size": [2, 7, 17], "uv": [384, 386]},
						{"origin": [-51.5, -70, 80], "size": [2, 2, 14], "uv": [434, 30]}
					]
				},
				{
					"name": "bone66",
					"parent": "bone11",
					"pivot": [12, 0, 0],
					"rotation": [0, 0, 25],
					"cubes": [
						{"origin": [8.5, 8, 164], "size": [8, 3, 21], "uv": [384, 386]}
					]
				},
				{
					"name": "bone67",
					"parent": "bone11",
					"pivot": [-9, -1, 0],
					"rotation": [0, 0, -25],
					"cubes": [
						{"origin": [-12.5, 7.5, 164], "size": [8, 3, 21], "uv": [384, 386]}
					]
				},
				{
					"name": "bone64",
					"parent": "bone11",
					"pivot": [8, 0, 0],
					"rotation": [0, 0, -15],
					"cubes": [
						{"origin": [12.5, 25, 164], "size": [10, 3, 17], "uv": [384, 386]}
					]
				},
				{
					"name": "bone65",
					"parent": "bone11",
					"pivot": [-24, 5, 0],
					"rotation": [0, 0, 15],
					"cubes": [
						{"origin": [-20.5, 29.5, 164], "size": [11, 3, 17], "uv": [384, 386]}
					]
				},
				{
					"name": "puerta",
					"parent": "bone11",
					"pivot": [-9, 16, 2],
					"rotation": [0, 5, 0]
				},
				{
					"name": "bone52",
					"parent": "puerta",
					"pivot": [-8, 16, 2],
					"rotation": [0, 0, 10],
					"cubes": [
						{"origin": [38.9, 18.5, 40.01194], "size": [3, 3, 82], "uv": [0, 0]}
					]
				},
				{
					"name": "bone53",
					"parent": "puerta",
					"pivot": [-8, 14, 2],
					"rotation": [0, 0, 5],
					"cubes": [
						{"origin": [38.9, 16.5, 40.01194], "size": [3, 3, 82], "uv": [0, 0]}
					]
				},
				{
					"name": "bone51",
					"parent": "puerta",
					"pivot": [-9, 15, 2],
					"rotation": [0, 0, 15],
					"cubes": [
						{"origin": [37.2, 19.97377, 40.01194], "size": [4, 3, 82], "uv": [0, 0]},
						{"origin": [37.2, 17.97377, 40.01194], "size": [4, 2, 51], "uv": [402, 0]}
					]
				},
				{
					"name": "bone54",
					"parent": "bone51",
					"pivot": [-8, 17, 2],
					"rotation": [0, 0, 5]
				},
				{
					"name": "bone56",
					"parent": "puerta",
					"pivot": [-9, 15, 2],
					"rotation": [0, 0, -15],
					"cubes": [
						{"origin": [39.14118, 1.00784, 40.01194], "size": [1, 15, 82], "uv": [0, 0]},
						{"origin": [36.17893, 1.26568, 79.92478], "size": [4, 15, 42], "uv": [0, 0]}
					]
				},
				{
					"name": "bone50",
					"parent": "puerta",
					"pivot": [-9, 16, 2],
					"rotation": [0, 0, 20],
					"cubes": [
						{"origin": [39.15819, 18.93969, 40.01194], "size": [2, 3, 50], "uv": [390, 384]},
						{"origin": [39.15819, 18.93969, 89.01194], "size": [2, 3, 37], "uv": [390, 384]}
					]
				},
				{
					"name": "bone55",
					"parent": "puerta",
					"pivot": [-4, -2, 2],
					"rotation": [0, 0, -20]
				},
				{
					"name": "puerta2",
					"parent": "bone11",
					"pivot": [-81, -17, -5],
					"rotation": [0, -5, 0]
				},
				{
					"name": "bone57",
					"parent": "puerta2",
					"pivot": [-85.97717, -1, -4.47707],
					"rotation": [0, 0, -10],
					"cubes": [
						{"origin": [-39.3, 1.5, 33.18], "size": [3, 3, 81], "uv": [0, 0]}
					]
				},
				{
					"name": "bone58",
					"parent": "puerta2",
					"pivot": [-87.96956, 6, -4.30275],
					"rotation": [0, 0, -5],
					"cubes": [
						{"origin": [-40.5, 8.41318, 33.09284], "size": [3, 3, 79], "uv": [0, 0]}
					]
				},
				{
					"name": "bone59",
					"parent": "puerta2",
					"pivot": [-80, -16, -5],
					"rotation": [0, 0, 5]
				},
				{
					"name": "bone60",
					"parent": "puerta2",
					"pivot": [-82.99239, -10, -4.82569],
					"rotation": [0, 0, -15],
					"cubes": [
						{"origin": [-36.9, -5.02623, 33.18625], "size": [4, 3, 81], "uv": [0, 0]},
						{"origin": [-36.9, -7.02623, 33.18625], "size": [4, 2, 54], "uv": [405, 37]},
						{"origin": [-36.9, -7.02623, 82.18625], "size": [4, 3, 5], "uv": [405, 37]}
					]
				},
				{
					"name": "bone61",
					"parent": "puerta2",
					"pivot": [-82.99239, 40, -4.82569],
					"rotation": [0, 0, 15],
					"cubes": [
						{"origin": [-35.00381, 27, 33.18625], "size": [2, 15, 82], "uv": [0, 0]}
					]
				},
				{
					"name": "bone62",
					"parent": "puerta2",
					"pivot": [-80.00381, -17, -5.08716],
					"rotation": [0, 0, -20],
					"cubes": [
						{"origin": [-34.4, -13.97784, 33.18625], "size": [2, 3, 50], "uv": [390, 384]},
						{"origin": [-34.4, -13.97784, 83.18625], "size": [2, 3, 35], "uv": [390, 384]}
					]
				},
				{
					"name": "bone63",
					"parent": "puerta2",
					"pivot": [-76, -35, -5],
					"rotation": [0, 0, -20]
				},
				{
					"name": "bone40",
					"parent": "bone11",
					"pivot": [-1, -5, 6],
					"rotation": [25, 10, 0],
					"cubes": [
						{"origin": [-45.99184, 15.87968, 36.12506], "size": [4, 3, 43], "uv": [381, 408]},
						{"origin": [-45.99184, 13.87968, 36.12506], "size": [4, 2, 43], "uv": [419, 0]}
					]
				},
				{
					"name": "bone41",
					"parent": "bone11",
					"pivot": [99, -5, 6],
					"rotation": [25, -10, 0],
					"cubes": [
						{"origin": [44.73329, 8.97623, 50.92955], "size": [4, 3, 42], "uv": [394, 408]},
						{"origin": [44.73329, 6.97623, 50.92955], "size": [4, 2, 44], "uv": [417, 4]}
					]
				},
				{
					"name": "bone44",
					"parent": "bone11",
					"pivot": [0, 5, 30],
					"rotation": [-5, 0, 0],
					"cubes": [
						{"origin": [-35.5, 50.3473, 86.96962], "size": [29, 2, 20], "uv": [362, 404]},
						{"origin": [-35.5, 48.35111, 87.05678], "size": [4, 2, 20], "uv": [415, 0]},
						{"origin": [32.5, 48.35111, 87.05678], "size": [5, 2, 20], "uv": [415, 0]},
						{"origin": [8.5, 50.3473, 86.96962], "size": [29, 2, 20], "uv": [362, 404]},
						{"origin": [-6.5, 50.3473, 86.96962], "size": [15, 2, 20], "uv": [362, 404]}
					]
				},
				{
					"name": "bone45",
					"parent": "bone11",
					"pivot": [0, 9, 43],
					"rotation": [-10, 0, 0],
					"cubes": [
						{"origin": [-35.5, 54.3473, 99.96962], "size": [20, 2, 34], "uv": [362, 404]},
						{"origin": [33.5, 52.36249, 103.14327], "size": [4, 2, 7], "uv": [455, 50]},
						{"origin": [-35.5, 52.36249, 103.14327], "size": [4, 2, 7], "uv": [455, 50]},
						{"origin": [-35.5, 44.3473, 112.96962], "size": [20, 12, 21], "uv": [362, 404]},
						{"origin": [17.5, 44.3473, 112.96962], "size": [20, 12, 21], "uv": [362, 404]},
						{"origin": [17.5, 54.3473, 99.96962], "size": [20, 2, 34], "uv": [362, 404]}
					]
				},
				{
					"name": "bone46",
					"parent": "bone11",
					"pivot": [0, 8, 76],
					"rotation": [-15, 0, 0],
					"cubes": [
						{"origin": [-35.5, 46.3473, 129.96962], "size": [20, 9, 34], "uv": [362, 404]},
						{"origin": [-1.5, 51.3473, 98.96962], "size": [3, 2, 65], "uv": [362, 404]},
						{"origin": [-1.5, 40.3473, 113.96962], "size": [3, 11, 50], "uv": [362, 404]},
						{"origin": [17.5, 46.3473, 129.96962], "size": [20, 9, 34], "uv": [362, 404]}
					]
				},
				{
					"name": "bone47",
					"parent": "bone11",
					"pivot": [0, 0, 0],
					"cubes": [
						{"origin": [-49.5, 2, 161], "size": [8, 29, 14], "uv": [384, 386]},
						{"origin": [42.5, 2, 164], "size": [8, 29, 12], "uv": [384, 386]}
					]
				},
				{
					"name": "bone48",
					"parent": "bone47",
					"pivot": [-86, 0, 49],
					"rotation": [0, 30, 0],
					"cubes": [
						{"origin": [-50.5, 2, 214.87564], "size": [19, 6, 11], "uv": [384, 386]},
						{"origin": [-51, 27, 211.74167], "size": [21, 4, 10], "uv": [384, 386]}
					]
				},
				{
					"name": "bone49",
					"parent": "bone47",
					"pivot": [8, 0, 3],
					"rotation": [0, -30, 0],
					"cubes": [
						{"origin": [44.36603, 2, 170.10769], "size": [22, 6, 9], "uv": [384, 386]},
						{"origin": [42, 27, 162.74167], "size": [22, 4, 13], "uv": [384, 386]}
					]
				},
				{
					"name": "bone37",
					"parent": "bone11",
					"pivot": [0, 13, 0],
					"rotation": [-25, 0, 0],
					"cubes": [
						{"origin": [-46.5, 38, 20], "size": [5, 3, 6], "uv": [0, 0]},
						{"origin": [41.5, 38, 20], "size": [5, 3, 8], "uv": [0, 0]}
					]
				},
				{
					"name": "bone38",
					"parent": "bone11",
					"pivot": [0, 30, 0],
					"rotation": [-50, 0, 0],
					"cubes": [
						{"origin": [-46.5, 53, 24], "size": [5, 3, 6], "uv": [0, 0]},
						{"origin": [41.5, 52, 24], "size": [5, 4, 5], "uv": [0, 0]}
					]
				},
				{
					"name": "bone39",
					"parent": "bone11",
					"pivot": [0, 13, 0],
					"rotation": [-25, 0, 0]
				},
				{
					"name": "bone12",
					"parent": "bone11",
					"pivot": [8, 2, -16],
					"rotation": [0, 30, 0],
					"cubes": [
						{"origin": [-41.0718, 2, -36], "size": [30, 1, 8], "uv": [386, 381]},
						{"origin": [-41.0718, 2, -31], "size": [27, 9, 3], "uv": [236, 62]}
					]
				},
				{
					"name": "bone17",
					"parent": "bone11",
					"pivot": [8, 2, -14],
					"rotation": [-5, 30, 0],
					"cubes": [
						{"origin": [-41.0718, 4.49239, -32.17431], "size": [29, 1, 6], "uv": [391, 440]},
						{"origin": [-41.0718, 4.49239, -33.17431], "size": [29, 1, 1], "uv": [420, 0]},
						{"origin": [-41.0718, 9.49239, -32.17431], "size": [29, 5, 7], "uv": [0, 0]},
						{"origin": [-41.0718, 14.47336, -30.61009], "size": [29, 5, 5], "uv": [0, 210]},
						{"origin": [-41.0718, 19.49239, -32.17431], "size": [29, 6, 7], "uv": [0, 0]}
					]
				},
				{
					"name": "bone42",
					"parent": "bone17",
					"pivot": [0, 0, 0],
					"rotation": [0, 0, 35],
					"cubes": [
						{"origin": [-23.0718, 0.49239, -32.17431], "size": [11, 8, 7], "uv": [0, 0]}
					]
				},
				{
					"name": "bone20",
					"parent": "bone17",
					"pivot": [13.63397, 4.95997, -26.06221],
					"rotation": [0, 30, 0],
					"cubes": [
						{"origin": [-16.40755, 13.44475, -45.40818], "size": [9, 6, 8], "uv": [0, 0]}
					]
				},
				{
					"name": "bone26",
					"parent": "bone17",
					"pivot": [17.06217, -2.13261, -15.34108],
					"rotation": [0, 5, 0]
				},
				{
					"name": "bone22",
					"parent": "bone17",
					"pivot": [9, 1.84904, -15.72546],
					"rotation": [15, 0, 0],
					"cubes": [
						{"origin": [-41.1077, 22.60205, -23.88636], "size": [24, 6, 15], "uv": [0, 0]},
						{"origin": [-41.1077, 22.60205, -8.88636], "size": [24, 6, 10], "uv": [0, 0]},
						{"origin": [-17.1077, 22.60205, -23.88636], "size": [3, 6, 9], "uv": [0, 0]}
					]
				},
				{
					"name": "bone30",
					"parent": "bone11",
					"pivot": [51, 2, 21],
					"rotation": [-5, -30, 0],
					"cubes": [
						{"origin": [1.9282, 4.49239, 1.82569], "size": [29, 1, 1], "uv": [434, 16]},
						{"origin": [1.9282, 4.49239, 2.82569], "size": [29, 1, 6], "uv": [416, 430]},
						{"origin": [1.9282, 9.49239, 2.5], "size": [29, 5, 8], "uv": [0, 0]},
						{"origin": [1.06217, 14.51694, 4.88801], "size": [29, 5, 5], "uv": [0, 210], "mirror": true},
						{"origin": [1.9282, 19.49239, 2.82569], "size": [29, 6, 7], "uv": [0, 0]}
					]
				},
				{
					"name": "bone43",
					"parent": "bone30",
					"pivot": [0, 0, 0],
					"rotation": [0, 0, -35],
					"cubes": [
						{"origin": [8.9282, 6.49239, 2.8], "size": [6, 9, 8], "uv": [0, 0]}
					]
				},
				{
					"name": "bone31",
					"parent": "bone30",
					"pivot": [32.16283, 6.12128, 56.63281],
					"rotation": [0, -30, 0],
					"cubes": [
						{"origin": [-18.87823, 14.62713, 24.28604], "size": [9, 5, 8], "uv": [0, 0]}
					]
				},
				{
					"name": "bone32",
					"parent": "bone30",
					"pivot": [60.06217, -2.13261, 19.65892],
					"rotation": [0, 5, 0]
				},
				{
					"name": "bone33",
					"parent": "bone30",
					"pivot": [52, 1.84904, 19.27454],
					"rotation": [15, 0, 0],
					"cubes": [
						{"origin": [1.8923, 22.60205, 11.11364], "size": [24, 6, 15], "uv": [0, 0]},
						{"origin": [1.8923, 22.60205, 26.11364], "size": [24, 6, 10], "uv": [0, 0]},
						{"origin": [25.8923, 22.60205, 11.11364], "size": [6, 6, 25], "uv": [0, 0]}
					]
				},
				{
					"name": "bone14",
					"parent": "bone11",
					"pivot": [-6, 2, -23],
					"rotation": [0, 55, 0],
					"cubes": [
						{"origin": [-51.81915, 2, -46.42642], "size": [12, 1, 8], "uv": [448, 446]},
						{"origin": [-50.81915, 2, -41.42642], "size": [10, 9, 3], "uv": [294, 102]}
					]
				},
				{
					"name": "bone21",
					"parent": "bone14",
					"pivot": [-5.18085, 0, -23.57358],
					"rotation": [-5, 0, 0],
					"cubes": [
						{"origin": [-51.6383, 4.4, -43.85191], "size": [10, 1, 7], "uv": [401, 488]},
						{"origin": [-52.6383, 4.4, -44.85191], "size": [1, 1, 8], "uv": [439, 10]},
						{"origin": [-51.6383, 4.4, -44.85191], "size": [10, 1, 1], "uv": [452, 0]},
						{"origin": [-51.6383, 9.4, -43.85191], "size": [10, 5, 7], "uv": [0, 0]},
						{"origin": [-51.6383, 5.4, -43.85191], "size": [5, 4, 7], "uv": [464, 442]},
						{"origin": [-51.6383, 0.4, -43.85191], "size": [5, 4, 7], "uv": [439, 411]},
						{"origin": [-51.6383, 19.4, -43.85191], "size": [10, 6, 7], "uv": [0, 0]},
						{"origin": [-51.6383, 14.4, -43.85191], "size": [9, 5, 7], "uv": [0, 0]}
					]
				},
				{
					"name": "bone23",
					"parent": "bone21",
					"pivot": [-7.14545, 6.94824, -12.99708],
					"rotation": [15, 0, 0],
					"cubes": [
						{"origin": [-50.60291, 26.34824, -26.27542], "size": [2, 6, 13], "uv": [0, 0]},
						{"origin": [-50.60291, 26.34824, -36.27542], "size": [5, 6, 10], "uv": [0, 0]}
					]
				},
				{
					"name": "bone24",
					"parent": "bone21",
					"pivot": [-7.14545, 6.94824, -12.99708],
					"rotation": [15, 0, 0],
					"cubes": [
						{"origin": [-45.60291, 26.34824, -36.27542], "size": [2, 6, 1], "uv": [0, 0]},
						{"origin": [-46.4, 26.34824, -35.27542], "size": [2, 6, 1], "uv": [0, 0]},
						{"origin": [-46.4, 26.34824, -34.27542], "size": [2, 6, 1], "uv": [0, 0]},
						{"origin": [-46.4, 26.34824, -33.27542], "size": [2, 6, 1], "uv": [0, 0]}
					]
				},
				{
					"name": "bone15",
					"parent": "bone11",
					"pivot": [51, 2, 44],
					"rotation": [0, -55, 0],
					"cubes": [
						{"origin": [4, 2, 20], "size": [13, 1, 8], "uv": [439, 410]},
						{"origin": [6, 2, 25], "size": [10, 9, 3], "uv": [266, 0]},
						{"origin": [6, 6, 23], "size": [11, 1, 5], "uv": [440, 465]},
						{"origin": [17, 6, 22], "size": [1, 1, 6], "uv": [490, 21]},
						{"origin": [6, 6, 22], "size": [11, 1, 1], "uv": [464, 30]},
						{"origin": [12, 3, 23], "size": [5, 3, 5], "uv": [421, 440]},
						{"origin": [12, 7, 23], "size": [5, 4, 5], "uv": [459, 465]},
						{"origin": [7, 11, 24.5], "size": [10, 16, 3], "uv": [0, 0]}
					]
				},
				{
					"name": "bone35",
					"parent": "bone15",
					"pivot": [0, -5, 0],
					"rotation": [10, 0, 0],
					"cubes": [
						{"origin": [11, 20.7, 30.5], "size": [6, 1, 24], "uv": [0, 0]},
						{"origin": [9, 20.7, 31.5], "size": [2, 1, 9], "uv": [0, 0]},
						{"origin": [6, 20.7, 30.5], "size": [5, 1, 4], "uv": [0, 0]}
					]
				},
				{
					"name": "bone13",
					"parent": "bone11",
					"pivot": [62, 2, 25],
					"rotation": [0, -30, 0],
					"cubes": [
						{"origin": [-0.9282, 2, 5], "size": [30, 1, 8], "uv": [413, 436]},
						{"origin": [-0.9282, 2, 10], "size": [30, 9, 3], "uv": [268, 0]}
					]
				},
				{
					"name": "bone18",
					"parent": "bone11",
					"pivot": [62, 2, 27],
					"rotation": [-5, -30, 0]
				},
				{
					"name": "bone16",
					"parent": "bone",
					"pivot": [0, 2, 2],
					"rotation": [-5, 0, 0],
					"cubes": [
						{"origin": [-18, 2, -20], "size": [35, 1, 6], "uv": [0, 0]},
						{"origin": [-18, 3, -20], "size": [10, 2, 6], "uv": [0, 0]},
						{"origin": [-18, 5, -20], "size": [9, 3, 6], "uv": [0, 0]},
						{"origin": [-18, 8, -20], "size": [8, 4, 6], "uv": [0, 0]},
						{"origin": [9, 8, -20], "size": [8, 4, 6], "uv": [0, 0]},
						{"origin": [-18, 12, -20], "size": [8, 5, 6], "uv": [0, 0]},
						{"origin": [9, 12, -20], "size": [8, 5, 6], "uv": [0, 0]},
						{"origin": [-18, 12, -20], "size": [8, 5, 6], "uv": [0, 0]},
						{"origin": [-18, 17, -20], "size": [9, 4, 6], "uv": [0, 0]},
						{"origin": [8, 17, -20], "size": [9, 4, 6], "uv": [0, 0]},
						{"origin": [-8, 21, -20], "size": [1, 3, 6], "uv": [0, 0]},
						{"origin": [-18, 21, -20], "size": [11, 3, 6], "uv": [0, 0]},
						{"origin": [6, 20, -20], "size": [11, 4, 6], "uv": [0, 0]},
						{"origin": [-18, 23, -20], "size": [35, 2, 6], "uv": [0, 0]},
						{"origin": [7, 5, -20], "size": [10, 3, 6], "uv": [0, 0]},
						{"origin": [6, 3, -20], "size": [11, 2, 6], "uv": [0, 0]}
					]
				},
				{
					"name": "bone19",
					"parent": "bone16",
					"pivot": [0, 8.5001, 7.45423],
					"rotation": [15, 0, 0],
					"cubes": [
						{"origin": [-18, 25.5001, -14.54577], "size": [35, 6, 32], "uv": [0, 0]},
						{"origin": [-9, 26.55718, -20], "size": [17, 6, 37], "uv": [0, 0]}
					]
				},
				{
					"name": "bone78",
					"parent": "bone19",
					"pivot": [-10, 0.0024, 17.26268],
					"rotation": [0, -35, 0]
				},
				{
					"name": "bone27",
					"parent": "bone19",
					"pivot": [0, 2.95442, 0.52094],
					"rotation": [0, 0, -5],
					"cubes": [
						{"origin": [-44, 29.3, 4.97517], "size": [17, 3, 18], "uv": [0, 0]}
					]
				},
				{
					"name": "bone36",
					"parent": "bone19",
					"pivot": [71, -4.28653, 1.27502],
					"rotation": [0, 0, 5],
					"cubes": [
						{"origin": [27, 22.05905, 6.72925], "size": [17, 3, 20], "uv": [0, 0]}
					]
				},
				{
					"name": "bone25",
					"parent": "bone",
					"pivot": [13.19615, 5.18954, -27.43826],
					"rotation": [0, 50, 0],
					"cubes": [
						{"origin": [-15.56094, 9.52336, -45.81555], "size": [8, 11, 7], "uv": [0, 0]},
						{"origin": [-19.56094, 2.52336, -45.81555], "size": [12, 7, 7], "uv": [0, 0]}
					]
				},
				{
					"name": "bone34",
					"parent": "bone",
					"pivot": [18.19615, 5.18954, 8.56174],
					"rotation": [0, -50, 0],
					"cubes": [
						{"origin": [-9.8, 9.52336, -7.8], "size": [6, 11, 7], "uv": [0, 0]},
						{"origin": [-10.08793, 2.52336, -7.8], "size": [12, 7, 7], "uv": [0, 0]}
					]
				},
				{
					"name": "interior",
					"parent": "bone",
					"pivot": [0, 0, 0],
					"cubes": [
						{"origin": [-41.5, 3, 41], "size": [84, 18, 3], "uv": [0, 394]},
						{"origin": [-41.5, 2, 41], "size": [81, 1, 29], "uv": [90, 216]},
						{"origin": [-41.5, 2, 57], "size": [81, 1, 29], "uv": [90, 216]},
						{"origin": [-8.5, 3, 43], "size": [17, 14, 73], "uv": [82, 424]},
						{"origin": [-0.5, 10, 62], "size": [2, 14, 2], "uv": [0, 318]},
						{"origin": [-1.5, 24, 61], "size": [4, 4, 4], "uv": [112, 228]},
						{"origin": [-0.5, 28, 62], "size": [2, 1, 2], "uv": [112, 228]},
						{"origin": [-41.5, 2, 86], "size": [81, 1, 29], "uv": [90, 216]},
						{"origin": [-41.5, 2, 115], "size": [81, 27, 7], "uv": [91, 209]},
						{"origin": [-35.5, 29, 115], "size": [20, 13, 1], "uv": [168, 219]},
						{"origin": [17.5, 29, 115], "size": [20, 13, 1], "uv": [168, 219]},
						{"origin": [-15.5, 29, 115], "size": [33, 2, 1], "uv": [116, 225]},
						{"origin": [-40.5, 29, 115], "size": [5, 2, 1], "uv": [168, 219]},
						{"origin": [37.5, 29, 115], "size": [5, 2, 1], "uv": [168, 219]},
						{"origin": [-25.5, 27, 12], "size": [56, 2, 10], "uv": [0, 474]},
						{"origin": [-41.5, 14, 41], "size": [84, 15.5, 9], "uv": [0, 280]},
						{"origin": [12.5, 27, 50], "size": [26, 2, 4], "uv": [138, 218]},
						{"origin": [12.5, 27, 54], "size": [26, 1, 2], "uv": [138, 218]},
						{"origin": [13.5, 28, 54], "size": [24, 1, 1], "uv": [138, 218]},
						{"origin": [11.5, 15, 50], "size": [1, 13, 4], "uv": [138, 218]},
						{"origin": [38.5, 15, 50], "size": [1, 13, 4], "uv": [138, 218]},
						{"origin": [12.5, 15, 50], "size": [26, 3, 4], "uv": [138, 218]},
						{"origin": [39.5, 15, 50], "size": [1, 12, 4], "uv": [216, 215]},
						{"origin": [10.5, 15, 50], "size": [1, 12, 4], "uv": [216, 215]},
						{"origin": [-4.5, 29, 32], "size": [10, 1, 18], "uv": [0, 350]},
						{"origin": [-0.5, 28, 50], "size": [2, 2, 4], "uv": [59, 366]},
						{"origin": [-0.5, 25, 52], "size": [2, 2, 4], "uv": [59, 366]},
						{"origin": [-0.5, 22, 56], "size": [2, 2, 4], "uv": [59, 366]},
						{"origin": [-41.5, 28, 17], "size": [84, 1, 24], "uv": [1, 317]},
						{"origin": [24, 18, 46], "size": [4, 3, 10], "uv": [193, 219]},
						{"origin": [-41.5, 28, 17], "size": [84, 1, 24], "uv": [1, 317]}
					]
				},
				{
					"name": "bone84",
					"parent": "interior",
					"pivot": [0, 38, 0],
					"rotation": [-40, 0, 0],
					"cubes": [
						{"origin": [-4.5, 52, 43], "size": [10, 12, 20], "uv": [97, 353]}
					]
				},
				{
					"name": "bone85",
					"parent": "bone84",
					"pivot": [0, 38, 0]
				},
				{
					"name": "asiento1",
					"parent": "interior",
					"pivot": [0, 23, -16],
					"cubes": [
						{"origin": [13.5, 41, 102], "size": [18, 2, 11], "uv": [280, 400]},
						{"origin": [11.5, 39, 102], "size": [22, 2, 11], "uv": [215, 407]},
						{"origin": [9.5, 27, 102], "size": [26, 12, 11], "uv": [234, 327]}
					]
				},
				{
					"name": "bone86",
					"parent": "asiento1",
					"pivot": [0, 6, 5],
					"rotation": [-5, 0, 0],
					"cubes": [
						{"origin": [9.5, 10, 61], "size": [26, 7, 38], "uv": [206, 436]}
					]
				},
				{
					"name": "bone87",
					"parent": "asiento1",
					"pivot": [0, -72, 40],
					"rotation": [65, 0, 0],
					"cubes": [
						{"origin": [9.5, -95.92209, 135.50135], "size": [26, 7, 26], "uv": [202, 359]},
						{"origin": [33.5, -89.92209, 135.50135], "size": [2, 8, 26], "uv": [176, 350]},
						{"origin": [9.5, -89.92209, 135.50135], "size": [2, 8, 26], "uv": [176, 350]}
					]
				},
				{
					"name": "asiento2",
					"parent": "interior",
					"pivot": [-46, 23, -16],
					"cubes": [
						{"origin": [-32.5, 41, 102], "size": [18, 2, 11], "uv": [280, 400]},
						{"origin": [-34.5, 39, 102], "size": [22, 2, 11], "uv": [215, 407]},
						{"origin": [-36.5, 27, 102], "size": [26, 12, 11], "uv": [234, 327]}
					]
				},
				{
					"name": "bone88",
					"parent": "asiento2",
					"pivot": [-46, 6, 5],
					"rotation": [-5, 0, 0],
					"cubes": [
						{"origin": [-36.5, 10, 61], "size": [26, 7, 38], "uv": [206, 436]}
					]
				},
				{
					"name": "bone89",
					"parent": "asiento2",
					"pivot": [-46, -72, 40],
					"rotation": [65, 0, 0],
					"cubes": [
						{"origin": [-36.5, -95.92209, 135.50135], "size": [26, 7, 26], "uv": [202, 359]},
						{"origin": [-12.5, -89.92209, 135.50135], "size": [2, 8, 26], "uv": [176, 350]},
						{"origin": [-36.5, -89.92209, 135.50135], "size": [2, 8, 26], "uv": [176, 350]}
					]
				},
				{
					"name": "volante",
					"pivot": [0, 0, 0],
					"cubes": [
						{"origin": [22, 19, 56], "size": [8, 5, 2.5], "uv": [193, 219]},
						{"origin": [23, 24, 56], "size": [6, 1, 2.5], "uv": [193, 219]},
						{"origin": [30, 21, 56], "size": [4, 1, 2], "uv": [280, 50]},
						{"origin": [29.6, 22, 56], "size": [4, 1, 2], "uv": [459, 37]},
						{"origin": [19.4, 22, 56], "size": [3, 1, 2], "uv": [459, 37]},
						{"origin": [29.6, 20, 56], "size": [4, 1, 2], "uv": [459, 37]},
						{"origin": [19.4, 20, 56], "size": [3, 1, 2], "uv": [459, 37]},
						{"origin": [19, 21, 56], "size": [3, 1, 2], "uv": [272, 62]},
						{"origin": [25, 16, 56], "size": [2, 3, 2], "uv": [258, 68]},
						{"origin": [27, 16, 56], "size": [1, 3, 2], "uv": [439, 36]},
						{"origin": [24, 16, 56], "size": [1, 3, 2], "uv": [439, 36]},
						{"origin": [23, 15, 56], "size": [4, 1, 2], "uv": [258, 68]},
						{"origin": [23, 28, 56], "size": [7, 1, 2], "uv": [258, 68]},
						{"origin": [33.6, 20, 56], "size": [1, 4, 2], "uv": [258, 68]},
						{"origin": [18.4, 20, 56], "size": [1, 4, 2], "uv": [258, 68]}
					]
				},
				{
					"name": "bone92",
					"parent": "volante",
					"pivot": [-5, 11, 0]
				},
				{
					"name": "bone90",
					"parent": "bone92",
					"pivot": [-5, 11, 0],
					"rotation": [0, 0, 20],
					"cubes": [
						{"origin": [21.7, 38.9, 56], "size": [2, 1, 2], "uv": [258, 68]}
					]
				},
				{
					"name": "bone91",
					"parent": "bone92",
					"pivot": [-7, 23, 0],
					"rotation": [0, 0, 40],
					"cubes": [
						{"origin": [19.3, 51.09, 56], "size": [2, 1, 2], "uv": [258, 68]}
					]
				},
				{
					"name": "bone93",
					"parent": "bone92",
					"pivot": [-5, 35, 0],
					"rotation": [0, 0, 60],
					"cubes": [
						{"origin": [21, 63.25, 56], "size": [2, 1, 2], "uv": [258, 68]}
					]
				},
				{
					"name": "bone94",
					"parent": "bone92",
					"pivot": [1, 46, 0],
					"rotation": [0, 0, 80],
					"cubes": [
						{"origin": [27, 74.25, 56], "size": [2, 1, 2], "uv": [258, 68]}
					]
				},
				{
					"name": "bone105",
					"parent": "volante",
					"pivot": [17, 55, 0],
					"rotation": [0, 0, 90]
				},
				{
					"name": "bone106",
					"parent": "bone105",
					"pivot": [17, 55, 0],
					"rotation": [0, 0, 20],
					"cubes": [
						{"origin": [43.7, 82.5, 56], "size": [2, 1, 2], "uv": [258, 68]}
					]
				},
				{
					"name": "bone107",
					"parent": "bone105",
					"pivot": [15, 67, 0],
					"rotation": [0, 0, 40],
					"cubes": [
						{"origin": [41.3, 94.7, 56], "size": [2, 1, 2], "uv": [258, 68]}
					]
				},
				{
					"name": "bone108",
					"parent": "bone105",
					"pivot": [17, 79, 0],
					"rotation": [0, 0, 60],
					"cubes": [
						{"origin": [43, 106.9, 56], "size": [2, 1, 2], "uv": [258, 68]}
					]
				},
				{
					"name": "bone109",
					"parent": "bone105",
					"pivot": [23, 90, 0],
					"rotation": [0, 0, 80],
					"cubes": [
						{"origin": [49, 117.9, 56], "size": [5, 1, 2], "uv": [258, 68]}
					]
				},
				{
					"name": "bone100",
					"parent": "volante",
					"pivot": [58, 33, 0],
					"rotation": [0, 0, -180]
				},
				{
					"name": "bone101",
					"parent": "bone100",
					"pivot": [58, 33, 0],
					"rotation": [0, 0, 20],
					"cubes": [
						{"origin": [84.7, 60.9, 56], "size": [2, 1, 2], "uv": [258, 68]}
					]
				},
				{
					"name": "bone102",
					"parent": "bone100",
					"pivot": [56, 45, 0],
					"rotation": [0, 0, 40],
					"cubes": [
						{"origin": [82.3, 73.09, 56], "size": [2, 1, 2], "uv": [258, 68]}
					]
				},
				{
					"name": "bone103",
					"parent": "bone100",
					"pivot": [58, 57, 0],
					"rotation": [0, 0, 60],
					"cubes": [
						{"origin": [84, 85.25, 56], "size": [2, 1, 2], "uv": [258, 68]}
					]
				},
				{
					"name": "bone104",
					"parent": "bone100",
					"pivot": [64, 68, 0],
					"rotation": [0, 0, 80],
					"cubes": [
						{"origin": [90, 96.25, 56], "size": [2, 1, 2], "uv": [258, 68]}
					]
				},
				{
					"name": "bone95",
					"parent": "volante",
					"pivot": [58, 11, 115],
					"rotation": [0, 180, 0]
				},
				{
					"name": "bone96",
					"parent": "bone95",
					"pivot": [58, 11, 115],
					"rotation": [0, 0, 20],
					"cubes": [
						{"origin": [84.7, 38.9, 171], "size": [2, 1, 2], "uv": [258, 68]}
					]
				},
				{
					"name": "bone97",
					"parent": "bone95",
					"pivot": [56, 23, 115],
					"rotation": [0, 0, 40],
					"cubes": [
						{"origin": [82.3, 51.09, 171], "size": [2, 1, 2], "uv": [258, 68]}
					]
				},
				{
					"name": "bone98",
					"parent": "bone95",
					"pivot": [58, 35, 115],
					"rotation": [0, 0, 60],
					"cubes": [
						{"origin": [84, 63.25, 171], "size": [2, 1, 2], "uv": [258, 68]}
					]
				},
				{
					"name": "bone99",
					"parent": "bone95",
					"pivot": [64, 46, 115],
					"rotation": [0, 0, 80],
					"cubes": [
						{"origin": [90, 74.25, 171], "size": [2, 1, 2], "uv": [258, 68]}
					]
				},
				{
					"name": "llanta1",
					"pivot": [0, 0, -2],
					"cubes": [
						{"origin": [-47, 22, 18], "size": [10, 5, 5], "uv": [219, 27]},
						{"origin": [-46, 21, 18], "size": [8, 1, 5], "uv": [432, 229]},
						{"origin": [-47, 0, 18], "size": [10, 5, 5], "uv": [219, 27]},
						{"origin": [-46, 5, 18], "size": [8, 1, 5], "uv": [458, 256]},
						{"origin": [-47, 10, 17], "size": [10, 6, 7], "uv": [2, 493]}
					]
				},
				{
					"name": "bone110",
					"parent": "llanta1",
					"pivot": [0, 1, 0]
				},
				{
					"name": "bone111",
					"parent": "bone110",
					"pivot": [0, 7, -1],
					"rotation": [-15, 0, 0],
					"cubes": [
						{"origin": [-47, 27.5, 17], "size": [10, 5, 5], "uv": [219, 27]},
						{"origin": [-46, 26.5, 17], "size": [8, 1, 5], "uv": [408, 286]}
					]
				},
				{
					"name": "bone112",
					"parent": "bone110",
					"pivot": [0, 13, -1],
					"rotation": [-30, 0, 0],
					"cubes": [
						{"origin": [-47, 33.3, 17], "size": [10, 5, 5], "uv": [219, 27]},
						{"origin": [-46, 32.3, 18], "size": [8, 1, 3], "uv": [408, 248]}
					]
				},
				{
					"name": "bone113",
					"parent": "bone110",
					"pivot": [0, 27, 0],
					"rotation": [-60, 0, 0],
					"cubes": [
						{"origin": [-47, 47.5, 19], "size": [10, 5, 5], "uv": [219, 27]},
						{"origin": [-46, 46.5, 20], "size": [8, 1, 4], "uv": [376, 251]}
					]
				},
				{
					"name": "bone114",
					"parent": "bone110",
					"pivot": [0, 30, 2],
					"rotation": [-75, 0, 0],
					"cubes": [
						{"origin": [-47, 53, 21], "size": [10, 5, 5], "uv": [219, 27]},
						{"origin": [-46, 52, 21], "size": [8, 1, 5], "uv": [418, 270]}
					]
				},
				{
					"name": "bone115",
					"parent": "bone110",
					"pivot": [0, 33, 7],
					"rotation": [-90, 0, 0],
					"cubes": [
						{"origin": [-47, 56.3, 26], "size": [10, 5, 2], "uv": [219, 27]}
					]
				},
				{
					"name": "bone116",
					"parent": "bone110",
					"pivot": [0, 28, 2],
					"rotation": [-75, 0, 0]
				},
				{
					"name": "bone117",
					"parent": "llanta1",
					"pivot": [0, 35, 9],
					"rotation": [-90, 0, 0]
				},
				{
					"name": "bone118",
					"parent": "bone117",
					"pivot": [0, 41, 8],
					"rotation": [-15, 0, 0],
					"cubes": [
						{"origin": [-47, 61.5, 26], "size": [10, 5, 5], "uv": [219, 27]},
						{"origin": [-46, 60.5, 26], "size": [8, 1, 5], "uv": [440, 261]}
					]
				},
				{
					"name": "bone119",
					"parent": "bone117",
					"pivot": [0, 47, 8],
					"rotation": [-30, 0, 0],
					"cubes": [
						{"origin": [-47, 67.3, 26], "size": [10, 5, 5], "uv": [219, 27]},
						{"origin": [-46, 66.3, 26], "size": [8, 1, 5], "uv": [401, 256]}
					]
				},
				{
					"name": "bone120",
					"parent": "bone117",
					"pivot": [0, 61, 9],
					"rotation": [-60, 0, 0],
					"cubes": [
						{"origin": [-47, 81.5, 28], "size": [10, 5, 5], "uv": [219, 27]},
						{"origin": [-46, 80.5, 28], "size": [8, 1, 5], "uv": [433, 286]}
					]
				},
				{
					"name": "bone121",
					"parent": "bone117",
					"pivot": [0, 64, 11],
					"rotation": [-75, 0, 0],
					"cubes": [
						{"origin": [-47, 87, 30], "size": [10, 5, 5], "uv": [219, 27]},
						{"origin": [-46, 86, 30], "size": [8, 1, 5], "uv": [430, 248]}
					]
				},
				{
					"name": "bone122",
					"parent": "bone117",
					"pivot": [0, 67, 16],
					"rotation": [-90, 0, 0],
					"cubes": [
						{"origin": [-47, 91.3, 35], "size": [10, 4, 2], "uv": [219, 27]}
					]
				},
				{
					"name": "bone123",
					"parent": "bone117",
					"pivot": [0, 62, 11],
					"rotation": [-75, 0, 0]
				},
				{
					"name": "bone124",
					"parent": "llanta1",
					"pivot": [-84, 1, 41],
					"rotation": [0, 180, 0]
				},
				{
					"name": "bone125",
					"parent": "bone124",
					"pivot": [-84, 7, 40],
					"rotation": [-15, 0, 0],
					"cubes": [
						{"origin": [-131, 27.5, 58], "size": [10, 5, 5], "uv": [219, 27]},
						{"origin": [-130, 26.5, 58], "size": [8, 1, 6], "uv": [410, 272]}
					]
				},
				{
					"name": "bone126",
					"parent": "bone124",
					"pivot": [-84, 13, 40],
					"rotation": [-30, 0, 0],
					"cubes": [
						{"origin": [-131, 33.3, 58], "size": [10, 5, 5], "uv": [219, 27]}
					]
				},
				{
					"name": "bone127",
					"parent": "bone124",
					"pivot": [-84, 27, 41],
					"rotation": [-60, 0, 0],
					"cubes": [
						{"origin": [-131, 47.5, 60], "size": [10, 5, 5], "uv": [219, 27]},
						{"origin": [-130, 46.5, 60], "size": [8, 1, 5], "uv": [402, 269]}
					]
				},
				{
					"name": "bone128",
					"parent": "bone124",
					"pivot": [-84, 30, 43],
					"rotation": [-75, 0, 0],
					"cubes": [
						{"origin": [-131, 53, 62], "size": [10, 5, 5], "uv": [219, 27]},
						{"origin": [-130, 52, 62], "size": [8, 1, 5], "uv": [430, 244]}
					]
				},
				{
					"name": "bone129",
					"parent": "bone124",
					"pivot": [-84, 33, 48],
					"rotation": [-90, 0, 0],
					"cubes": [
						{"origin": [-131, 57.3, 67], "size": [10, 4, 2], "uv": [219, 27]}
					]
				},
				{
					"name": "bone130",
					"parent": "llanta1",
					"pivot": [-84, 35, 31],
					"rotation": [-90, 180, 0]
				},
				{
					"name": "bone131",
					"parent": "bone130",
					"pivot": [-84, 41, 30],
					"rotation": [-15, 0, 0],
					"cubes": [
						{"origin": [-131, 60.8, 48], "size": [10, 5, 5], "uv": [219, 27]},
						{"origin": [-130, 59.8, 48], "size": [8, 1, 6], "uv": [414, 258]}
					]
				},
				{
					"name": "bone132",
					"parent": "bone130",
					"pivot": [-84, 47, 30],
					"rotation": [-30, 0, 0],
					"cubes": [
						{"origin": [-131, 66.7, 48], "size": [10, 5, 5], "uv": [219, 27]}
					]
				},
				{
					"name": "bone133",
					"parent": "bone130",
					"pivot": [-84, 61, 31],
					"rotation": [-60, 0, 0],
					"cubes": [
						{"origin": [-131, 81, 50], "size": [10, 5, 5], "uv": [219, 27]},
						{"origin": [-130, 80, 50], "size": [8, 1, 5], "uv": [394, 254]}
					]
				},
				{
					"name": "bone134",
					"parent": "bone130",
					"pivot": [-84, 64, 33],
					"rotation": [-75, 0, 0],
					"cubes": [
						{"origin": [-131, 86.6, 52], "size": [10, 5, 5], "uv": [219, 27]},
						{"origin": [-130, 85.6, 52], "size": [8, 1, 5], "uv": [433, 261]}
					]
				},
				{
					"name": "bone135",
					"parent": "bone130",
					"pivot": [-84, 67, 38],
					"rotation": [-90, 0, 0],
					"cubes": [
						{"origin": [-131, 91.3, 57], "size": [10, 4, 2], "uv": [219, 27]}
					]
				},
				{
					"name": "rin",
					"parent": "llanta1",
					"pivot": [0, 0, -2]
				},
				{
					"name": "bone136",
					"parent": "rin",
					"pivot": [-86, 7, 40],
					"rotation": [-5, 0, 0],
					"cubes": [
						{"origin": [-46, 13, 21], "size": [8, 9, 2], "uv": [452, 257]}
					]
				},
				{
					"name": "bone137",
					"parent": "rin",
					"pivot": [-86, 7, 40],
					"rotation": [5, 0, 0]
				},
				{
					"name": "bone138",
					"parent": "rin",
					"pivot": [-86, 34, 30],
					"rotation": [80, 0, 0],
					"cubes": [
						{"origin": [-46, 43, 4], "size": [8, 6, 2], "uv": [443, 261]},
						{"origin": [-46, 42.73853, 7.98858], "size": [8, 7, 2], "uv": [440, 293]}
					]
				},
				{
					"name": "bone139",
					"parent": "rin",
					"pivot": [-86, -11, 19],
					"rotation": [-80, 0, 0],
					"cubes": [
						{"origin": [-46, -2, -7], "size": [8, 6, 2], "uv": [449, 244]},
						{"origin": [-46, -2.26147, -3.01142], "size": [8, 7, 2], "uv": [449, 244]}
					]
				},
				{
					"name": "bone140",
					"parent": "rin",
					"pivot": [-86, 9, -3],
					"rotation": [-155, 0, 0],
					"cubes": [
						{"origin": [-46, 18, -29], "size": [8, 6, 2], "uv": [459, 260]},
						{"origin": [-46, 16.73853, -25.01142], "size": [8, 8, 2], "uv": [459, 260]}
					]
				},
				{
					"name": "bone141",
					"parent": "rin",
					"pivot": [-86, 28, 1],
					"rotation": [155, 0, 0],
					"cubes": [
						{"origin": [-46, 34, -25], "size": [8, 9, 2], "uv": [448, 251]},
						{"origin": [-46, 32.73853, -21.01142], "size": [8, 11, 2], "uv": [448, 251]}
					]
				},
				{
					"name": "bone142",
					"parent": "rin",
					"pivot": [-86, 7, 40],
					"rotation": [5, 0, 0],
					"cubes": [
						{"origin": [-46, 16, 18], "size": [8, 8, 2], "uv": [440, 264]}
					]
				},
				{
					"name": "llanta2",
					"pivot": [84, 0, -2],
					"cubes": [
						{"origin": [37, 22, 18], "size": [10, 5, 5], "uv": [219, 27]},
						{"origin": [38, 21, 18], "size": [8, 1, 5], "uv": [432, 229]},
						{"origin": [37, 0, 18], "size": [10, 5, 5], "uv": [219, 27]},
						{"origin": [38, 5, 18], "size": [8, 1, 5], "uv": [458, 256]},
						{"origin": [37, 10, 17], "size": [10, 6, 7], "uv": [2, 493]}
					]
				},
				{
					"name": "bone143",
					"parent": "llanta2",
					"pivot": [84, 1, 0]
				},
				{
					"name": "bone144",
					"parent": "bone143",
					"pivot": [84, 7, -1],
					"rotation": [-15, 0, 0],
					"cubes": [
						{"origin": [37, 27.5, 17], "size": [10, 5, 5], "uv": [219, 27]},
						{"origin": [38, 26.5, 17], "size": [8, 1, 5], "uv": [408, 286]}
					]
				},
				{
					"name": "bone145",
					"parent": "bone143",
					"pivot": [84, 13, -1],
					"rotation": [-30, 0, 0],
					"cubes": [
						{"origin": [37, 33.3, 17], "size": [10, 5, 5], "uv": [219, 27]},
						{"origin": [38, 32.3, 18], "size": [8, 1, 3], "uv": [408, 248]}
					]
				},
				{
					"name": "bone146",
					"parent": "bone143",
					"pivot": [84, 27, 0],
					"rotation": [-60, 0, 0],
					"cubes": [
						{"origin": [37, 47.5, 19], "size": [10, 5, 5], "uv": [219, 27]},
						{"origin": [38, 46.5, 20], "size": [8, 1, 4], "uv": [376, 251]}
					]
				},
				{
					"name": "bone147",
					"parent": "bone143",
					"pivot": [84, 30, 2],
					"rotation": [-75, 0, 0],
					"cubes": [
						{"origin": [37, 53, 21], "size": [10, 5, 5], "uv": [219, 27]},
						{"origin": [38, 52, 21], "size": [8, 1, 5], "uv": [418, 270]}
					]
				},
				{
					"name": "bone148",
					"parent": "bone143",
					"pivot": [84, 33, 7],
					"rotation": [-90, 0, 0],
					"cubes": [
						{"origin": [37, 56.3, 26], "size": [10, 5, 2], "uv": [219, 27]}
					]
				},
				{
					"name": "bone149",
					"parent": "bone143",
					"pivot": [84, 28, 2],
					"rotation": [-75, 0, 0]
				},
				{
					"name": "bone150",
					"parent": "llanta2",
					"pivot": [84, 35, 9],
					"rotation": [-90, 0, 0]
				},
				{
					"name": "bone151",
					"parent": "bone150",
					"pivot": [84, 41, 8],
					"rotation": [-15, 0, 0],
					"cubes": [
						{"origin": [37, 61.5, 26], "size": [10, 5, 5], "uv": [219, 27]},
						{"origin": [38, 60.5, 26], "size": [8, 1, 5], "uv": [440, 261]}
					]
				},
				{
					"name": "bone152",
					"parent": "bone150",
					"pivot": [84, 47, 8],
					"rotation": [-30, 0, 0],
					"cubes": [
						{"origin": [37, 67.3, 26], "size": [10, 5, 5], "uv": [219, 27]},
						{"origin": [38, 66.3, 26], "size": [8, 1, 5], "uv": [401, 256]}
					]
				},
				{
					"name": "bone153",
					"parent": "bone150",
					"pivot": [84, 61, 9],
					"rotation": [-60, 0, 0],
					"cubes": [
						{"origin": [37, 81.5, 28], "size": [10, 5, 5], "uv": [219, 27]},
						{"origin": [38, 80.5, 28], "size": [8, 1, 5], "uv": [433, 286]}
					]
				},
				{
					"name": "bone154",
					"parent": "bone150",
					"pivot": [84, 64, 11],
					"rotation": [-75, 0, 0],
					"cubes": [
						{"origin": [37, 87, 30], "size": [10, 5, 5], "uv": [219, 27]},
						{"origin": [38, 86, 30], "size": [8, 1, 5], "uv": [430, 248]}
					]
				},
				{
					"name": "bone155",
					"parent": "bone150",
					"pivot": [84, 67, 16],
					"rotation": [-90, 0, 0],
					"cubes": [
						{"origin": [37, 91.3, 35], "size": [10, 4, 2], "uv": [219, 27]}
					]
				},
				{
					"name": "bone156",
					"parent": "bone150",
					"pivot": [84, 62, 11],
					"rotation": [-75, 0, 0]
				},
				{
					"name": "bone157",
					"parent": "llanta2",
					"pivot": [0, 1, 41],
					"rotation": [0, 180, 0]
				},
				{
					"name": "bone158",
					"parent": "bone157",
					"pivot": [0, 7, 40],
					"rotation": [-15, 0, 0],
					"cubes": [
						{"origin": [-47, 27.5, 58], "size": [10, 5, 5], "uv": [219, 27]},
						{"origin": [-46, 26.5, 58], "size": [8, 1, 6], "uv": [410, 272]}
					]
				},
				{
					"name": "bone159",
					"parent": "bone157",
					"pivot": [0, 13, 40],
					"rotation": [-30, 0, 0],
					"cubes": [
						{"origin": [-47, 33.3, 58], "size": [10, 5, 5], "uv": [219, 27]}
					]
				},
				{
					"name": "bone160",
					"parent": "bone157",
					"pivot": [0, 27, 41],
					"rotation": [-60, 0, 0],
					"cubes": [
						{"origin": [-47, 47.5, 60], "size": [10, 5, 5], "uv": [219, 27]},
						{"origin": [-46, 46.5, 60], "size": [8, 1, 5], "uv": [402, 269]}
					]
				},
				{
					"name": "bone161",
					"parent": "bone157",
					"pivot": [0, 30, 43],
					"rotation": [-75, 0, 0],
					"cubes": [
						{"origin": [-47, 53, 62], "size": [10, 5, 5], "uv": [219, 27]},
						{"origin": [-46, 52, 62], "size": [8, 1, 5], "uv": [430, 244]}
					]
				},
				{
					"name": "bone162",
					"parent": "bone157",
					"pivot": [0, 33, 48],
					"rotation": [-90, 0, 0],
					"cubes": [
						{"origin": [-47, 57.3, 67], "size": [10, 4, 2], "uv": [219, 27]}
					]
				},
				{
					"name": "bone163",
					"parent": "llanta2",
					"pivot": [0, 35, 31],
					"rotation": [-90, 180, 0]
				},
				{
					"name": "bone164",
					"parent": "bone163",
					"pivot": [0, 41, 30],
					"rotation": [-15, 0, 0],
					"cubes": [
						{"origin": [-47, 60.8, 48], "size": [10, 5, 5], "uv": [219, 27]},
						{"origin": [-46, 59.8, 48], "size": [8, 1, 6], "uv": [414, 258]}
					]
				},
				{
					"name": "bone165",
					"parent": "bone163",
					"pivot": [0, 47, 30],
					"rotation": [-30, 0, 0],
					"cubes": [
						{"origin": [-47, 66.7, 48], "size": [10, 5, 5], "uv": [219, 27]}
					]
				},
				{
					"name": "bone166",
					"parent": "bone163",
					"pivot": [0, 61, 31],
					"rotation": [-60, 0, 0],
					"cubes": [
						{"origin": [-47, 81, 50], "size": [10, 5, 5], "uv": [219, 27]},
						{"origin": [-46, 80, 50], "size": [8, 1, 5], "uv": [394, 254]}
					]
				},
				{
					"name": "bone167",
					"parent": "bone163",
					"pivot": [0, 64, 33],
					"rotation": [-75, 0, 0],
					"cubes": [
						{"origin": [-47, 86.6, 52], "size": [10, 5, 5], "uv": [219, 27]},
						{"origin": [-46, 85.6, 52], "size": [8, 1, 5], "uv": [433, 261]}
					]
				},
				{
					"name": "bone168",
					"parent": "bone163",
					"pivot": [0, 67, 38],
					"rotation": [-90, 0, 0],
					"cubes": [
						{"origin": [-47, 91.3, 57], "size": [10, 4, 2], "uv": [219, 27]}
					]
				},
				{
					"name": "rin2",
					"parent": "llanta2",
					"pivot": [84, 0, -2]
				},
				{
					"name": "bone169",
					"parent": "rin2",
					"pivot": [-2, 7, 40],
					"rotation": [-5, 0, 0],
					"cubes": [
						{"origin": [38, 13, 21], "size": [8, 9, 2], "uv": [452, 257]}
					]
				},
				{
					"name": "bone170",
					"parent": "rin2",
					"pivot": [-2, 7, 40],
					"rotation": [5, 0, 0]
				},
				{
					"name": "bone171",
					"parent": "rin2",
					"pivot": [-2, 34, 30],
					"rotation": [80, 0, 0],
					"cubes": [
						{"origin": [38, 43, 4], "size": [8, 6, 2], "uv": [443, 261]},
						{"origin": [38, 42.73853, 7.98858], "size": [8, 7, 2], "uv": [440, 293]}
					]
				},
				{
					"name": "bone172",
					"parent": "rin2",
					"pivot": [-2, -11, 19],
					"rotation": [-80, 0, 0],
					"cubes": [
						{"origin": [38, -2, -7], "size": [8, 6, 2], "uv": [449, 244]},
						{"origin": [38, -2.26147, -3.01142], "size": [8, 7, 2], "uv": [449, 244]}
					]
				},
				{
					"name": "bone173",
					"parent": "rin2",
					"pivot": [-2, 9, -3],
					"rotation": [-155, 0, 0],
					"cubes": [
						{"origin": [38, 18, -29], "size": [8, 6, 2], "uv": [459, 260]},
						{"origin": [38, 16.73853, -25.01142], "size": [8, 8, 2], "uv": [459, 260]}
					]
				},
				{
					"name": "bone174",
					"parent": "rin2",
					"pivot": [-2, 28, 1],
					"rotation": [155, 0, 0],
					"cubes": [
						{"origin": [38, 34, -25], "size": [8, 9, 2], "uv": [448, 251]},
						{"origin": [38, 32.73853, -21.01142], "size": [8, 11, 2], "uv": [448, 251]}
					]
				},
				{
					"name": "bone175",
					"parent": "rin2",
					"pivot": [-2, 7, 40],
					"rotation": [5, 0, 0],
					"cubes": [
						{"origin": [38, 16, 18], "size": [8, 8, 2], "uv": [440, 264]}
					]
				},
				{
					"name": "llanta3",
					"pivot": [86, 0, 125],
					"cubes": [
						{"origin": [39, 22, 145], "size": [10, 5, 5], "uv": [219, 27]},
						{"origin": [40, 21, 145], "size": [8, 1, 5], "uv": [432, 229]},
						{"origin": [39, 0, 145], "size": [10, 5, 5], "uv": [219, 27]},
						{"origin": [40, 5, 145], "size": [8, 1, 5], "uv": [458, 256]},
						{"origin": [39, 10, 144], "size": [10, 6, 7], "uv": [2, 493]}
					]
				},
				{
					"name": "bone176",
					"parent": "llanta3",
					"pivot": [86, 1, 127]
				},
				{
					"name": "bone177",
					"parent": "bone176",
					"pivot": [86, 7, 126],
					"rotation": [-15, 0, 0],
					"cubes": [
						{"origin": [39, 27.5, 144], "size": [10, 5, 5], "uv": [219, 27]},
						{"origin": [40, 26.5, 144], "size": [8, 1, 5], "uv": [408, 286]}
					]
				},
				{
					"name": "bone178",
					"parent": "bone176",
					"pivot": [86, 13, 126],
					"rotation": [-30, 0, 0],
					"cubes": [
						{"origin": [39, 33.3, 144], "size": [10, 5, 5], "uv": [219, 27]},
						{"origin": [40, 32.3, 145], "size": [8, 1, 3], "uv": [408, 248]}
					]
				},
				{
					"name": "bone179",
					"parent": "bone176",
					"pivot": [86, 27, 127],
					"rotation": [-60, 0, 0],
					"cubes": [
						{"origin": [39, 47.5, 146], "size": [10, 5, 5], "uv": [219, 27]},
						{"origin": [40, 46.5, 147], "size": [8, 1, 4], "uv": [376, 251]}
					]
				},
				{
					"name": "bone180",
					"parent": "bone176",
					"pivot": [86, 30, 129],
					"rotation": [-75, 0, 0],
					"cubes": [
						{"origin": [39, 53, 148], "size": [10, 5, 5], "uv": [219, 27]},
						{"origin": [40, 52, 148], "size": [8, 1, 5], "uv": [418, 270]}
					]
				},
				{
					"name": "bone181",
					"parent": "bone176",
					"pivot": [86, 33, 134],
					"rotation": [-90, 0, 0],
					"cubes": [
						{"origin": [39, 56.3, 153], "size": [10, 5, 2], "uv": [219, 27]}
					]
				},
				{
					"name": "bone182",
					"parent": "bone176",
					"pivot": [86, 28, 129],
					"rotation": [-75, 0, 0]
				},
				{
					"name": "bone183",
					"parent": "llanta3",
					"pivot": [86, 35, 136],
					"rotation": [-90, 0, 0]
				},
				{
					"name": "bone184",
					"parent": "bone183",
					"pivot": [86, 41, 135],
					"rotation": [-15, 0, 0],
					"cubes": [
						{"origin": [39, 61.5, 153], "size": [10, 5, 5], "uv": [219, 27]},
						{"origin": [40, 60.5, 153], "size": [8, 1, 5], "uv": [440, 261]}
					]
				},
				{
					"name": "bone185",
					"parent": "bone183",
					"pivot": [86, 47, 135],
					"rotation": [-30, 0, 0],
					"cubes": [
						{"origin": [39, 67.3, 153], "size": [10, 5, 5], "uv": [219, 27]},
						{"origin": [40, 66.3, 153], "size": [8, 1, 5], "uv": [401, 256]}
					]
				},
				{
					"name": "bone186",
					"parent": "bone183",
					"pivot": [86, 61, 136],
					"rotation": [-60, 0, 0],
					"cubes": [
						{"origin": [39, 81.5, 155], "size": [10, 5, 5], "uv": [219, 27]},
						{"origin": [40, 80.5, 155], "size": [8, 1, 5], "uv": [433, 286]}
					]
				},
				{
					"name": "bone187",
					"parent": "bone183",
					"pivot": [86, 64, 138],
					"rotation": [-75, 0, 0],
					"cubes": [
						{"origin": [39, 87, 157], "size": [10, 5, 5], "uv": [219, 27]},
						{"origin": [40, 86, 157], "size": [8, 1, 5], "uv": [430, 248]}
					]
				},
				{
					"name": "bone188",
					"parent": "bone183",
					"pivot": [86, 67, 143],
					"rotation": [-90, 0, 0],
					"cubes": [
						{"origin": [39, 91.3, 162], "size": [10, 4, 2], "uv": [219, 27]}
					]
				},
				{
					"name": "bone189",
					"parent": "bone183",
					"pivot": [86, 62, 138],
					"rotation": [-75, 0, 0]
				},
				{
					"name": "bone190",
					"parent": "llanta3",
					"pivot": [2, 1, 168],
					"rotation": [0, 180, 0]
				},
				{
					"name": "bone191",
					"parent": "bone190",
					"pivot": [2, 7, 167],
					"rotation": [-15, 0, 0],
					"cubes": [
						{"origin": [-45, 27.5, 185], "size": [10, 5, 5], "uv": [219, 27]},
						{"origin": [-44, 26.5, 185], "size": [8, 1, 6], "uv": [410, 272]}
					]
				},
				{
					"name": "bone192",
					"parent": "bone190",
					"pivot": [2, 13, 167],
					"rotation": [-30, 0, 0],
					"cubes": [
						{"origin": [-45, 33.3, 185], "size": [10, 5, 5], "uv": [219, 27]}
					]
				},
				{
					"name": "bone193",
					"parent": "bone190",
					"pivot": [2, 27, 168],
					"rotation": [-60, 0, 0],
					"cubes": [
						{"origin": [-45, 47.5, 187], "size": [10, 5, 5], "uv": [219, 27]},
						{"origin": [-44, 46.5, 187], "size": [8, 1, 5], "uv": [402, 269]}
					]
				},
				{
					"name": "bone194",
					"parent": "bone190",
					"pivot": [2, 30, 170],
					"rotation": [-75, 0, 0],
					"cubes": [
						{"origin": [-45, 53, 189], "size": [10, 5, 5], "uv": [219, 27]},
						{"origin": [-44, 52, 189], "size": [8, 1, 5], "uv": [430, 244]}
					]
				},
				{
					"name": "bone195",
					"parent": "bone190",
					"pivot": [2, 33, 175],
					"rotation": [-90, 0, 0],
					"cubes": [
						{"origin": [-45, 57.3, 194], "size": [10, 4, 2], "uv": [219, 27]}
					]
				},
				{
					"name": "bone196",
					"parent": "llanta3",
					"pivot": [2, 35, 158],
					"rotation": [-90, 180, 0]
				},
				{
					"name": "bone197",
					"parent": "bone196",
					"pivot": [2, 41, 157],
					"rotation": [-15, 0, 0],
					"cubes": [
						{"origin": [-45, 60.8, 175], "size": [10, 5, 5], "uv": [219, 27]},
						{"origin": [-44, 59.8, 175], "size": [8, 1, 6], "uv": [414, 258]}
					]
				},
				{
					"name": "bone198",
					"parent": "bone196",
					"pivot": [2, 47, 157],
					"rotation": [-30, 0, 0],
					"cubes": [
						{"origin": [-45, 66.7, 175], "size": [10, 5, 5], "uv": [219, 27]}
					]
				},
				{
					"name": "bone199",
					"parent": "bone196",
					"pivot": [2, 61, 158],
					"rotation": [-60, 0, 0],
					"cubes": [
						{"origin": [-45, 81, 177], "size": [10, 5, 5], "uv": [219, 27]},
						{"origin": [-44, 80, 177], "size": [8, 1, 5], "uv": [394, 254]}
					]
				},
				{
					"name": "bone200",
					"parent": "bone196",
					"pivot": [2, 64, 160],
					"rotation": [-75, 0, 0],
					"cubes": [
						{"origin": [-45, 86.6, 179], "size": [10, 5, 5], "uv": [219, 27]},
						{"origin": [-44, 85.6, 179], "size": [8, 1, 5], "uv": [433, 261]}
					]
				},
				{
					"name": "bone201",
					"parent": "bone196",
					"pivot": [2, 67, 165],
					"rotation": [-90, 0, 0],
					"cubes": [
						{"origin": [-45, 91.3, 184], "size": [10, 4, 2], "uv": [219, 27]}
					]
				},
				{
					"name": "rin3",
					"parent": "llanta3",
					"pivot": [86, 0, 125]
				},
				{
					"name": "bone202",
					"parent": "rin3",
					"pivot": [0, 7, 167],
					"rotation": [-5, 0, 0],
					"cubes": [
						{"origin": [40, 13, 148], "size": [8, 9, 2], "uv": [452, 257]}
					]
				},
				{
					"name": "bone203",
					"parent": "rin3",
					"pivot": [0, 7, 167],
					"rotation": [5, 0, 0]
				},
				{
					"name": "bone204",
					"parent": "rin3",
					"pivot": [0, 34, 157],
					"rotation": [80, 0, 0],
					"cubes": [
						{"origin": [40, 43, 131], "size": [8, 6, 2], "uv": [443, 261]},
						{"origin": [40, 42.73853, 134.98858], "size": [8, 7, 2], "uv": [440, 293]}
					]
				},
				{
					"name": "bone205",
					"parent": "rin3",
					"pivot": [0, -11, 146],
					"rotation": [-80, 0, 0],
					"cubes": [
						{"origin": [40, -2, 120], "size": [8, 6, 2], "uv": [449, 244]},
						{"origin": [40, -2.26147, 123.98858], "size": [8, 7, 2], "uv": [449, 244]}
					]
				},
				{
					"name": "bone206",
					"parent": "rin3",
					"pivot": [0, 9, 124],
					"rotation": [-155, 0, 0],
					"cubes": [
						{"origin": [40, 18, 98], "size": [8, 6, 2], "uv": [459, 260]},
						{"origin": [40, 16.73853, 101.98858], "size": [8, 8, 2], "uv": [459, 260]}
					]
				},
				{
					"name": "bone207",
					"parent": "rin3",
					"pivot": [0, 28, 128],
					"rotation": [155, 0, 0],
					"cubes": [
						{"origin": [40, 34, 102], "size": [8, 9, 2], "uv": [448, 251]},
						{"origin": [40, 32.73853, 105.98858], "size": [8, 11, 2], "uv": [448, 251]}
					]
				},
				{
					"name": "bone208",
					"parent": "rin3",
					"pivot": [0, 7, 167],
					"rotation": [5, 0, 0],
					"cubes": [
						{"origin": [40, 16, 145], "size": [8, 8, 2], "uv": [440, 264]}
					]
				},
				{
					"name": "llanta4",
					"pivot": [-2, 0, 125],
					"cubes": [
						{"origin": [-49, 22, 145], "size": [10, 5, 5], "uv": [219, 27]},
						{"origin": [-48, 21, 145], "size": [8, 1, 5], "uv": [432, 229]},
						{"origin": [-49, 0, 145], "size": [10, 5, 5], "uv": [219, 27]},
						{"origin": [-48, 5, 145], "size": [8, 1, 5], "uv": [458, 256]},
						{"origin": [-49, 10, 144], "size": [10, 6, 7], "uv": [2, 493]}
					]
				},
				{
					"name": "bone209",
					"parent": "llanta4",
					"pivot": [-2, 1, 127]
				},
				{
					"name": "bone210",
					"parent": "bone209",
					"pivot": [-2, 7, 126],
					"rotation": [-15, 0, 0],
					"cubes": [
						{"origin": [-49, 27.5, 144], "size": [10, 5, 5], "uv": [219, 27]},
						{"origin": [-48, 26.5, 144], "size": [8, 1, 5], "uv": [408, 286]}
					]
				},
				{
					"name": "bone211",
					"parent": "bone209",
					"pivot": [-2, 13, 126],
					"rotation": [-30, 0, 0],
					"cubes": [
						{"origin": [-49, 33.3, 144], "size": [10, 5, 5], "uv": [219, 27]},
						{"origin": [-48, 32.3, 145], "size": [8, 1, 3], "uv": [408, 248]}
					]
				},
				{
					"name": "bone212",
					"parent": "bone209",
					"pivot": [-2, 27, 127],
					"rotation": [-60, 0, 0],
					"cubes": [
						{"origin": [-49, 47.5, 146], "size": [10, 5, 5], "uv": [219, 27]},
						{"origin": [-48, 46.5, 147], "size": [8, 1, 4], "uv": [376, 251]}
					]
				},
				{
					"name": "bone213",
					"parent": "bone209",
					"pivot": [-2, 30, 129],
					"rotation": [-75, 0, 0],
					"cubes": [
						{"origin": [-49, 53, 148], "size": [10, 5, 5], "uv": [219, 27]},
						{"origin": [-48, 52, 148], "size": [8, 1, 5], "uv": [418, 270]}
					]
				},
				{
					"name": "bone214",
					"parent": "bone209",
					"pivot": [-2, 33, 134],
					"rotation": [-90, 0, 0],
					"cubes": [
						{"origin": [-49, 56.3, 153], "size": [10, 5, 2], "uv": [219, 27]}
					]
				},
				{
					"name": "bone215",
					"parent": "bone209",
					"pivot": [-2, 28, 129],
					"rotation": [-75, 0, 0]
				},
				{
					"name": "bone216",
					"parent": "llanta4",
					"pivot": [-2, 35, 136],
					"rotation": [-90, 0, 0]
				},
				{
					"name": "bone217",
					"parent": "bone216",
					"pivot": [-2, 41, 135],
					"rotation": [-15, 0, 0],
					"cubes": [
						{"origin": [-49, 61.5, 153], "size": [10, 5, 5], "uv": [219, 27]},
						{"origin": [-48, 60.5, 153], "size": [8, 1, 5], "uv": [440, 261]}
					]
				},
				{
					"name": "bone218",
					"parent": "bone216",
					"pivot": [-2, 47, 135],
					"rotation": [-30, 0, 0],
					"cubes": [
						{"origin": [-49, 67.3, 153], "size": [10, 5, 5], "uv": [219, 27]},
						{"origin": [-48, 66.3, 153], "size": [8, 1, 5], "uv": [401, 256]}
					]
				},
				{
					"name": "bone219",
					"parent": "bone216",
					"pivot": [-2, 61, 136],
					"rotation": [-60, 0, 0],
					"cubes": [
						{"origin": [-49, 81.5, 155], "size": [10, 5, 5], "uv": [219, 27]},
						{"origin": [-48, 80.5, 155], "size": [8, 1, 5], "uv": [433, 286]}
					]
				},
				{
					"name": "bone220",
					"parent": "bone216",
					"pivot": [-2, 64, 138],
					"rotation": [-75, 0, 0],
					"cubes": [
						{"origin": [-49, 87, 157], "size": [10, 5, 5], "uv": [219, 27]},
						{"origin": [-48, 86, 157], "size": [8, 1, 5], "uv": [430, 248]}
					]
				},
				{
					"name": "bone221",
					"parent": "bone216",
					"pivot": [-2, 67, 143],
					"rotation": [-90, 0, 0],
					"cubes": [
						{"origin": [-49, 91.3, 162], "size": [10, 4, 2], "uv": [219, 27]}
					]
				},
				{
					"name": "bone222",
					"parent": "bone216",
					"pivot": [-2, 62, 138],
					"rotation": [-75, 0, 0]
				},
				{
					"name": "bone223",
					"parent": "llanta4",
					"pivot": [-86, 1, 168],
					"rotation": [0, 180, 0]
				},
				{
					"name": "bone224",
					"parent": "bone223",
					"pivot": [-86, 7, 167],
					"rotation": [-15, 0, 0],
					"cubes": [
						{"origin": [-133, 27.5, 185], "size": [10, 5, 5], "uv": [219, 27]},
						{"origin": [-132, 26.5, 185], "size": [8, 1, 6], "uv": [410, 272]}
					]
				},
				{
					"name": "bone225",
					"parent": "bone223",
					"pivot": [-86, 13, 167],
					"rotation": [-30, 0, 0],
					"cubes": [
						{"origin": [-133, 33.3, 185], "size": [10, 5, 5], "uv": [219, 27]}
					]
				},
				{
					"name": "bone226",
					"parent": "bone223",
					"pivot": [-86, 27, 168],
					"rotation": [-60, 0, 0],
					"cubes": [
						{"origin": [-133, 47.5, 187], "size": [10, 5, 5], "uv": [219, 27]},
						{"origin": [-132, 46.5, 187], "size": [8, 1, 5], "uv": [402, 269]}
					]
				},
				{
					"name": "bone227",
					"parent": "bone223",
					"pivot": [-86, 30, 170],
					"rotation": [-75, 0, 0],
					"cubes": [
						{"origin": [-133, 53, 189], "size": [10, 5, 5], "uv": [219, 27]},
						{"origin": [-132, 52, 189], "size": [8, 1, 5], "uv": [430, 244]}
					]
				},
				{
					"name": "bone228",
					"parent": "bone223",
					"pivot": [-86, 33, 175],
					"rotation": [-90, 0, 0],
					"cubes": [
						{"origin": [-133, 57.3, 194], "size": [10, 4, 2], "uv": [219, 27]}
					]
				},
				{
					"name": "bone229",
					"parent": "llanta4",
					"pivot": [-86, 35, 158],
					"rotation": [-90, 180, 0]
				},
				{
					"name": "bone230",
					"parent": "bone229",
					"pivot": [-86, 41, 157],
					"rotation": [-15, 0, 0],
					"cubes": [
						{"origin": [-133, 60.8, 175], "size": [10, 5, 5], "uv": [219, 27]},
						{"origin": [-132, 59.8, 175], "size": [8, 1, 6], "uv": [414, 258]}
					]
				},
				{
					"name": "bone231",
					"parent": "bone229",
					"pivot": [-86, 47, 157],
					"rotation": [-30, 0, 0],
					"cubes": [
						{"origin": [-133, 66.7, 175], "size": [10, 5, 5], "uv": [219, 27]}
					]
				},
				{
					"name": "bone232",
					"parent": "bone229",
					"pivot": [-86, 61, 158],
					"rotation": [-60, 0, 0],
					"cubes": [
						{"origin": [-133, 81, 177], "size": [10, 5, 5], "uv": [219, 27]},
						{"origin": [-132, 80, 177], "size": [8, 1, 5], "uv": [394, 254]}
					]
				},
				{
					"name": "bone233",
					"parent": "bone229",
					"pivot": [-86, 64, 160],
					"rotation": [-75, 0, 0],
					"cubes": [
						{"origin": [-133, 86.6, 179], "size": [10, 5, 5], "uv": [219, 27]},
						{"origin": [-132, 85.6, 179], "size": [8, 1, 5], "uv": [433, 261]}
					]
				},
				{
					"name": "bone234",
					"parent": "bone229",
					"pivot": [-86, 67, 165],
					"rotation": [-90, 0, 0],
					"cubes": [
						{"origin": [-133, 91.3, 184], "size": [10, 4, 2], "uv": [219, 27]}
					]
				},
				{
					"name": "rin4",
					"parent": "llanta4",
					"pivot": [-2, 0, 125]
				},
				{
					"name": "bone235",
					"parent": "rin4",
					"pivot": [-88, 7, 167],
					"rotation": [-5, 0, 0],
					"cubes": [
						{"origin": [-48, 13, 148], "size": [8, 9, 2], "uv": [452, 257]}
					]
				},
				{
					"name": "bone236",
					"parent": "rin4",
					"pivot": [-88, 7, 167],
					"rotation": [5, 0, 0]
				},
				{
					"name": "bone237",
					"parent": "rin4",
					"pivot": [-88, 34, 157],
					"rotation": [80, 0, 0],
					"cubes": [
						{"origin": [-48, 43, 131], "size": [8, 6, 2], "uv": [443, 261]},
						{"origin": [-48, 42.73853, 134.98858], "size": [8, 7, 2], "uv": [440, 293]}
					]
				},
				{
					"name": "bone238",
					"parent": "rin4",
					"pivot": [-88, -11, 146],
					"rotation": [-80, 0, 0],
					"cubes": [
						{"origin": [-48, -2, 120], "size": [8, 6, 2], "uv": [449, 244]},
						{"origin": [-48, -2.26147, 123.98858], "size": [8, 7, 2], "uv": [449, 244]}
					]
				},
				{
					"name": "bone239",
					"parent": "rin4",
					"pivot": [-88, 9, 124],
					"rotation": [-155, 0, 0],
					"cubes": [
						{"origin": [-48, 18, 98], "size": [8, 6, 2], "uv": [459, 260]},
						{"origin": [-48, 16.73853, 101.98858], "size": [8, 8, 2], "uv": [459, 260]}
					]
				},
				{
					"name": "bone240",
					"parent": "rin4",
					"pivot": [-88, 28, 128],
					"rotation": [155, 0, 0],
					"cubes": [
						{"origin": [-48, 34, 102], "size": [8, 9, 2], "uv": [448, 251]},
						{"origin": [-48, 32.73853, 105.98858], "size": [8, 11, 2], "uv": [448, 251]}
					]
				},
				{
					"name": "bone241",
					"parent": "rin4",
					"pivot": [-88, 7, 167],
					"rotation": [5, 0, 0],
					"cubes": [
						{"origin": [-48, 16, 145], "size": [8, 8, 2], "uv": [440, 264]}
					]
				}
			]
		}
	]
}