{
	"format_version": "1.8.0",
	"minecraft:client_entity": {
		"description": {
			"identifier": "205t16:gray1_between",
			"materials": {
				"default": "enderman"
			},
			"textures": {
				"default": "textures/entity/205t16/gray"
			},
			"geometry": {
				"default": "geometry.peugeot205t16_stradale_m1"
			},
			"render_controllers": [
				"controller.render.205t16"
			],
			"animations": {
				"drive": "animation.205t16.drive",
				"turning": "animation.205t16.turning",
				"trunk": "animation.205t16.trunk2"
			},
			"spawn_egg": {
				"texture": "205t16",
				"texture_index": 0
			},
			"animation_controllers": [
				{
					"general": "controller.animation.205t16.general3"
				}
			]
		}
	}
}