{
  "format_version": "1.8.0",
  "animations": {
    "animation.slapper_npc.look_at_target": {
      "loop": true,
      "bones": {
        "head": {
          "relative_to": {
            "rotation": "entity"
          },
          "rotation": [ "query.target_x_rotation - this", "query.target_y_rotation - this", 0.0 ]
        },
        "hat": {
          "relative_to": {
            "rotation": "entity"
          },
          "rotation": [ "query.target_x_rotation - this", "query.target_y_rotation - this", 0.0 ]
        }
      }
    }
  }
}