{
  "format_version": "1.8.0",
  "minecraft:client_entity": {
    "description": {
      "identifier": "fernan:lamborghini_m3",
      "materials": { 
          "default": "cars",
          "outer": "slime_outer"
      },
      "textures": {
        "default": "textures/entity/car/lamborghini_m3"
      },
      "geometry": {
        "default": "geometry.murcielago"
      },
      "render_controllers": [ "controller.render.car" ],
      "spawn_egg": {
        "texture": "spawn_egg",
        "texture_index": 0
      }
    }
  }
}
