{"packs":[{"can_be_redownloaded":false,"name":"Lamborghini Murcielago Addon","uuid":"093313c3-4528-4aa2-bd26-f9c3a3e973db","version":[0,0,1]},{"can_be_redownloaded":false,"name":"Bugatti Chiron[B]","uuid":"b75a80ca-975b-4f7d-9d60-453224f10662","version":[3,0,0]},{"can_be_redownloaded":false,"name":"Sport Car: Ferrari Behavior Pack","uuid":"7fea92d7-54a0-3a09-a8cb-ad5cfd84b21f","version":[0,0,1]},{"can_be_redownloaded":false,"name":"§l§bNPC by wave§r","uuid":"ddbad49d-d0df-40e3-acab-d262893270b1","version":[1,8,0]},{"can_be_redownloaded":false,"name":{"en_GB":"Slappers! [Behaviour Pack]","en_US":"Slappers! [Behavior Pack]"},"subpacks_count":2,"uuid":"7ca2cc70-0af1-4beb-ae40-ba9a6f215d8f","version":[0,0,2]},{"can_be_redownloaded":false,"name":"NPC by RG69 Behavior","uuid":"9557cd5f-161f-473b-8302-8a559c875f02","version":[0,0,2]},{"can_be_redownloaded":false,"name":"Daewoo Tosca : BP","uuid":"440eb0e5-7abd-403a-90e5-3366bad2a97b","version":[1,2,0]}]}
