
[
	
	{
		"pack_id" : "c57f33f6-06e2-3f7d-853f-86de993f7753",
		"version" : [ 0, 0, 1 ]
	},
	
	{
		"pack_id" : "7affa381-adb2-4466-8364-97cd77580d51",
		"version" : [ 1, 0, 0 ]
	},
	
	{
		"pack_id" : "f9e4732a-9f1d-4134-af51-8e6faaa964de",
		"version" : [ 1, 2, 0 ]
	},
	
	{
		"pack_id" : "6cc1d8dc-e22a-42bb-a547-46a101d92a7f",
		"version" : [ 0, 0, 2 ]
	},
	
	{
		"pack_id" : "10e1fcd0-252a-4625-8de3-8036e3d1a253",
		"version" : [ 0, 0, 1 ]
	},
	
	{
		"pack_id" : "8cd850c5-77d9-4b97-ba7e-214e9492b509",
		"version" : [ 3, 0, 0 ]
	}
]
