{
	"format_version": "1.12.0",
	"minecraft:geometry": [
		{
			"description": {
				"identifier": "geometry.jdmmr2mod",
				"texture_width": 256,
				"texture_height": 256,
				"visible_bounds_width": 7,
				"visible_bounds_height": 3.5,
				"visible_bounds_offset": [0, 1.25, 0]
			},
			"bones": [
				{
					"name": "front",
					"pivot": [0, 0, 0],
					"cubes": [
						{"origin": [-8, 3, -42], "size": [16, 1, 1], "uv": [161, 94]},
						{"origin": [-17, 3, -40], "size": [34, 1, 6], "uv": [105, 23]},
						{"origin": [-8, 4, -42], "size": [16, 1, 1], "pivot": [0, 4, -42], "rotation": [-61, 0, 0], "uv": [70, 117]},
						{"origin": [8, 4, -42], "size": [10, 1, 1], "pivot": [16, 4, -42], "rotation": [-61, 0, 0], "uv": [193, 81]},
						{"origin": [-18, 4, -42], "size": [10, 1, 1], "pivot": [-10, 4, -42], "rotation": [-61, 0, 0], "uv": [193, 79]},
						{"origin": [-8, 9, -45], "size": [16, 3, 3], "uv": [35, 82]},
						{"origin": [8, 9, -45], "size": [2, 3, 3], "uv": [112, 157]},
						{"origin": [-10, 9, -45], "size": [2, 3, 3], "uv": [98, 157]},
						{"origin": [15, 9, -45], "size": [4, 3, 3], "uv": [98, 124]},
						{"origin": [8, 12, -45], "size": [11, 3, 1], "pivot": [18, 12, -45], "rotation": [-45, 0, 0], "uv": [92, 57]},
						{"origin": [17, 14.145, -43.1], "size": [2, 5, 1], "pivot": [18, 14, -43], "rotation": [-80, 0, 0], "uv": [80, 34]},
						{"origin": [8, 14.145, -43.1], "size": [9, 5, 1], "pivot": [17, 14, -43], "rotation": [-80, 0, 0], "uv": [24, 171]},
						{"origin": [-17, 14.145, -43.1], "size": [9, 5, 1], "pivot": [-8, 14, -43], "rotation": [-80, 0, 0], "uv": [97, 44]},
						{"origin": [-8, 14.145, -43.1], "size": [16, 5, 1], "pivot": [1, 14, -43], "rotation": [-80, 0, 0], "uv": [161, 88]},
						{"origin": [-19, 14.145, -43.1], "size": [2, 5, 1], "pivot": [-17, 14, -43], "rotation": [-80, 0, 0], "uv": [75, 59]},
						{"origin": [17, 15.04731, -37.98343], "size": [2, 17, 1], "pivot": [18, 15, -38], "rotation": [-82.5, 0, 0], "uv": [46, 195]},
						{"origin": [-19, 15.04731, -37.98343], "size": [2, 17, 1], "pivot": [-17, 15, -38], "rotation": [-82.5, 0, 0], "uv": [40, 195]},
						{"origin": [-17, 15.04731, -37.98343], "size": [9, 17, 1], "pivot": [-16, 15, -38], "rotation": [-82.5, 0, 0], "uv": [127, 75]},
						{"origin": [-8, 15.04731, -37.98343], "size": [16, 17, 1], "pivot": [-7, 15, -38], "rotation": [-83.5, 0, 0], "uv": [114, 174]},
						{"origin": [8, 15.04731, -37.98343], "size": [9, 17, 1], "pivot": [9, 15, -38], "rotation": [-82.5, 0, 0], "uv": [0, 104]},
						{"origin": [17, 16.89, -21.21], "size": [2, 4, 1], "pivot": [18, 17, -21], "rotation": [-87.5, 0, 0], "uv": [157, 217]},
						{"origin": [8, 16.89, -21.21], "size": [9, 4, 1], "pivot": [17, 17, -21], "rotation": [-87.5, 0, 0], "uv": [190, 185]},
						{"origin": [-17, 16.89, -21.21], "size": [9, 4, 1], "pivot": [-8, 17, -21], "rotation": [-87.5, 0, 0], "uv": [185, 25]},
						{"origin": [-8, 16.89, -21.21], "size": [16, 4, 1], "pivot": [1, 17, -21], "rotation": [-87.5, 0, 0], "uv": [24, 166]},
						{"origin": [17, 16.87, -17.378], "size": [1, 4, 1], "pivot": [18, 17, -17], "rotation": [-90, 0, 0], "uv": [31, 178]},
						{"origin": [17, 16.83, -13.366], "size": [1, 4, 1], "pivot": [18, 17, -13], "rotation": [-95, 0, 0], "uv": [0, 178]},
						{"origin": [-18, 16.83, -13.366], "size": [1, 4, 1], "pivot": [-17, 17, -13], "rotation": [-95, 0, 0], "uv": [166, 174]},
						{"origin": [-17, 16.83, -13.366], "size": [34, 1, 1], "pivot": [17, 17, -13], "rotation": [-95, 0, 0], "uv": [155, 107]},
						{"origin": [-18, 16.87, -17.378], "size": [1, 4, 1], "pivot": [-17, 17, -17], "rotation": [-90, 0, 0], "uv": [58, 166]},
						{"origin": [-17, 16.87, -17.378], "size": [9, 4, 1], "pivot": [-16, 17, -17], "rotation": [-90, 0, 0], "uv": [175, 132]},
						{"origin": [-8, 16.87, -17.378], "size": [16, 4, 1], "pivot": [-7, 17, -17], "rotation": [-90, 0, 0], "uv": [58, 132]},
						{"origin": [8, 16.87, -17.378], "size": [9, 4, 1], "pivot": [9, 17, -17], "rotation": [-90, 0, 0], "uv": [0, 172]},
						{"origin": [15, 17.87, -17.378], "size": [2, 2, 1], "pivot": [9, 18, -17], "rotation": [-90, 0, 0], "uv": [174, 222]},
						{"origin": [-17, 17.87, -17.378], "size": [2, 2, 1], "pivot": [-23, 18, -17], "rotation": [-90, 0, 0], "uv": [155, 222]},
						{"origin": [15, 19.17, -14.378], "size": [2, 2, 1], "pivot": [9, 19, -15], "rotation": [-120, 0, 0], "uv": [141, 222]},
						{"origin": [-17, 19.17, -14.378], "size": [2, 2, 1], "pivot": [-23, 19, -15], "rotation": [-120, 0, 0], "uv": [114, 222]},
						{"origin": [-19, 16.89, -21.21], "size": [2, 4, 1], "pivot": [-17, 17, -21], "rotation": [-87.5, 0, 0], "uv": [128, 217]},
						{"origin": [-19, 12, -45], "size": [11, 3, 1], "pivot": [-8, 12, -45], "rotation": [-45, 0, 0], "uv": [59, 76]},
						{"origin": [-8, 12, -45], "size": [16, 3, 1], "pivot": [2, 12, -45], "rotation": [-45, 0, 0], "uv": [174, 128]},
						{"origin": [-19, 9, -45], "size": [4, 3, 3], "uv": [18, 83]},
						{"origin": [10, 9, -45], "size": [5, 1, 3], "uv": [202, 114]},
						{"origin": [-15, 9, -45], "size": [5, 1, 3], "uv": [202, 202]},
						{"origin": [10, 11, -45], "size": [5, 1, 3], "uv": [201, 39]},
						{"origin": [10, 10, -44.6], "size": [5, 1, 1], "uv": [96, 100]},
						{"origin": [-15, 10, -44.6], "size": [5, 1, 1], "uv": [92, 85]},
						{"origin": [-15, 11, -45], "size": [5, 1, 3], "uv": [201, 35]},
						{"origin": [-9, 3.5, -41], "size": [18, 1, 1], "pivot": [0, 4, -41], "rotation": [20, 0, 0], "uv": [70, 93]},
						{"origin": [8, 4.5, -41], "size": [1, 3, 1], "pivot": [8, 4, -41], "rotation": [18.5, -7.5, 20], "uv": [75, 183]},
						{"origin": [-9, 4, -40.25], "size": [18, 5, 1], "pivot": [0, 4, -41], "rotation": [20, 0, 0], "uv": [79, 51]},
						{"origin": [-9, 9, -41], "size": [18, 1, 1], "pivot": [0, 4, -41], "rotation": [20, 0, 0], "uv": [70, 91]},
						{"origin": [9, 4, -41], "size": [10, 6, 1], "pivot": [10, 4, -41], "rotation": [20, 0, 0], "uv": [192, 13]},
						{"origin": [-19, 4, -41], "size": [10, 6, 1], "pivot": [-16, 4, -41], "rotation": [20, 0, 0], "uv": [155, 191]},
						{"origin": [-9, 4, -41], "size": [1, 3, 1], "pivot": [-8, 4, -41], "rotation": [18.5, 7.5, -20], "uv": [68, 183]},
						{"origin": [8, 3, -42], "size": [10, 1, 1], "uv": [183, 100]},
						{"origin": [18, 3, -42], "size": [1, 1, 1], "pivot": [18, 3, -42], "rotation": [0, -45, 0], "uv": [223, 47]},
						{"origin": [18, 3, -41], "size": [1, 1, 7], "uv": [70, 108]},
						{"origin": [18, 4, -41], "size": [1, 10, 7], "uv": [0, 189]},
						{"origin": [-19, 4, -41], "size": [1, 10, 7], "uv": [0, 155]},
						{"origin": [18, 7, -42], "size": [1, 7, 1], "uv": [70, 195]},
						{"origin": [-19, 7, -42], "size": [1, 7, 1], "uv": [106, 185]},
						{"origin": [18, 12, -44], "size": [1, 1, 2], "uv": [70, 222]},
						{"origin": [-19, 12, -44], "size": [1, 1, 2], "uv": [58, 222]},
						{"origin": [18, 13, -43], "size": [1, 1, 1], "uv": [223, 33]},
						{"origin": [-19, 13, -43], "size": [1, 1, 1], "uv": [223, 15]},
						{"origin": [17.5, 3, -18], "size": [1, 1, 33], "uv": [0, 59]},
						{"origin": [-18.5, 3, -18], "size": [1, 1, 33], "uv": [57, 57]},
						{"origin": [18, 3, -42], "size": [1, 1, 1], "pivot": [19, 3, -41], "rotation": [0, 45, 0], "uv": [223, 12]},
						{"origin": [-19, 3, -41], "size": [1, 1, 7], "uv": [105, 8]},
						{"origin": [-19, 3, -42], "size": [1, 1, 1], "pivot": [-19, 3, -41], "rotation": [0, -45, 0], "uv": [223, 9]},
						{"origin": [-18, 3, -42], "size": [10, 1, 1], "uv": [64, 169]},
						{"origin": [-19, 3, -42], "size": [1, 1, 1], "pivot": [-18, 3, -42], "rotation": [0, 45, 0], "uv": [206, 223]},
						{"origin": [-16.5, 6, -27], "size": [33, 2, 2], "uv": [68, 153]},
						{"origin": [11, 4, -33], "size": [1, 10, 14], "uv": [0, 59]},
						{"origin": [-12, 4, -33], "size": [1, 10, 14], "uv": [0, 0]}
					]
				},
				{
					"name": "fronttireguard",
					"parent": "front",
					"pivot": [8, 0, -2],
					"cubes": [
						{"origin": [18, 9, -34], "size": [1, 6, 1], "uv": [95, 217]},
						{"origin": [-19, 9, -34], "size": [1, 6, 1], "uv": [91, 217]},
						{"origin": [-19, 9, -19], "size": [1, 6, 1], "uv": [87, 217]},
						{"origin": [18, 9, -19], "size": [1, 6, 1], "uv": [83, 217]},
						{"origin": [18, 11, -20], "size": [1, 4, 1], "uv": [92, 132]},
						{"origin": [18, 11, -33], "size": [1, 4, 1], "uv": [122, 46]},
						{"origin": [-19, 11, -33], "size": [1, 4, 1], "uv": [105, 17]},
						{"origin": [-19, 11, -20], "size": [1, 4, 1], "uv": [104, 95]},
						{"origin": [18, 12, -32], "size": [1, 3, 1], "uv": [62, 183]},
						{"origin": [-19, 12, -32], "size": [1, 3, 1], "uv": [38, 178]},
						{"origin": [-19, 12, -21], "size": [1, 3, 1], "uv": [24, 122]},
						{"origin": [18, 12, -21], "size": [1, 3, 1], "uv": [18, 122]},
						{"origin": [18, 13, -22], "size": [1, 2, 1], "uv": [71, 165]},
						{"origin": [18, 13, -31], "size": [1, 2, 1], "uv": [163, 157]},
						{"origin": [-19, 13, -31], "size": [1, 2, 1], "uv": [150, 162]},
						{"origin": [-19, 13, -22], "size": [1, 2, 1], "uv": [150, 157]},
						{"origin": [18, 14, -30], "size": [1, 1, 2], "uv": [46, 222]},
						{"origin": [-19, 14, -30], "size": [1, 1, 2], "uv": [40, 222]},
						{"origin": [-19, 14, -24], "size": [1, 1, 2], "uv": [19, 222]},
						{"origin": [18, 14, -24], "size": [1, 1, 2], "uv": [13, 222]},
						{"origin": [18, 15, -28], "size": [1, 1, 4], "uv": [173, 212]},
						{"origin": [-19, 15, -28], "size": [1, 1, 4], "uv": [88, 190]}
					]
				},
				{
					"name": "hexadecagon",
					"parent": "fronttireguard",
					"pivot": [27, -1, -5],
					"cubes": [
						{"origin": [-19, 3.4087, -34], "size": [38, 5.1826, 1], "uv": [97, 131]},
						{"origin": [-19, 5.4087, -34], "size": [38, 3.1826, 1], "pivot": [19, 7, -26], "rotation": [-22.5, 0, 0], "uv": [138, 30]},
						{"origin": [-19, 5.4087, -34], "size": [38, 3.1826, 1], "pivot": [19, 7, -26], "rotation": [-45, 0, 0], "uv": [136, 137]},
						{"origin": [-19, 5.4087, -19], "size": [38, 3.1826, 1], "pivot": [19, 7, -26], "rotation": [45, 0, 0], "uv": [58, 137]},
						{"origin": [-19, 5.4087, -19], "size": [38, 3.1826, 1], "pivot": [19, 7, -26], "rotation": [22.5, 0, 0], "uv": [122, 58]},
						{"origin": [-19, 3.4087, -19], "size": [38, 5.1826, 1], "uv": [122, 52]},
						{"origin": [-19, 2, -19], "size": [38, 2.1826, 1], "uv": [58, 141]},
						{"origin": [-19, 3, -34], "size": [38, 1.1826, 1], "uv": [57, 144]},
						{"origin": [-19, 14, -27.5913], "size": [38, 1, 3.1826], "pivot": [19, 7, -26], "rotation": [22.5, 0, 0], "uv": [122, 42]},
						{"origin": [-19, 14, -27.5913], "size": [38, 1, 3.1826], "uv": [122, 38]},
						{"origin": [-19, 14, -27.5913], "size": [38, 1, 3.1826], "pivot": [19, 7, -26], "rotation": [-22.5, 0, 0], "uv": [122, 34]}
					]
				},
				{
					"name": "popups",
					"parent": "front",
					"pivot": [0, 11, -40]
				},
				{
					"name": "pleft",
					"parent": "popups",
					"pivot": [0, -4, 0],
					"cubes": [
						{"origin": [11, 10, -41], "size": [6, 4, 1], "uv": [202, 118]},
						{"origin": [11, 10, -40], "size": [6, 3, 1], "uv": [202, 179]},
						{"origin": [11, 10, -39], "size": [6, 2, 2], "uv": [200, 58]},
						{"origin": [11, 11.4, -39], "size": [6, 1, 1], "uv": [202, 200]},
						{"origin": [11, 13, -40], "size": [6, 1, 6], "pivot": [17, 14, -40], "rotation": [-30, 0, 0], "uv": [0, 122]}
					]
				},
				{
					"name": "pright",
					"parent": "popups",
					"pivot": [-28, -4, 0],
					"cubes": [
						{"origin": [-17, 10, -41], "size": [6, 4, 1], "uv": [80, 41]},
						{"origin": [-17, 10, -40], "size": [6, 3, 1], "uv": [202, 123]},
						{"origin": [-17, 10, -39], "size": [6, 2, 2], "uv": [200, 54]},
						{"origin": [-17, 11.4, -39], "size": [6, 1, 1], "uv": [202, 183]},
						{"origin": [-17, 13, -40], "size": [6, 1, 6], "pivot": [-11, 14, -40], "rotation": [-30, 0, 0], "uv": [0, 83]}
					]
				},
				{
					"name": "mid",
					"pivot": [0, 0, 0],
					"cubes": [
						{"origin": [17, 4, -18], "size": [1, 13, 5], "uv": [143, 191]},
						{"origin": [18, 4, -18], "size": [1, 13, 1], "uv": [135, 203]},
						{"origin": [-19, 4, -18], "size": [1, 13, 1], "uv": [131, 203]},
						{"origin": [18, 15, -22], "size": [1, 2, 4], "uv": [18, 122]},
						{"origin": [-19, 15, -22], "size": [1, 2, 4], "uv": [0, 47]},
						{"origin": [18, 15, -24], "size": [1, 1, 2], "uv": [0, 222]},
						{"origin": [-19, 15, -24], "size": [1, 1, 2], "uv": [221, 115]},
						{"origin": [-19, 15.2, -23], "size": [1, 1, 1], "uv": [198, 223]},
						{"origin": [18, 15.2, -23], "size": [1, 1, 1], "uv": [137, 223]},
						{"origin": [-19, 14.2, -25], "size": [1, 1, 1], "uv": [133, 223]},
						{"origin": [18, 14.2, -25], "size": [1, 1, 1], "uv": [129, 223]},
						{"origin": [18, 14.2, -28], "size": [1, 1, 1], "uv": [120, 223]},
						{"origin": [17, 14.2, -31], "size": [1, 1, 1], "uv": [110, 223]},
						{"origin": [-19, 14.2, -28], "size": [1, 1, 1], "uv": [106, 223]},
						{"origin": [-19, 13.5, -38], "size": [1, 1, 2], "uv": [221, 100]},
						{"origin": [18, 13.5, -38], "size": [1, 1, 2], "uv": [221, 96]},
						{"origin": [18, 15, -30], "size": [1, 1, 2], "uv": [211, 221]},
						{"origin": [-19, 15, -30], "size": [1, 1, 2], "uv": [201, 221]},
						{"origin": [18, 14, -36], "size": [1, 1, 2], "uv": [181, 221]},
						{"origin": [-19, 14, -36], "size": [1, 1, 2], "uv": [168, 221]},
						{"origin": [-18, 4, -18], "size": [1, 13, 5], "uv": [190, 190]},
						{"origin": [17, 4, -13], "size": [1, 13, 28], "uv": [0, 104]},
						{"origin": [-18, 3, -18], "size": [36, 1, 33], "uv": [0, 0]},
						{"origin": [-11, 3.5, -33], "size": [22, 1, 14], "uv": [98, 116]},
						{"origin": [-11, 3, 15], "size": [22, 1, 16], "pivot": [6, 3, 15], "rotation": [3.5, 0, 0], "uv": [105, 0]},
						{"origin": [16, 4, -13], "size": [1, 13, 28], "uv": [97, 75]},
						{"origin": [3, 11, -13], "size": [13, 6, 5], "uv": [0, 178]},
						{"origin": [-3, 4, -13], "size": [6, 13, 5], "uv": [35, 59]},
						{"origin": [-3, 4, -8], "size": [6, 6, 22], "uv": [127, 75]},
						{"origin": [-16, 4, -14], "size": [32, 13, 1], "uv": [136, 141]},
						{"origin": [-16, 11, -13], "size": [13, 6, 5], "uv": [166, 174]},
						{"origin": [-8, 5, -15], "size": [2, 1, 4], "pivot": [-4, -3, -15], "rotation": [-5, 0, 0], "uv": [108, 34]},
						{"origin": [-11, 5, -15], "size": [2, 1, 4], "pivot": [-7, -3, -15], "rotation": [-5, 0, 0], "uv": [92, 80]},
						{"origin": [-7.5, 4, -15], "size": [1, 1, 4], "uv": [88, 185]},
						{"origin": [-10.5, 4, -15], "size": [1, 1, 4], "uv": [75, 185]},
						{"origin": [-17, 4, -13], "size": [1, 13, 28], "uv": [92, 34]},
						{"origin": [-16, 4, 14], "size": [5, 13, 1], "uv": [0, 59]},
						{"origin": [-12, 4, 15], "size": [1, 12, 16], "uv": [80, 157]},
						{"origin": [11, 4, 15], "size": [1, 12, 16], "uv": [46, 155]},
						{"origin": [-11, 4, 20], "size": [22, 13, 1], "uv": [156, 114]},
						{"origin": [11, 4, 14], "size": [5, 13, 1], "uv": [0, 0]},
						{"origin": [-16, 16, 15], "size": [5, 1, 16], "uv": [70, 100]},
						{"origin": [11, 16, 15], "size": [5, 1, 6], "uv": [187, 157]},
						{"origin": [-18, 4, -13], "size": [1, 13, 28], "uv": [40, 91]},
						{"origin": [18, 16, 15], "size": [1, 1, 22], "uv": [0, 155]},
						{"origin": [-19, 16, 15], "size": [1, 1, 22], "uv": [35, 59]},
						{"origin": [17, 17, 25], "size": [2, 1, 12], "uv": [92, 75]},
						{"origin": [-19, 17, 25], "size": [2, 1, 12], "uv": [59, 59]},
						{"origin": [-17, 17, 25], "size": [34, 1, 12], "uv": [0, 34]},
						{"origin": [17, 17, 15], "size": [2, 1, 10], "pivot": [18, 18, 25], "rotation": [5, 0, 0], "uv": [88, 185]},
						{"origin": [-19, 17, 15], "size": [2, 1, 10], "pivot": [-17, 18, 25], "rotation": [5, 0, 0], "uv": [98, 157]},
						{"origin": [-17, 17, 20], "size": [34, 1, 5], "pivot": [-16, 18, 25], "rotation": [5, 0, 0], "uv": [122, 46]},
						{"origin": [-18.2, 15, 4], "size": [1, 1, 4], "uv": [62, 183]},
						{"origin": [17.2, 15, 4], "size": [1, 1, 4], "uv": [38, 179]}
					]
				},
				{
					"name": "pecutan",
					"parent": "mid",
					"pivot": [0, 0, -1],
					"cubes": [
						{"origin": [-13.5, 4, -15], "size": [1, 1, 4], "uv": [38, 184]},
						{"origin": [-14, 5, -15], "size": [2, 1, 4], "pivot": [-10, -3, -15], "rotation": [-5, 0, 0], "uv": [92, 75]}
					]
				},
				{
					"name": "cabinex",
					"parent": "mid",
					"pivot": [0, 0, 0],
					"cubes": [
						{"origin": [16, 17, -14], "size": [1, 17, 1], "pivot": [17, 16, -14], "rotation": [-55, 0, 0], "uv": [66, 195]},
						{"origin": [-16, 33, -14], "size": [32, 1, 1], "pivot": [16, 16, -14], "rotation": [-55, 0, 0], "uv": [0, 102]},
						{"origin": [15, 19, -14], "size": [1, 13, 1], "pivot": [16, 16, -14], "rotation": [-55, 0, 0], "uv": [127, 203]},
						{"origin": [-16, 19, -14], "size": [1, 13, 1], "pivot": [-15, 16, -14], "rotation": [-55, 0, 0], "uv": [97, 203]},
						{"origin": [-16, 32, -14], "size": [32, 1, 1], "pivot": [-15, 16, -14], "rotation": [-55, 0, 0], "uv": [0, 100]},
						{"origin": [-16, 18, -14], "size": [32, 2, 1], "pivot": [-15, 16, -14], "rotation": [-55, 0, 0], "uv": [0, 93]},
						{"origin": [16, 19, -13], "size": [1, 14, 1], "pivot": [17, 16, -14], "rotation": [-55, 0, 0], "uv": [169, 198]},
						{"origin": [-17, 19, -13], "size": [1, 14, 1], "pivot": [-16, 16, -14], "rotation": [-55, 0, 0], "uv": [115, 195]},
						{"origin": [16, 32.7, -13], "size": [1, 1, 1], "pivot": [17, 16, -14], "rotation": [-55, 0, 0], "uv": [102, 223]},
						{"origin": [-17, 32.7, -13], "size": [1, 1, 1], "pivot": [-16, 16, -14], "rotation": [-55, 0, 0], "uv": [98, 223]},
						{"origin": [-17, 17, -14], "size": [1, 17, 1], "pivot": [-16, 16, -14], "rotation": [-55, 0, 0], "uv": [177, 191]},
						{"origin": [16, 25.8, 0.64], "size": [1, 1, 1], "pivot": [17, 26, 1], "rotation": [-80, 0, 0], "uv": [65, 223]},
						{"origin": [16, 25.8, 1.64], "size": [1, 1, 1], "pivot": [17, 26, 1], "rotation": [-80, 0, 0], "uv": [52, 223]},
						{"origin": [-17, 25.8, 1.64], "size": [1, 1, 1], "pivot": [-16, 26, 1], "rotation": [-80, 0, 0], "uv": [33, 223]},
						{"origin": [-17, 25.8, 0.64], "size": [1, 1, 1], "pivot": [-16, 26, 1], "rotation": [-80, 0, 0], "uv": [29, 223]},
						{"origin": [-16, 25.8, 0.64], "size": [32, 1, 1], "pivot": [-15, 26, 1], "rotation": [-80, 0, 0], "uv": [0, 98]},
						{"origin": [16, 25.72, 1.51], "size": [1, 12, 1], "pivot": [17, 26, 2], "rotation": [-90, 0, 0], "uv": [139, 203]},
						{"origin": [16, 24.72, 1.51], "size": [1, 8, 1], "pivot": [17, 25, 2], "rotation": [-90, 0, 0], "uv": [102, 185]},
						{"origin": [-17, 24.72, 1.51], "size": [1, 8, 1], "pivot": [-16, 25, 2], "rotation": [-90, 0, 0], "uv": [55, 183]},
						{"origin": [16, 7, 2], "size": [1, 29, 1], "pivot": [17, 18, 2], "rotation": [-90, 0, 0], "uv": [186, 186]},
						{"origin": [-17, 7, 2], "size": [1, 29, 1], "pivot": [-16, 18, 2], "rotation": [-90, 0, 0], "uv": [182, 185]},
						{"origin": [16, 32.5, 1.51], "size": [1, 1, 1], "pivot": [17, 25, 2], "rotation": [-90, 0, 0], "uv": [7, 223]},
						{"origin": [-17, 32.5, 1.51], "size": [1, 1, 1], "pivot": [-16, 25, 2], "rotation": [-90, 0, 0], "uv": [222, 212]},
						{"origin": [16, 31.5, 1.51], "size": [1, 1, 7], "pivot": [17, 24, 2], "rotation": [-90, 0, 0], "uv": [105, 0]},
						{"origin": [-17, 31.5, 1.51], "size": [1, 1, 7], "pivot": [-16, 24, 2], "rotation": [-90, 0, 0], "uv": [70, 100]},
						{"origin": [-16, 25.72, 1.51], "size": [7, 12, 1], "pivot": [16, 26, 2], "rotation": [-90, 0, 0], "uv": [16, 59]},
						{"origin": [9, 25.72, 1.51], "size": [7, 12, 1], "pivot": [41, 26, 2], "rotation": [-90, 0, 0], "uv": [16, 0]},
						{"origin": [-9, 36.72, 1.51], "size": [18, 1, 1], "pivot": [34, 26, 2], "rotation": [-90, 0, 0], "uv": [35, 88]},
						{"origin": [-9, 25.72, 1.51], "size": [18, 11, 1], "pivot": [34, 26, 2], "rotation": [-90, 0, 0], "uv": [30, 104]},
						{"origin": [-7, 36.72, 1.51], "size": [14, 2, 1], "pivot": [34, 27, 2], "rotation": [-90, 0, 0], "uv": [0, 27]},
						{"origin": [-7, 37.95, 1.51], "size": [14, 1, 1], "pivot": [34, 27, 2], "rotation": [-90, 0, 0], "uv": [59, 74]},
						{"origin": [-9, 15.72, 20.51], "size": [18, 11, 0], "pivot": [34, 16, 21], "rotation": [-90, 0, 0], "uv": [24, 155]},
						{"origin": [-17, 25.72, 1.51], "size": [1, 12, 1], "pivot": [-16, 26, 2], "rotation": [-90, 0, 0], "uv": [64, 155]},
						{"origin": [16, 25.56, 13.65], "size": [1, 1, 1], "pivot": [17, 26, 14], "rotation": [-112.5, 0, 0], "uv": [222, 194]},
						{"origin": [-17, 25.56, 13.65], "size": [1, 1, 1], "pivot": [-16, 26, 14], "rotation": [-112.5, 0, 0], "uv": [222, 186]},
						{"origin": [-16, 25.56, 13.65], "size": [32, 1, 1], "pivot": [-15, 26, 14], "rotation": [-112.5, 0, 0], "uv": [0, 96]},
						{"origin": [-7, 25.56, 12.65], "size": [14, 1, 1], "pivot": [-15, 26, 14], "rotation": [-112.5, 0, 0], "uv": [59, 72]},
						{"origin": [-7, 25.4, 12.65], "size": [14, 1, 1], "pivot": [-15, 26, 14], "rotation": [-112.5, 0, 0], "uv": [0, 30]},
						{"origin": [-7, 27.0188, 14.95656], "size": [14, 2, 1], "pivot": [-6, 27, 15], "rotation": [-150, 0, 0], "uv": [0, 24]},
						{"origin": [16, 25.655, 15.125], "size": [1, 15, 3], "pivot": [17, 26, 15], "rotation": [-127.5, 0, 0], "uv": [119, 192]},
						{"origin": [14, 25.655, 15.125], "size": [2, 15, 1], "pivot": [16, 26, 15], "rotation": [-127.5, 0, 0], "uv": [60, 195]},
						{"origin": [-16, 25.655, 15.125], "size": [2, 15, 1], "pivot": [-14, 26, 15], "rotation": [-127.5, 0, 0], "uv": [16, 155]},
						{"origin": [-14, 36.655, 15.125], "size": [28, 4, 1], "pivot": [-12, 26, 15], "rotation": [-127.5, 0, 0], "uv": [155, 109]},
						{"origin": [-14, 25.655, 15.125], "size": [28, 2, 1], "pivot": [-12, 26, 15], "rotation": [-127.5, 0, 0], "uv": [73, 150]},
						{"origin": [-14, 24.25289, 15.94041], "size": [30, 1, 1], "pivot": [-14, 25, 16], "rotation": [-127.5, -15, 12.5], "uv": [74, 148]},
						{"origin": [-16, 24.25289, 15.94041], "size": [30, 1, 1], "pivot": [14, 25, 16], "rotation": [-127.5, 15, -12.5], "uv": [71, 146]},
						{"origin": [-17, 25.655, 15.125], "size": [1, 15, 3], "pivot": [-16, 26, 15], "rotation": [-127.5, 0, 0], "uv": [20, 104]},
						{"origin": [16, 22.655, 17.125], "size": [1, 3, 1], "pivot": [17, 26, 15], "rotation": [-127.5, 0, 0], "uv": [116, 34]},
						{"origin": [16, 22.77, 18.125], "size": [1, 13, 1], "pivot": [17, 26, 15], "rotation": [-127.5, 0, 0], "uv": [202, 141]},
						{"origin": [-17, 22.77, 18.125], "size": [1, 13, 1], "pivot": [-16, 26, 15], "rotation": [-127.5, 0, 0], "uv": [173, 198]},
						{"origin": [16, 24, 16.125], "size": [1, 2, 1], "pivot": [17, 26, 15], "rotation": [-127.5, 0, 0], "uv": [131, 150]},
						{"origin": [-17, 24, 16.125], "size": [1, 2, 1], "pivot": [-16, 26, 15], "rotation": [-127.5, 0, 0], "uv": [144, 93]},
						{"origin": [-17, 22.655, 17.125], "size": [1, 3, 1], "pivot": [-16, 26, 15], "rotation": [-127.5, 0, 0], "uv": [108, 34]}
					]
				},
				{
					"name": "sml",
					"parent": "cabinex",
					"pivot": [0, 0, 0],
					"cubes": [
						{"origin": [17, 17, -9], "size": [1, 1, 1], "uv": [222, 181]},
						{"origin": [18, 17, -9], "size": [2, 2, 1], "pivot": [18, 17, -9], "rotation": [0, -25, 0], "uv": [162, 221]}
					]
				},
				{
					"name": "smr",
					"parent": "cabinex",
					"pivot": [-35, 0, 0],
					"cubes": [
						{"origin": [-18, 17, -9], "size": [1, 1, 1], "uv": [222, 179]},
						{"origin": [-20, 17, -9], "size": [2, 2, 1], "pivot": [-18, 17, -9], "rotation": [0, 25, 0], "uv": [149, 221]}
					]
				},
				{
					"name": "cabinin",
					"parent": "mid",
					"pivot": [0, 0, 0],
					"cubes": [
						{"origin": [-9, 14, -7.5], "size": [1, 1, 3], "pivot": [-8, 14, -7], "rotation": [7.5, 0, 0], "uv": [149, 215]},
						{"origin": [-8, 14, -7], "size": [2, 1, 1], "pivot": [-8, 14, -7], "rotation": [7.5, 0, -10], "uv": [114, 13]},
						{"origin": [-11, 14, -7], "size": [2, 1, 1], "pivot": [-9, 14, -7], "rotation": [7.5, 0, 10], "uv": [114, 5]},
						{"origin": [-10, 13, -8.5], "size": [3, 3, 1], "uv": [120, 216]}
					]
				},
				{
					"name": "driversseat",
					"parent": "cabinin",
					"pivot": [0, 0, 0],
					"cubes": [
						{"origin": [-4, 10, -1], "size": [1, 1, 11], "uv": [75, 185]},
						{"origin": [-15, 10, -1], "size": [1, 1, 11], "uv": [184, 88]},
						{"origin": [-14, 4, -1], "size": [10, 6, 11], "uv": [156, 157]},
						{"origin": [-4, 10, 2], "size": [1, 1, 9], "pivot": [-3, 11, 10], "rotation": [-107.5, 0, 0], "uv": [102, 185]},
						{"origin": [-4, 10, 1.9], "size": [1, 1, 1], "pivot": [-3, 11, 10], "rotation": [-107.5, 0, 0], "uv": [222, 131]},
						{"origin": [-15, 10, 1.9], "size": [1, 1, 1], "pivot": [-14, 11, 10], "rotation": [-107.5, 0, 0], "uv": [222, 82]},
						{"origin": [-14, 11, 1.9], "size": [10, 1, 1], "pivot": [-4, 11, 10], "rotation": [-107.5, 0, 0], "uv": [165, 13]},
						{"origin": [-4, 19.45193, 9.1], "size": [1, 1, 2], "pivot": [-3, 19, 11], "rotation": [-90, 0, 0], "uv": [124, 221]},
						{"origin": [-4, 19.45193, 10.3], "size": [1, 1, 1], "pivot": [-3, 19, 11], "rotation": [-90, 0, 0], "uv": [222, 75]},
						{"origin": [-15, 19.45193, 10.3], "size": [1, 1, 1], "pivot": [-14, 19, 11], "rotation": [-90, 0, 0], "uv": [222, 70]},
						{"origin": [-14, 19.45193, 11.6], "size": [10, 1, 1], "pivot": [-4, 19, 12], "rotation": [-90, 0, 0], "uv": [92, 88]},
						{"origin": [-14, 19.45193, 10.1], "size": [10, 1, 2], "pivot": [-4, 19, 12], "rotation": [-90, 0, 0], "uv": [0, 129]},
						{"origin": [-15, 19.45193, 9.1], "size": [1, 1, 2], "pivot": [-14, 19, 11], "rotation": [-90, 0, 0], "uv": [36, 221]},
						{"origin": [-14, 20.45193, 9.1], "size": [3, 1, 1], "pivot": [-13, 20, 11], "rotation": [-90, 0, 0], "uv": [107, 221]},
						{"origin": [-15.07, 21.45193, 12.071], "size": [1, 1, 1], "pivot": [-14, 22, 12], "rotation": [-90, 0, -45], "uv": [222, 45]},
						{"origin": [-15.49, 21.4519, 12.071], "size": [1, 1, 1], "pivot": [-14, 22, 12], "rotation": [-90, 0, -45], "uv": [222, 222]},
						{"origin": [-12.49, 22.4519, 12.071], "size": [1, 1, 1], "pivot": [-11, 23, 12], "rotation": [-90, 0, -45], "uv": [218, 222]},
						{"origin": [-12.07, 22.45193, 12.071], "size": [1, 1, 1], "pivot": [-11, 23, 12], "rotation": [-90, 0, -45], "uv": [195, 222]},
						{"origin": [-7, 20.45193, 9.1], "size": [3, 1, 1], "pivot": [-6, 20, 11], "rotation": [-90, 0, 0], "uv": [99, 221]},
						{"origin": [-4.35, 21.4519, 11.075], "size": [1, 1, 1], "pivot": [-3, 21, 11], "rotation": [-90, 0, 45], "uv": [191, 222]},
						{"origin": [-7.35, 22.4519, 11.075], "size": [1, 1, 1], "pivot": [-6, 22, 11], "rotation": [-90, 0, 45], "uv": [187, 222]},
						{"origin": [-3.93, 21.4519, 11.075], "size": [1, 1, 1], "pivot": [-3, 21, 11], "rotation": [-90, 0, 45], "uv": [74, 222]},
						{"origin": [-6.93, 22.4519, 11.075], "size": [1, 1, 1], "pivot": [-6, 22, 11], "rotation": [-90, 0, 45], "uv": [62, 222]},
						{"origin": [-11, 21.45193, 9.1], "size": [4, 1, 1], "pivot": [-9, 21, 11], "rotation": [-90, 0, 0], "uv": [127, 30]},
						{"origin": [-15, 10, 2], "size": [1, 1, 9], "pivot": [-14, 11, 10], "rotation": [-107.5, 0, 0], "uv": [51, 183]},
						{"origin": [-14, 11, 2], "size": [10, 1, 12], "pivot": [-13, 11, 10], "rotation": [-107.5, 0, 0], "uv": [165, 0]}
					]
				},
				{
					"name": "passengerseat",
					"parent": "cabinin",
					"pivot": [18, 0, 0],
					"cubes": [
						{"origin": [14, 10, -1], "size": [1, 1, 11], "uv": [62, 183]},
						{"origin": [3, 10, -1], "size": [1, 1, 11], "uv": [38, 183]},
						{"origin": [4, 4, -1], "size": [10, 6, 11], "uv": [114, 157]},
						{"origin": [14, 10, 2], "size": [1, 1, 9], "pivot": [15, 11, 10], "rotation": [-107.5, 0, 0], "uv": [145, 157]},
						{"origin": [14, 10, 1.9], "size": [1, 1, 1], "pivot": [15, 11, 10], "rotation": [-107.5, 0, 0], "uv": [44, 222]},
						{"origin": [3, 10, 1.9], "size": [1, 1, 1], "pivot": [4, 11, 10], "rotation": [-107.5, 0, 0], "uv": [17, 222]},
						{"origin": [4, 11, 1.9], "size": [10, 1, 1], "pivot": [14, 11, 10], "rotation": [-107.5, 0, 0], "uv": [35, 90]},
						{"origin": [14, 19.45193, 9.1], "size": [1, 1, 2], "pivot": [15, 19, 11], "rotation": [-90, 0, 0], "uv": [132, 220]},
						{"origin": [14, 19.45193, 10.3], "size": [1, 1, 1], "pivot": [15, 19, 11], "rotation": [-90, 0, 0], "uv": [4, 222]},
						{"origin": [3, 19.45193, 10.3], "size": [1, 1, 1], "pivot": [4, 19, 11], "rotation": [-90, 0, 0], "uv": [221, 135]},
						{"origin": [4, 19.45193, 11.6], "size": [10, 1, 1], "pivot": [14, 19, 12], "rotation": [-90, 0, 0], "uv": [0, 90]},
						{"origin": [4, 19.45193, 10.1], "size": [10, 1, 2], "pivot": [14, 19, 12], "rotation": [-90, 0, 0], "uv": [105, 30]},
						{"origin": [3, 19.45193, 9.1], "size": [1, 1, 2], "pivot": [4, 19, 11], "rotation": [-90, 0, 0], "uv": [120, 220]},
						{"origin": [4, 20.45193, 9.1], "size": [3, 1, 1], "pivot": [5, 20, 11], "rotation": [-90, 0, 0], "uv": [52, 221]},
						{"origin": [2.93, 21.45193, 12.071], "size": [1, 1, 1], "pivot": [4, 22, 12], "rotation": [-90, 0, -45], "uv": [221, 129]},
						{"origin": [2.51, 21.4519, 12.071], "size": [1, 1, 1], "pivot": [4, 22, 12], "rotation": [-90, 0, -45], "uv": [221, 21]},
						{"origin": [5.51, 22.4519, 12.071], "size": [1, 1, 1], "pivot": [7, 23, 12], "rotation": [-90, 0, -45], "uv": [215, 221]},
						{"origin": [5.93, 22.45193, 12.071], "size": [1, 1, 1], "pivot": [7, 23, 12], "rotation": [-90, 0, -45], "uv": [205, 221]},
						{"origin": [11, 20.45193, 9.1], "size": [3, 1, 1], "pivot": [12, 20, 11], "rotation": [-90, 0, 0], "uv": [30, 221]},
						{"origin": [13.65, 21.4519, 11.075], "size": [1, 1, 1], "pivot": [15, 21, 11], "rotation": [-90, 0, 45], "uv": [134, 217]},
						{"origin": [10.65, 22.4519, 11.075], "size": [1, 1, 1], "pivot": [12, 22, 11], "rotation": [-90, 0, 45], "uv": [179, 214]},
						{"origin": [14.07, 21.4519, 11.075], "size": [1, 1, 1], "pivot": [15, 21, 11], "rotation": [-90, 0, 45], "uv": [56, 214]},
						{"origin": [11.07, 22.4519, 11.075], "size": [1, 1, 1], "pivot": [12, 22, 11], "rotation": [-90, 0, 45], "uv": [60, 211]},
						{"origin": [7, 21.45193, 9.1], "size": [4, 1, 1], "pivot": [9, 21, 11], "rotation": [-90, 0, 0], "uv": [80, 81]},
						{"origin": [3, 10, 2], "size": [1, 1, 9], "pivot": [4, 11, 10], "rotation": [-107.5, 0, 0], "uv": [97, 34]},
						{"origin": [4, 11, 2], "size": [10, 1, 12], "pivot": [5, 11, 10], "rotation": [-107.5, 0, 0], "uv": [161, 75]}
					]
				},
				{
					"name": "rvm",
					"parent": "cabinin",
					"pivot": [0, 0, 0],
					"cubes": [
						{"origin": [-0.5, 25, 0.5], "size": [1, 1, 1], "uv": [165, 210]},
						{"origin": [-2.5, 23, 0.5], "size": [5, 2, 1], "uv": [213, 214]}
					]
				},
				{
					"name": "stickshift",
					"parent": "cabinin",
					"pivot": [0, 0, 0],
					"cubes": [
						{"origin": [-2, 10, -5], "size": [4, 1, 5], "uv": [72, 83]},
						{"origin": [-1.5, 10.5, -4.5], "size": [3, 1, 4], "uv": [75, 66]},
						{"origin": [-0.5, 10.5, -3], "size": [1, 4, 1], "pivot": [0, 12, -2], "rotation": [-15, 0, 0], "uv": [85, 83]}
					]
				},
				{
					"name": "handbrake",
					"parent": "cabinin",
					"pivot": [-1, 0, 7],
					"cubes": [
						{"origin": [-2, 10, 5], "size": [2, 2, 2], "uv": [65, 216]},
						{"origin": [-1.5, 11, 2], "size": [1, 1, 3], "uv": [135, 196]},
						{"origin": [-2, 10, 7], "size": [2, 2, 3], "pivot": [-1, 12, 7], "rotation": [-47.5, 0, 0], "uv": [156, 157]}
					]
				},
				{
					"name": "steeringwheel",
					"parent": "cabinin",
					"pivot": [-8.5, 15, -4],
					"cubes": [
						{"origin": [-10, 13.5, -5.5], "size": [3, 3, 1], "uv": [182, 15]},
						{"origin": [-9, 11.5, -5.5], "size": [1, 2, 1], "uv": [35, 118]},
						{"origin": [-7, 14.5, -5.5], "size": [1, 1, 1], "pivot": [-6, 14.5, -5], "rotation": [0, 0, -45], "uv": [177, 209]},
						{"origin": [-7.4, 14.5, -5.5], "size": [1, 1, 1], "pivot": [-6, 14.5, -5], "rotation": [0, 0, -45], "uv": [93, 209]},
						{"origin": [-7, 14.5, -5.5], "size": [2, 1, 1], "uv": [79, 113]},
						{"origin": [-12, 14.5, -5.5], "size": [2, 1, 1], "uv": [70, 113]},
						{"origin": [-11, 14.5, -5.5], "size": [1, 1, 1], "pivot": [-11, 14.5, -5], "rotation": [0, 0, 45], "uv": [163, 208]},
						{"origin": [-10.6, 14.5, -5.5], "size": [1, 1, 1], "pivot": [-11, 14.5, -5], "rotation": [0, 0, 45], "uv": [90, 208]}
					]
				},
				{
					"name": "sw1",
					"parent": "steeringwheel",
					"pivot": [-8.5, 15, -5],
					"cubes": [
						{"origin": [-9, 18.5, -5.5], "size": [1, 1, 1], "uv": [34, 208]},
						{"origin": [-9, 18.5, -5.5], "size": [1, 1, 1], "pivot": [-8.5, 15, -5], "rotation": [0, 0, 12.5], "uv": [111, 207]},
						{"origin": [-9, 18.5, -5.5], "size": [1, 1, 1], "pivot": [-8.5, 15, -5], "rotation": [0, 0, 25], "uv": [201, 43]},
						{"origin": [-9, 18.5, -5.5], "size": [1, 1, 1], "pivot": [-8.5, 15, -5], "rotation": [0, 0, 37.5], "uv": [109, 201]},
						{"origin": [-9, 18.5, -5.5], "size": [1, 1, 1], "pivot": [-8.5, 15, -5], "rotation": [0, 0, 50], "uv": [198, 172]},
						{"origin": [-9, 18.5, -5.5], "size": [1, 1, 1], "pivot": [-8.5, 15, -5], "rotation": [0, 0, 62.5], "uv": [198, 170]},
						{"origin": [-9, 18.5, -5.5], "size": [1, 1, 1], "pivot": [-8.5, 15, -5], "rotation": [0, 0, 75], "uv": [198, 168]}
					]
				},
				{
					"name": "sw2",
					"parent": "steeringwheel",
					"pivot": [-8.5, 15, -5],
					"rotation": [0, 0, 87.5],
					"cubes": [
						{"origin": [-9, 18.5, -5.5], "size": [1, 1, 1], "uv": [9, 194]},
						{"origin": [-9, 18.5, -5.5], "size": [1, 1, 1], "pivot": [-8.5, 15, -5], "rotation": [0, 0, 12.5], "uv": [0, 194]},
						{"origin": [-9, 18.5, -5.5], "size": [1, 1, 1], "pivot": [-8.5, 15, -5], "rotation": [0, 0, 25], "uv": [150, 193]},
						{"origin": [-9, 18.5, -5.5], "size": [1, 1, 1], "pivot": [-8.5, 15, -5], "rotation": [0, 0, 37.5], "uv": [28, 193]},
						{"origin": [-9, 18.5, -5.5], "size": [1, 1, 1], "pivot": [-8.5, 15, -5], "rotation": [0, 0, 50], "uv": [190, 192]},
						{"origin": [-9, 18.5, -5.5], "size": [1, 1, 1], "pivot": [-8.5, 15, -5], "rotation": [0, 0, 62.5], "uv": [144, 192]},
						{"origin": [-9, 18.5, -5.5], "size": [1, 1, 1], "pivot": [-8.5, 15, -5], "rotation": [0, 0, 75], "uv": [94, 192]}
					]
				},
				{
					"name": "sw3",
					"parent": "steeringwheel",
					"pivot": [-8.5, 15, -5],
					"rotation": [0, 0, 175],
					"cubes": [
						{"origin": [-9, 18.5, -5.5], "size": [1, 1, 1], "uv": [88, 192]},
						{"origin": [-9, 18.5, -5.5], "size": [1, 1, 1], "pivot": [-8.5, 15, -5], "rotation": [0, 0, 12.5], "uv": [17, 192]},
						{"origin": [-9, 18.5, -5.5], "size": [1, 1, 1], "pivot": [-8.5, 15, -5], "rotation": [0, 0, 25], "uv": [150, 191]},
						{"origin": [-9, 18.5, -5.5], "size": [1, 1, 1], "pivot": [-8.5, 15, -5], "rotation": [0, 0, 37.5], "uv": [190, 190]},
						{"origin": [-9, 18.5, -5.5], "size": [1, 1, 1], "pivot": [-8.5, 15, -5], "rotation": [0, 0, 50], "uv": [94, 190]},
						{"origin": [-9, 18.5, -5.5], "size": [1, 1, 1], "pivot": [-8.5, 15, -5], "rotation": [0, 0, 62.5], "uv": [88, 190]},
						{"origin": [-9, 18.5, -5.5], "size": [1, 1, 1], "pivot": [-8.5, 15, -5], "rotation": [0, 0, 75], "uv": [94, 187]}
					]
				},
				{
					"name": "sw4",
					"parent": "steeringwheel",
					"pivot": [-8.5, 15, -5],
					"rotation": [0, 0, -97.5],
					"cubes": [
						{"origin": [-9, 18.5, -5.5], "size": [1, 1, 1], "uv": [88, 187]},
						{"origin": [-9, 18.5, -5.5], "size": [1, 1, 1], "pivot": [-8.5, 15, -5], "rotation": [0, 0, 12.5], "uv": [81, 187]},
						{"origin": [-9, 18.5, -5.5], "size": [1, 1, 1], "pivot": [-8.5, 15, -5], "rotation": [0, 0, 25], "uv": [75, 187]},
						{"origin": [-9, 18.5, -5.5], "size": [1, 1, 1], "pivot": [-8.5, 15, -5], "rotation": [0, 0, 37.5], "uv": [186, 22]},
						{"origin": [-9, 18.5, -5.5], "size": [1, 1, 1], "pivot": [-8.5, 15, -5], "rotation": [0, 0, 50], "uv": [44, 186]},
						{"origin": [-9, 18.5, -5.5], "size": [1, 1, 1], "pivot": [-8.5, 15, -5], "rotation": [0, 0, 62.5], "uv": [38, 186]},
						{"origin": [-9, 18.5, -5.5], "size": [1, 1, 1], "pivot": [-8.5, 15, -5], "rotation": [0, 0, 75], "uv": [94, 185]},
						{"origin": [-9, 18.5, -5.5], "size": [1, 1, 1], "pivot": [-8.5, 15, -5], "rotation": [0, 0, 87.5], "uv": [88, 185]}
					]
				},
				{
					"name": "back",
					"pivot": [0, 0, -1],
					"cubes": [
						{"origin": [18, 4, 31], "size": [1, 1, 1], "uv": [81, 185]},
						{"origin": [18, 5, 31], "size": [1, 11, 3], "uv": [52, 195]},
						{"origin": [-19, 5, 31], "size": [1, 11, 3], "uv": [30, 118]},
						{"origin": [18, 6, 34], "size": [1, 10, 2], "uv": [65, 59]},
						{"origin": [18, 8, 36], "size": [1, 8, 1], "uv": [51, 183]},
						{"origin": [-19, 8, 36], "size": [1, 8, 1], "uv": [68, 157]},
						{"origin": [18, 8.75, 37], "size": [1, 3, 1], "uv": [100, 80]},
						{"origin": [-19, 8.75, 37], "size": [1, 3, 1], "uv": [100, 75]},
						{"origin": [-17, 8.75, 37], "size": [34, 3, 1], "uv": [0, 151]},
						{"origin": [-19, 6, 34], "size": [1, 10, 2], "uv": [59, 59]},
						{"origin": [18, 5.5, 34], "size": [1, 1, 1], "uv": [44, 184]},
						{"origin": [-19, 5.5, 34], "size": [1, 1, 1], "uv": [38, 184]},
						{"origin": [-19, 4, 31], "size": [1, 1, 1], "uv": [92, 162]},
						{"origin": [-17, 4, 31], "size": [34, 1, 1], "uv": [155, 105]},
						{"origin": [18, 5.7, 35.69], "size": [1, 3, 1], "pivot": [19, 5.7, 36.65], "rotation": [-12.5, 0, 0], "uv": [92, 80]},
						{"origin": [-18, 5.7, 35.69], "size": [36, 3, 1], "pivot": [17, 5.7, 36.65], "rotation": [-12.5, 0, 0], "uv": [150, 66]},
						{"origin": [-19, 5.7, 35.69], "size": [1, 3, 1], "pivot": [-18, 5.7, 36.65], "rotation": [-12.5, 0, 0], "uv": [92, 75]},
						{"origin": [18, 7.7, 36], "size": [1, 1, 1], "uv": [9, 160]},
						{"origin": [18, 7.2, 36], "size": [1, 1, 1], "uv": [0, 160]},
						{"origin": [-19, 7.2, 36], "size": [1, 1, 1], "uv": [116, 43]},
						{"origin": [-19, 7.7, 36], "size": [1, 1, 1], "uv": [63, 59]},
						{"origin": [18, 7.7, 37], "size": [1, 1, 2], "pivot": [19, 7.7, 37], "rotation": [20, 0, 0], "uv": [66, 220]},
						{"origin": [-18, 7.7, 37], "size": [35, 1, 2], "pivot": [17, 7.7, 37], "rotation": [20, 0, 0], "uv": [150, 70]},
						{"origin": [-19, 7.7, 37], "size": [1, 1, 2], "pivot": [-18, 7.7, 37], "rotation": [20, 0, 0], "uv": [177, 219]},
						{"origin": [18, 8.7, 38], "size": [1, 3, 1], "uv": [85, 76]},
						{"origin": [-18, 8.7, 38], "size": [36, 3, 1], "uv": [150, 62]},
						{"origin": [-19, 8.7, 38], "size": [1, 3, 1], "uv": [85, 66]},
						{"origin": [18, 8.39, 38], "size": [1, 1, 1], "uv": [29, 31]},
						{"origin": [-18, 8.39, 38], "size": [36, 1, 1], "uv": [150, 73]},
						{"origin": [-19, 8.39, 38], "size": [1, 1, 1], "uv": [29, 26]},
						{"origin": [17, 11.7, 37], "size": [2, 6, 1], "pivot": [19, 11.7, 38], "rotation": [10, 0, 0], "uv": [79, 100]},
						{"origin": [-17, 16.7, 37], "size": [34, 1, 1], "pivot": [17, 11.7, 38], "rotation": [10, 0, 0], "uv": [155, 103]},
						{"origin": [10, 13.7, 37], "size": [7, 3, 1], "pivot": [17, 11.7, 38], "rotation": [10, 0, 0], "uv": [200, 50]},
						{"origin": [8, 13.7, 37], "size": [2, 3, 1], "pivot": [15, 11.7, 38], "rotation": [10, 0, 0], "uv": [179, 25]},
						{"origin": [-10, 13.7, 37], "size": [2, 3, 1], "pivot": [-3, 11.7, 38], "rotation": [10, 0, 0], "uv": [98, 119]},
						{"origin": [8, 11.7, 37], "size": [2, 1, 1], "pivot": [15, 11.7, 38], "rotation": [10, 0, 0], "uv": [105, 13]},
						{"origin": [-10, 11.7, 37], "size": [2, 1, 1], "pivot": [-3, 11.7, 38], "rotation": [10, 0, 0], "uv": [105, 5]},
						{"origin": [-17, 13.7, 37], "size": [7, 3, 1], "pivot": [-8, 11.7, 38], "rotation": [10, 0, 0], "uv": [197, 190]},
						{"origin": [10, 11.7, 37], "size": [7, 1, 1], "pivot": [17, 11.7, 38], "rotation": [10, 0, 0], "uv": [148, 187]},
						{"origin": [8, 12.7, 37], "size": [9, 1, 1], "pivot": [17, 11.7, 38], "rotation": [10, 0, 0], "uv": [193, 85]},
						{"origin": [-17, 12.7, 37], "size": [9, 1, 1], "pivot": [-8, 11.7, 38], "rotation": [10, 0, 0], "uv": [193, 83]},
						{"origin": [-8, 11.7, 37], "size": [16, 1, 1], "pivot": [9, 11.7, 38], "rotation": [10, 0, 0], "uv": [30, 116]},
						{"origin": [7, 12.7, 37], "size": [1, 4, 1], "pivot": [9, 11.7, 38], "rotation": [10, 0, 0], "uv": [52, 59]},
						{"origin": [-8, 12.7, 37], "size": [1, 4, 1], "pivot": [-6, 11.7, 38], "rotation": [10, 0, 0], "uv": [35, 59]},
						{"origin": [-8, 12.7, 36.5], "size": [16, 4, 1], "pivot": [9, 11.7, 38], "rotation": [10, 0, 0], "uv": [70, 95]},
						{"origin": [-17, 11.7, 37], "size": [7, 1, 1], "pivot": [-8, 11.7, 38], "rotation": [10, 0, 0], "uv": [77, 163]},
						{"origin": [-19, 11.7, 37], "size": [2, 6, 1], "pivot": [-18, 11.7, 38], "rotation": [10, 0, 0], "uv": [70, 100]},
						{"origin": [18, 4, 32], "size": [1, 1, 5], "pivot": [19, 4, 32], "rotation": [20, 0, 0], "uv": [0, 40]},
						{"origin": [-18, 4, 32], "size": [36, 1, 5], "pivot": [17, 4, 32], "rotation": [20, 0, 0], "uv": [105, 17]},
						{"origin": [-19, 4, 32], "size": [1, 1, 5], "pivot": [-18, 4, 32], "rotation": [20, 0, 0], "uv": [0, 34]},
						{"origin": [11.5, 6, 22], "size": [5, 2, 2], "uv": [35, 190]},
						{"origin": [-16.5, 6, 22], "size": [5, 2, 2], "uv": [110, 98]}
					]
				},
				{
					"name": "spoiler",
					"parent": "back",
					"pivot": [0, 0, -1],
					"cubes": [
						{"origin": [17, 18, 27], "size": [1, 1, 11], "pivot": [18, 18, 30], "rotation": [20, 0, 0], "uv": [179, 13]},
						{"origin": [-18, 18, 27], "size": [1, 1, 11], "pivot": [-17, 18, 30], "rotation": [20, 0, 0], "uv": [25, 178]},
						{"origin": [-17.9, 18, 27], "size": [1, 1, 11], "pivot": [-17, 18, 30], "rotation": [20, 0, 0], "uv": [64, 157]},
						{"origin": [16.9, 18, 27], "size": [1, 1, 11], "pivot": [-15, 18, 30], "rotation": [20, 0, 0], "uv": [97, 91]},
						{"origin": [-17, 18, 27], "size": [34, 1, 11], "pivot": [-15, 18, 30], "rotation": [20, 0, 0], "uv": [0, 47]},
						{"origin": [16.9, 20.55, 35.9], "size": [1, 2, 3], "pivot": [18, 20, 38], "rotation": [90, 0, 0], "uv": [145, 157]},
						{"origin": [16.9, 18.4, 36.6], "size": [1, 1, 1], "pivot": [18, 18, 38], "rotation": [55, 0, 0], "uv": [29, 23]},
						{"origin": [-17.9, 18.4, 36.6], "size": [1, 1, 1], "pivot": [-17, 18, 38], "rotation": [55, 0, 0], "uv": [29, 29]},
						{"origin": [-17.1, 18.4, 36.6], "size": [34, 1, 1], "pivot": [17, 18, 38], "rotation": [55, 0, 0], "uv": [138, 155]},
						{"origin": [-17.9, 20.55, 35.9], "size": [1, 2, 3], "pivot": [-17, 20, 38], "rotation": [90, 0, 0], "uv": [97, 34]},
						{"origin": [-16.9, 20.55, 35.9], "size": [34, 2, 3], "pivot": [-15, 20, 38], "rotation": [90, 0, 0], "uv": [0, 146]},
						{"origin": [-17.9, 20.55, 33.9], "size": [1, 5, 1], "pivot": [16, 20, 36], "rotation": [90, 0, 0], "uv": [116, 56]},
						{"origin": [16.9, 20.55, 33.9], "size": [1, 5, 1], "pivot": [51, 20, 36], "rotation": [90, 0, 0], "uv": [73, 82]},
						{"origin": [-17.9, 21.55, 33.9], "size": [1, 3, 1], "pivot": [16, 21, 36], "rotation": [90, 0, 0], "uv": [29, 82]},
						{"origin": [16.9, 21.55, 33.9], "size": [1, 3, 1], "pivot": [18, 21, 36], "rotation": [90, 0, 0], "uv": [75, 66]}
					]
				},
				{
					"name": "backtireguard",
					"parent": "back",
					"pivot": [8, 0, -2],
					"cubes": [
						{"origin": [18, 9, 15], "size": [1, 6, 1], "uv": [79, 217]},
						{"origin": [18, 4, 10], "size": [1, 13, 5], "pivot": [19, 10, 15], "rotation": [0, 12.5, 0], "uv": [28, 190]},
						{"origin": [-19, 9, 15], "size": [1, 6, 1], "uv": [26, 217]},
						{"origin": [-19, 4, 10], "size": [1, 13, 5], "pivot": [-19, 12, 15], "rotation": [0, -12.5, 0], "uv": [16, 189]},
						{"origin": [-19, 9, 30], "size": [1, 6, 1], "uv": [138, 216]},
						{"origin": [18, 9, 30], "size": [1, 6, 1], "uv": [209, 215]},
						{"origin": [18, 11, 29], "size": [1, 4, 1], "uv": [7, 40]},
						{"origin": [18, 11, 16], "size": [1, 4, 1], "uv": [0, 40]},
						{"origin": [-19, 11, 16], "size": [1, 4, 1], "uv": [7, 34]},
						{"origin": [-19, 11, 29], "size": [1, 4, 1], "uv": [0, 34]},
						{"origin": [18, 12, 17], "size": [1, 3, 1], "uv": [6, 53]},
						{"origin": [-19, 12, 17], "size": [1, 3, 1], "uv": [0, 53]},
						{"origin": [-19, 12, 28], "size": [1, 3, 1], "uv": [6, 47]},
						{"origin": [18, 12, 28], "size": [1, 3, 1], "uv": [0, 47]},
						{"origin": [18, 13, 27], "size": [1, 2, 1], "uv": [116, 49]},
						{"origin": [18, 13, 18], "size": [1, 2, 1], "uv": [102, 39]},
						{"origin": [-19, 13, 18], "size": [1, 2, 1], "uv": [102, 34]},
						{"origin": [-19, 13, 27], "size": [1, 2, 1], "uv": [52, 77]},
						{"origin": [18, 14, 19], "size": [1, 1, 2], "uv": [14, 219]},
						{"origin": [-19, 14, 19], "size": [1, 1, 2], "uv": [202, 218]},
						{"origin": [-19, 14, 25], "size": [1, 1, 2], "uv": [124, 192]},
						{"origin": [18, 14, 25], "size": [1, 1, 2], "uv": [119, 157]},
						{"origin": [18, 15, 15], "size": [1, 1, 16], "uv": [148, 174]},
						{"origin": [-19, 15, 15], "size": [1, 1, 16], "uv": [79, 34]}
					]
				},
				{
					"name": "hexadecagon2",
					"parent": "backtireguard",
					"pivot": [27, -1, -5],
					"cubes": [
						{"origin": [-19, 3.4087, 15], "size": [7, 5.1826, 1], "uv": [148, 174]},
						{"origin": [-19, 3, 15], "size": [7, 1.1826, 1], "uv": [156, 128]},
						{"origin": [12, 3, 15], "size": [7, 1.1826, 1], "uv": [79, 47]},
						{"origin": [-19, 5.4087, 15], "size": [7, 3.1826, 1], "pivot": [19, 7, 23], "rotation": [-22.5, 0, 0], "uv": [197, 175]},
						{"origin": [-19, 5.4087, 15], "size": [7, 3.1826, 1], "pivot": [19, 7, 23], "rotation": [-45, 0, 0], "uv": [197, 95]},
						{"origin": [-19, 5.4087, 30], "size": [7, 3.1826, 1], "pivot": [19, 7, 23], "rotation": [45, 0, 0], "uv": [197, 7]},
						{"origin": [-19, 5.4087, 30], "size": [7, 3.1826, 1], "pivot": [19, 7, 23], "rotation": [22.5, 0, 0], "uv": [195, 132]},
						{"origin": [-19, 2.4087, 30], "size": [6, 6.1826, 1], "uv": [155, 198]},
						{"origin": [-19, 14, 21.4087], "size": [7, 1, 3.1826], "pivot": [19, 7, 23], "rotation": [22.5, 0, 0], "uv": [193, 75]},
						{"origin": [-19, 14, 21.4087], "size": [7, 1, 3.1826], "uv": [192, 20]},
						{"origin": [-19, 14, 21.4087], "size": [7, 1, 3.1826], "pivot": [19, 7, 23], "rotation": [-22.5, 0, 0], "uv": [127, 192]}
					]
				},
				{
					"name": "hexadecagon3",
					"parent": "backtireguard",
					"pivot": [58, -1, -5],
					"cubes": [
						{"origin": [12, 3.4087, 15], "size": [7, 5.1826, 1], "uv": [77, 157]},
						{"origin": [12, 5.4087, 15], "size": [7, 3.1826, 1], "pivot": [50, 7, 23], "rotation": [-22.5, 0, 0], "uv": [195, 46]},
						{"origin": [12, 5.4087, 15], "size": [7, 3.1826, 1], "pivot": [50, 7, 23], "rotation": [-45, 0, 0], "uv": [166, 185]},
						{"origin": [12, 5.4087, 30], "size": [7, 3.1826, 1], "pivot": [50, 7, 23], "rotation": [45, 0, 0], "uv": [98, 168]},
						{"origin": [12, 5.4087, 30], "size": [7, 3.1826, 1], "pivot": [50, 7, 23], "rotation": [22.5, 0, 0], "uv": [108, 82]},
						{"origin": [12, 2.4087, 30], "size": [7, 6.1826, 1], "uv": [108, 75]},
						{"origin": [12, 14, 21.4087], "size": [7, 1, 3.1826], "pivot": [50, 7, 23], "rotation": [22.5, 0, 0], "uv": [187, 164]},
						{"origin": [12, 14, 21.4087], "size": [7, 1, 3.1826], "uv": [127, 93]},
						{"origin": [12, 14, 21.4087], "size": [7, 1, 3.1826], "pivot": [50, 7, 23], "rotation": [-22.5, 0, 0], "uv": [35, 77]}
					]
				},
				{
					"name": "exhaust",
					"parent": "back",
					"pivot": [0, 0, -1],
					"cubes": [
						{"origin": [-15, 5, 35.5], "size": [1, 1, 2], "uv": [22, 128]},
						{"origin": [-15, 6, 35], "size": [1, 1, 3], "pivot": [-14.5, 5.5, 37], "rotation": [0, 0, 5], "uv": [156, 180]},
						{"origin": [-15, 6, 35], "size": [1, 1, 3], "pivot": [-14.5, 5.5, 37], "rotation": [0, 0, 37.5], "uv": [145, 162]},
						{"origin": [-15, 6, 34], "size": [1, 1, 4], "pivot": [-14.5, 5.5, 37], "rotation": [0, 0, 75], "uv": [79, 76]},
						{"origin": [-15, 6, 32], "size": [1, 1, 6], "pivot": [-14.5, 5.5, 37], "rotation": [0, 0, 112.5], "uv": [197, 168]},
						{"origin": [-15, 6, 32], "size": [1, 1, 6], "pivot": [-14.5, 5.5, 37], "rotation": [0, 0, 150], "uv": [197, 88]},
						{"origin": [-15, 6, 32], "size": [1, 1, 6], "pivot": [-14.5, 5.5, 37], "rotation": [0, 0, -172.5], "uv": [197, 0]},
						{"origin": [-15, 6, 32], "size": [1, 1, 6], "pivot": [-14.5, 5.5, 37], "rotation": [0, 0, -135], "uv": [101, 197]},
						{"origin": [-15, 6, 32], "size": [1, 1, 6], "pivot": [-14.5, 5.5, 37], "rotation": [0, 0, -97.5], "uv": [84, 197]},
						{"origin": [-15, 6, 32], "size": [1, 1, 6], "pivot": [-14.5, 5.5, 37], "rotation": [0, 0, -60], "uv": [70, 197]},
						{"origin": [-15, 6, 32], "size": [1, 1, 6], "pivot": [-14.5, 5.5, 37], "rotation": [0, 0, -25], "uv": [127, 196]}
					]
				},
				{
					"name": "exhaust2",
					"parent": "back",
					"pivot": [3, 0, -1],
					"cubes": [
						{"origin": [-12, 5, 35.5], "size": [1, 1, 2], "uv": [62, 116]},
						{"origin": [-12, 6, 35], "size": [1, 1, 3], "pivot": [-11.5, 5.5, 37], "rotation": [0, 0, 5], "uv": [117, 86]},
						{"origin": [-12, 6, 35], "size": [1, 1, 3], "pivot": [-11.5, 5.5, 37], "rotation": [0, 0, 37.5], "uv": [97, 39]},
						{"origin": [-12, 6, 34], "size": [1, 1, 4], "pivot": [-11.5, 5.5, 37], "rotation": [0, 0, 75], "uv": [0, 53]},
						{"origin": [-12, 6, 32], "size": [1, 1, 6], "pivot": [-11.5, 5.5, 37], "rotation": [0, 0, 112.5], "uv": [93, 196]},
						{"origin": [-12, 6, 32], "size": [1, 1, 6], "pivot": [-11.5, 5.5, 37], "rotation": [0, 0, 150], "uv": [148, 180]},
						{"origin": [-12, 6, 32], "size": [1, 1, 6], "pivot": [-11.5, 5.5, 37], "rotation": [0, 0, -172.5], "uv": [82, 165]},
						{"origin": [-12, 6, 32], "size": [1, 1, 6], "pivot": [-11.5, 5.5, 37], "rotation": [0, 0, -135], "uv": [98, 117]},
						{"origin": [-12, 6, 32], "size": [1, 1, 6], "pivot": [-11.5, 5.5, 37], "rotation": [0, 0, -97.5], "uv": [110, 91]},
						{"origin": [-12, 6, 32], "size": [1, 1, 6], "pivot": [-11.5, 5.5, 37], "rotation": [0, 0, -60], "uv": [80, 34]},
						{"origin": [-12, 6, 32], "size": [1, 1, 6], "pivot": [-11.5, 5.5, 37], "rotation": [0, 0, -25], "uv": [75, 59]}
					]
				},
				{
					"name": "fronttires",
					"pivot": [0, 7, -26]
				},
				{
					"name": "fronttire1",
					"parent": "fronttires",
					"pivot": [18, 7, -26]
				},
				{
					"name": "ftl",
					"parent": "fronttire1",
					"pivot": [27, -1, -34],
					"cubes": [
						{"origin": [14.5, 5.60761, -33], "size": [5, 2.78477, 1.6], "pivot": [19, 7, -26], "rotation": [45, 0, 0], "uv": [84, 214]},
						{"origin": [14.5, 5.60761, -33], "size": [5, 2.78477, 1.6], "pivot": [19, 7, -26], "rotation": [22.5, 0, 0], "uv": [72, 214]},
						{"origin": [14.5, 5.60761, -33], "size": [5, 2.78477, 1.6], "uv": [44, 214]},
						{"origin": [14.5, 5.60761, -33], "size": [5, 2.78477, 1.6], "pivot": [19, 7, -26], "rotation": [-22.5, 0, 0], "uv": [213, 191]},
						{"origin": [14.5, 5.60761, -33], "size": [5, 2.78477, 1.6], "pivot": [19, 7, -26], "rotation": [-45, 0, 0], "uv": [213, 176]},
						{"origin": [14.5, 5.60761, -20.6], "size": [5, 2.78477, 1.6], "pivot": [19, 7, -26], "rotation": [45, 0, 0], "uv": [213, 109]},
						{"origin": [14.5, 5.60761, -20.6], "size": [5, 2.78477, 1.6], "pivot": [19, 7, -26], "rotation": [22.5, 0, 0], "uv": [213, 6]},
						{"origin": [14.5, 5.60761, -20.6], "size": [5, 2.78477, 1.6], "uv": [165, 213]},
						{"origin": [14.5, 5.60761, -20.6], "size": [5, 2.78477, 1.6], "pivot": [19, 7, -26], "rotation": [-22.5, 0, 0], "uv": [113, 213]},
						{"origin": [14.5, 5.60761, -20.6], "size": [5, 2.78477, 1.6], "pivot": [19, 7, -26], "rotation": [-45, 0, 0], "uv": [101, 213]},
						{"origin": [14.5, 0, -27.39239], "size": [5, 1.6, 2.78477], "pivot": [19, 7, -26], "rotation": [22.5, 0, 0], "uv": [206, 147]},
						{"origin": [14.5, 0, -27.39239], "size": [5, 1.6, 2.78477], "uv": [206, 144]},
						{"origin": [14.5, 0, -27.39239], "size": [5, 1.6, 2.78477], "pivot": [19, 7, -26], "rotation": [-22.5, 0, 0], "uv": [206, 141]},
						{"origin": [14.5, 12.4, -27.39239], "size": [5, 1.6, 2.78477], "pivot": [19, 7, -26], "rotation": [22.5, 0, 0], "uv": [200, 206]},
						{"origin": [14.5, 12.4, -27.39239], "size": [5, 1.6, 2.78477], "uv": [0, 206]},
						{"origin": [14.5, 12.4, -27.39239], "size": [5, 1.6, 2.78477], "pivot": [19, 7, -26], "rotation": [-22.5, 0, 0], "uv": [205, 170]}
					]
				},
				{
					"name": "frl",
					"parent": "fronttire1",
					"pivot": [26, -1, -34],
					"cubes": [
						{"origin": [15, 5.92587, -31.4], "size": [4, 2.14825, 1], "pivot": [18, 7, -26], "rotation": [45, 0, 0], "uv": [216, 159]},
						{"origin": [15, 5.92587, -31.4], "size": [4, 2.14825, 1], "pivot": [18, 7, -26], "rotation": [22.5, 0, 0], "uv": [216, 124]},
						{"origin": [15, 5.92587, -31.4], "size": [4, 2.14825, 1], "uv": [216, 121]},
						{"origin": [15, 5.92587, -31.4], "size": [4, 2.14825, 1], "pivot": [18, 7, -26], "rotation": [-22.5, 0, 0], "uv": [216, 118]},
						{"origin": [15, 5.92587, -31.4], "size": [4, 2.14825, 1], "pivot": [18, 7, -26], "rotation": [-45, 0, 0], "uv": [216, 49]},
						{"origin": [15, 5.92587, -21.6], "size": [4, 2.14825, 1], "pivot": [18, 7, -26], "rotation": [45, 0, 0], "uv": [216, 42]},
						{"origin": [15, 5.92587, -21.6], "size": [4, 2.14825, 1], "pivot": [18, 7, -26], "rotation": [22.5, 0, 0], "uv": [216, 30]},
						{"origin": [15, 5.92587, -21.6], "size": [4, 2.14825, 1], "uv": [163, 216]},
						{"origin": [15, 5.92587, -21.6], "size": [4, 2.14825, 1], "pivot": [18, 7, -26], "rotation": [-22.5, 0, 0], "uv": [110, 216]},
						{"origin": [15, 5.92587, -21.6], "size": [4, 2.14825, 1], "pivot": [18, 7, -26], "rotation": [-45, 0, 0], "uv": [100, 216]},
						{"origin": [15, 1.6, -27.07413], "size": [4, 1, 2.14825], "pivot": [18, 7, -26], "rotation": [22.5, 0, 0], "uv": [60, 213]},
						{"origin": [15, 1.6, -27.07413], "size": [4, 1, 2.14825], "uv": [32, 213]},
						{"origin": [15, 1.6, -27.07413], "size": [4, 1, 2.14825], "pivot": [18, 7, -26], "rotation": [-22.5, 0, 0], "uv": [10, 213]},
						{"origin": [15, 11.4, -27.07413], "size": [4, 1, 2.14825], "pivot": [18, 7, -26], "rotation": [22.5, 0, 0], "uv": [212, 83]},
						{"origin": [15, 11.4, -27.07413], "size": [4, 1, 2.14825], "uv": [143, 212]},
						{"origin": [15, 11.4, -27.07413], "size": [4, 1, 2.14825], "pivot": [18, 7, -26], "rotation": [-22.5, 0, 0], "uv": [211, 97]}
					]
				},
				{
					"name": "fal",
					"parent": "fronttire1",
					"pivot": [1, 0, 0],
					"cubes": [
						{"origin": [16, 8, -26.5], "size": [2, 4, 1], "uv": [73, 217]},
						{"origin": [16, 8, -26.5], "size": [2, 4, 1], "pivot": [18, 7, -26], "rotation": [45, 0, 0], "uv": [47, 217]},
						{"origin": [16, 8, -26.5], "size": [2, 4, 1], "pivot": [18, 7, -26], "rotation": [90, 0, 0], "uv": [41, 217]},
						{"origin": [16, 8, -26.5], "size": [2, 4, 1], "pivot": [18, 7, -26], "rotation": [135, 0, 0], "uv": [20, 217]},
						{"origin": [16, 8, -26.5], "size": [2, 4, 1], "pivot": [18, 7, -26], "rotation": [180, 0, 0], "uv": [216, 179]},
						{"origin": [16, 8, -26.5], "size": [2, 4, 1], "pivot": [18, 7, -26], "rotation": [-135, 0, 0], "uv": [182, 216]},
						{"origin": [16, 8, -26.5], "size": [2, 4, 1], "pivot": [18, 7, -26], "rotation": [-90, 0, 0], "uv": [197, 88]},
						{"origin": [16, 8, -26.5], "size": [2, 4, 1], "pivot": [18, 7, -26], "rotation": [-45, 0, 0], "uv": [197, 0]}
					]
				},
				{
					"name": "fbl",
					"parent": "fronttire1",
					"pivot": [25, -1, -34],
					"cubes": [
						{"origin": [14.5, 6.40326, -29], "size": [3, 1.19347, 1], "pivot": [17, 7, -26], "rotation": [45, 0, 0], "uv": [7, 221]},
						{"origin": [14.5, 6.40326, -29], "size": [3, 1.19347, 1], "pivot": [17, 7, -26], "rotation": [22.5, 0, 0], "uv": [220, 218]},
						{"origin": [14.5, 6.40326, -29], "size": [3, 1.19347, 1], "uv": [220, 184]},
						{"origin": [14.5, 6.40326, -29], "size": [3, 1.19347, 1], "pivot": [17, 7, -26], "rotation": [-22.5, 0, 0], "uv": [220, 142]},
						{"origin": [14.5, 6.40326, -29], "size": [3, 1.19347, 1], "pivot": [17, 7, -26], "rotation": [-45, 0, 0], "uv": [220, 127]},
						{"origin": [14.5, 6.40326, -24], "size": [3, 1.19347, 1], "pivot": [17, 7, -26], "rotation": [45, 0, 0], "uv": [220, 19]},
						{"origin": [14.5, 6.40326, -24], "size": [3, 1.19347, 1], "pivot": [17, 7, -26], "rotation": [22.5, 0, 0], "uv": [220, 220]},
						{"origin": [14.5, 6.40326, -24], "size": [3, 1.19347, 1], "uv": [195, 220]},
						{"origin": [14.5, 6.40326, -24], "size": [3, 1.19347, 1], "pivot": [17, 7, -26], "rotation": [-22.5, 0, 0], "uv": [187, 220]},
						{"origin": [14.5, 6.40326, -24], "size": [3, 1.19347, 1], "pivot": [17, 7, -26], "rotation": [-45, 0, 0], "uv": [142, 220]},
						{"origin": [14.5, 4, -26.59674], "size": [3, 1, 1.19347], "pivot": [17, 7, -26], "rotation": [22.5, 0, 0], "uv": [114, 220]},
						{"origin": [14.5, 4, -26.59674], "size": [3, 1, 1.19347], "uv": [60, 220]},
						{"origin": [14.5, 4, -26.59674], "size": [3, 1, 1.19347], "pivot": [17, 7, -26], "rotation": [-22.5, 0, 0], "uv": [0, 220]},
						{"origin": [14.5, 9, -26.59674], "size": [3, 1, 1.19347], "pivot": [17, 7, -26], "rotation": [22.5, 0, 0], "uv": [219, 168]},
						{"origin": [14.5, 9, -26.59674], "size": [3, 1, 1.19347], "uv": [219, 154]},
						{"origin": [14.5, 9, -26.59674], "size": [3, 1, 1.19347], "pivot": [17, 7, -26], "rotation": [-22.5, 0, 0], "uv": [219, 133]}
					]
				},
				{
					"name": "fronttire2",
					"parent": "fronttires",
					"pivot": [-18, 7, -26]
				},
				{
					"name": "ftr",
					"parent": "fronttire2",
					"pivot": [-7, -1, -34],
					"cubes": [
						{"origin": [-19.5, 5.60761, -33], "size": [5, 2.78477, 1.6], "pivot": [-15, 7, -26], "rotation": [45, 0, 0], "uv": [212, 188]},
						{"origin": [-19.5, 5.60761, -33], "size": [5, 2.78477, 1.6], "pivot": [-15, 7, -26], "rotation": [22.5, 0, 0], "uv": [212, 173]},
						{"origin": [-19.5, 5.60761, -33], "size": [5, 2.78477, 1.6], "uv": [212, 93]},
						{"origin": [-19.5, 5.60761, -33], "size": [5, 2.78477, 1.6], "pivot": [-15, 7, -26], "rotation": [-22.5, 0, 0], "uv": [212, 10]},
						{"origin": [-19.5, 5.60761, -33], "size": [5, 2.78477, 1.6], "pivot": [-15, 7, -26], "rotation": [-45, 0, 0], "uv": [202, 212]},
						{"origin": [-19.5, 5.60761, -20.6], "size": [5, 2.78477, 1.6], "pivot": [-15, 7, -26], "rotation": [45, 0, 0], "uv": [190, 212]},
						{"origin": [-19.5, 5.60761, -20.6], "size": [5, 2.78477, 1.6], "pivot": [-15, 7, -26], "rotation": [22.5, 0, 0], "uv": [0, 212]},
						{"origin": [-19.5, 5.60761, -20.6], "size": [5, 2.78477, 1.6], "uv": [211, 46]},
						{"origin": [-19.5, 5.60761, -20.6], "size": [5, 2.78477, 1.6], "pivot": [-15, 7, -26], "rotation": [-22.5, 0, 0], "uv": [154, 211]},
						{"origin": [-19.5, 5.60761, -20.6], "size": [5, 2.78477, 1.6], "pivot": [-15, 7, -26], "rotation": [-45, 0, 0], "uv": [82, 211]},
						{"origin": [-19.5, 0, -27.39239], "size": [5, 1.6, 2.78477], "pivot": [-15, 7, -26], "rotation": [22.5, 0, 0], "uv": [205, 167]},
						{"origin": [-19.5, 0, -27.39239], "size": [5, 1.6, 2.78477], "uv": [205, 90]},
						{"origin": [-19.5, 0, -27.39239], "size": [5, 1.6, 2.78477], "pivot": [-15, 7, -26], "rotation": [-22.5, 0, 0], "uv": [205, 87]},
						{"origin": [-19.5, 12.4, -27.39239], "size": [5, 1.6, 2.78477], "pivot": [-15, 7, -26], "rotation": [22.5, 0, 0], "uv": [205, 27]},
						{"origin": [-19.5, 12.4, -27.39239], "size": [5, 1.6, 2.78477], "uv": [205, 24]},
						{"origin": [-19.5, 12.4, -27.39239], "size": [5, 1.6, 2.78477], "pivot": [-15, 7, -26], "rotation": [-22.5, 0, 0], "uv": [205, 3]}
					]
				},
				{
					"name": "frr",
					"parent": "fronttire2",
					"pivot": [-8, -1, -34],
					"cubes": [
						{"origin": [-19, 5.92587, -31.4], "size": [4, 2.14825, 1], "pivot": [-16, 7, -26], "rotation": [45, 0, 0], "uv": [55, 216]},
						{"origin": [-19, 5.92587, -31.4], "size": [4, 2.14825, 1], "pivot": [-16, 7, -26], "rotation": [22.5, 0, 0], "uv": [31, 216]},
						{"origin": [-19, 5.92587, -31.4], "size": [4, 2.14825, 1], "uv": [10, 216]},
						{"origin": [-19, 5.92587, -31.4], "size": [4, 2.14825, 1], "pivot": [-16, 7, -26], "rotation": [-22.5, 0, 0], "uv": [215, 201]},
						{"origin": [-19, 5.92587, -31.4], "size": [4, 2.14825, 1], "pivot": [-16, 7, -26], "rotation": [-45, 0, 0], "uv": [215, 196]},
						{"origin": [-19, 5.92587, -21.6], "size": [4, 2.14825, 1], "pivot": [-16, 7, -26], "rotation": [45, 0, 0], "uv": [215, 156]},
						{"origin": [-19, 5.92587, -21.6], "size": [4, 2.14825, 1], "pivot": [-16, 7, -26], "rotation": [22.5, 0, 0], "uv": [215, 112]},
						{"origin": [-19, 5.92587, -21.6], "size": [4, 2.14825, 1], "uv": [215, 78]},
						{"origin": [-19, 5.92587, -21.6], "size": [4, 2.14825, 1], "pivot": [-16, 7, -26], "rotation": [-22.5, 0, 0], "uv": [215, 57]},
						{"origin": [-19, 5.92587, -21.6], "size": [4, 2.14825, 1], "pivot": [-16, 7, -26], "rotation": [-45, 0, 0], "uv": [215, 53]},
						{"origin": [-19, 1.6, -27.07413], "size": [4, 1, 2.14825], "pivot": [-16, 7, -26], "rotation": [22.5, 0, 0], "uv": [50, 211]},
						{"origin": [-19, 1.6, -27.07413], "size": [4, 1, 2.14825], "uv": [22, 211]},
						{"origin": [-19, 1.6, -27.07413], "size": [4, 1, 2.14825], "pivot": [-16, 7, -26], "rotation": [-22.5, 0, 0], "uv": [210, 185]},
						{"origin": [-19, 11.4, -27.07413], "size": [4, 1, 2.14825], "pivot": [-16, 7, -26], "rotation": [22.5, 0, 0], "uv": [70, 210]},
						{"origin": [-19, 11.4, -27.07413], "size": [4, 1, 2.14825], "uv": [209, 134]},
						{"origin": [-19, 11.4, -27.07413], "size": [4, 1, 2.14825], "pivot": [-16, 7, -26], "rotation": [-22.5, 0, 0], "uv": [143, 209]}
					]
				},
				{
					"name": "far",
					"parent": "fronttire2",
					"pivot": [-34, 0, 0],
					"cubes": [
						{"origin": [-18, 8, -26.5], "size": [2, 4, 1], "uv": [92, 197]},
						{"origin": [-18, 8, -26.5], "size": [2, 4, 1], "pivot": [-17, 7, -26], "rotation": [45, 0, 0], "uv": [127, 196]},
						{"origin": [-18, 8, -26.5], "size": [2, 4, 1], "pivot": [-17, 7, -26], "rotation": [90, 0, 0], "uv": [109, 196]},
						{"origin": [-18, 8, -26.5], "size": [2, 4, 1], "pivot": [-17, 7, -26], "rotation": [135, 0, 0], "uv": [101, 196]},
						{"origin": [-18, 8, -26.5], "size": [2, 4, 1], "pivot": [-17, 7, -26], "rotation": [180, 0, 0], "uv": [0, 189]},
						{"origin": [-18, 8, -26.5], "size": [2, 4, 1], "pivot": [-17, 7, -26], "rotation": [-135, 0, 0], "uv": [187, 157]},
						{"origin": [-18, 8, -26.5], "size": [2, 4, 1], "pivot": [-17, 7, -26], "rotation": [-90, 0, 0], "uv": [148, 180]},
						{"origin": [-18, 8, -26.5], "size": [2, 4, 1], "pivot": [-17, 7, -26], "rotation": [-45, 0, 0], "uv": [90, 165]}
					]
				},
				{
					"name": "fbr",
					"parent": "fronttire2",
					"pivot": [-7, -1, -34],
					"cubes": [
						{"origin": [-17.5, 6.40326, -29], "size": [3, 1.19347, 1], "pivot": [-15, 7, -26], "rotation": [45, 0, 0], "uv": [219, 88]},
						{"origin": [-17.5, 6.40326, -29], "size": [3, 1.19347, 1], "pivot": [-15, 7, -26], "rotation": [22.5, 0, 0], "uv": [219, 25]},
						{"origin": [-17.5, 6.40326, -29], "size": [3, 1.19347, 1], "uv": [213, 219]},
						{"origin": [-17.5, 6.40326, -29], "size": [3, 1.19347, 1], "pivot": [-15, 7, -26], "rotation": [-22.5, 0, 0], "uv": [171, 219]},
						{"origin": [-17.5, 6.40326, -29], "size": [3, 1.19347, 1], "pivot": [-15, 7, -26], "rotation": [-45, 0, 0], "uv": [163, 219]},
						{"origin": [-17.5, 6.40326, -24], "size": [3, 1.19347, 1], "pivot": [-15, 7, -26], "rotation": [45, 0, 0], "uv": [149, 219]},
						{"origin": [-17.5, 6.40326, -24], "size": [3, 1.19347, 1], "pivot": [-15, 7, -26], "rotation": [22.5, 0, 0], "uv": [107, 219]},
						{"origin": [-17.5, 6.40326, -24], "size": [3, 1.19347, 1], "uv": [99, 219]},
						{"origin": [-17.5, 6.40326, -24], "size": [3, 1.19347, 1], "pivot": [-15, 7, -26], "rotation": [-22.5, 0, 0], "uv": [53, 219]},
						{"origin": [-17.5, 6.40326, -24], "size": [3, 1.19347, 1], "pivot": [-15, 7, -26], "rotation": [-45, 0, 0], "uv": [30, 219]},
						{"origin": [-17.5, 4, -26.59674], "size": [3, 1, 1.19347], "pivot": [-15, 7, -26], "rotation": [22.5, 0, 0], "uv": [7, 219]},
						{"origin": [-17.5, 4, -26.59674], "size": [3, 1, 1.19347], "uv": [218, 204]},
						{"origin": [-17.5, 4, -26.59674], "size": [3, 1, 1.19347], "pivot": [-15, 7, -26], "rotation": [-22.5, 0, 0], "uv": [218, 150]},
						{"origin": [-17.5, 9, -26.59674], "size": [3, 1, 1.19347], "pivot": [-15, 7, -26], "rotation": [22.5, 0, 0], "uv": [218, 147]},
						{"origin": [-17.5, 9, -26.59674], "size": [3, 1, 1.19347], "uv": [218, 144]},
						{"origin": [-17.5, 9, -26.59674], "size": [3, 1, 1.19347], "pivot": [-15, 7, -26], "rotation": [-22.5, 0, 0], "uv": [218, 140]}
					]
				},
				{
					"name": "backtires",
					"pivot": [0, 7, 23]
				},
				{
					"name": "backtire1",
					"parent": "backtires",
					"pivot": [17, 7, 23]
				},
				{
					"name": "btl",
					"parent": "backtire1",
					"pivot": [27, -1, 15],
					"cubes": [
						{"origin": [14.5, 5.60761, 16], "size": [5, 2.78477, 1.6], "pivot": [19, 7, 23], "rotation": [45, 0, 0], "uv": [210, 130]},
						{"origin": [14.5, 5.60761, 16], "size": [5, 2.78477, 1.6], "pivot": [19, 7, 23], "rotation": [22.5, 0, 0], "uv": [210, 75]},
						{"origin": [14.5, 5.60761, 16], "size": [5, 2.78477, 1.6], "uv": [113, 210]},
						{"origin": [14.5, 5.60761, 16], "size": [5, 2.78477, 1.6], "pivot": [19, 7, 23], "rotation": [-22.5, 0, 0], "uv": [101, 210]},
						{"origin": [14.5, 5.60761, 16], "size": [5, 2.78477, 1.6], "pivot": [19, 7, 23], "rotation": [-45, 0, 0], "uv": [12, 210]},
						{"origin": [14.5, 5.60761, 28.4], "size": [5, 2.78477, 1.6], "pivot": [19, 7, 23], "rotation": [45, 0, 0], "uv": [209, 20]},
						{"origin": [14.5, 5.60761, 28.4], "size": [5, 2.78477, 1.6], "pivot": [19, 7, 23], "rotation": [22.5, 0, 0], "uv": [202, 209]},
						{"origin": [14.5, 5.60761, 28.4], "size": [5, 2.78477, 1.6], "uv": [190, 209]},
						{"origin": [14.5, 5.60761, 28.4], "size": [5, 2.78477, 1.6], "pivot": [19, 7, 23], "rotation": [-22.5, 0, 0], "uv": [0, 209]},
						{"origin": [14.5, 5.60761, 28.4], "size": [5, 2.78477, 1.6], "pivot": [19, 7, 23], "rotation": [-45, 0, 0], "uv": [208, 127]},
						{"origin": [14.5, 0, 21.60761], "size": [5, 1.6, 2.78477], "pivot": [19, 7, 23], "rotation": [22.5, 0, 0], "uv": [205, 0]},
						{"origin": [14.5, 0, 21.60761], "size": [5, 1.6, 2.78477], "uv": [155, 205]},
						{"origin": [14.5, 0, 21.60761], "size": [5, 1.6, 2.78477], "pivot": [19, 7, 23], "rotation": [-22.5, 0, 0], "uv": [82, 205]},
						{"origin": [14.5, 12.4, 21.60761], "size": [5, 1.6, 2.78477], "pivot": [19, 7, 23], "rotation": [22.5, 0, 0], "uv": [204, 164]},
						{"origin": [14.5, 12.4, 21.60761], "size": [5, 1.6, 2.78477], "uv": [204, 43]},
						{"origin": [14.5, 12.4, 21.60761], "size": [5, 1.6, 2.78477], "pivot": [19, 7, 23], "rotation": [-22.5, 0, 0], "uv": [101, 204]}
					]
				},
				{
					"name": "brl",
					"parent": "backtire1",
					"pivot": [25, -1, 15],
					"cubes": [
						{"origin": [14, 5.92587, 17.6], "size": [4, 2.14825, 1], "pivot": [17, 7, 23], "rotation": [45, 0, 0], "uv": [199, 215]},
						{"origin": [14, 5.92587, 17.6], "size": [4, 2.14825, 1], "pivot": [17, 7, 23], "rotation": [22.5, 0, 0], "uv": [189, 215]},
						{"origin": [14, 5.92587, 17.6], "size": [4, 2.14825, 1], "uv": [142, 215]},
						{"origin": [14, 5.92587, 17.6], "size": [4, 2.14825, 1], "pivot": [17, 7, 23], "rotation": [-22.5, 0, 0], "uv": [0, 215]},
						{"origin": [14, 5.92587, 17.6], "size": [4, 2.14825, 1], "pivot": [17, 7, 23], "rotation": [-45, 0, 0], "uv": [214, 209]},
						{"origin": [14, 5.92587, 27.4], "size": [4, 2.14825, 1], "pivot": [17, 7, 23], "rotation": [45, 0, 0], "uv": [214, 206]},
						{"origin": [14, 5.92587, 27.4], "size": [4, 2.14825, 1], "pivot": [17, 7, 23], "rotation": [22.5, 0, 0], "uv": [214, 137]},
						{"origin": [14, 5.92587, 27.4], "size": [4, 2.14825, 1], "uv": [214, 39]},
						{"origin": [14, 5.92587, 27.4], "size": [4, 2.14825, 1], "pivot": [17, 7, 23], "rotation": [-22.5, 0, 0], "uv": [214, 34]},
						{"origin": [14, 5.92587, 27.4], "size": [4, 2.14825, 1], "pivot": [17, 7, 23], "rotation": [-45, 0, 0], "uv": [214, 16]},
						{"origin": [14, 1.6, 21.92587], "size": [4, 1, 2.14825], "pivot": [17, 7, 23], "rotation": [22.5, 0, 0], "uv": [153, 208]},
						{"origin": [14, 1.6, 21.92587], "size": [4, 1, 2.14825], "uv": [80, 208]},
						{"origin": [14, 1.6, 21.92587], "size": [4, 1, 2.14825], "pivot": [17, 7, 23], "rotation": [-22.5, 0, 0], "uv": [24, 208]},
						{"origin": [14, 11.4, 21.92587], "size": [4, 1, 2.14825], "pivot": [17, 7, 23], "rotation": [22.5, 0, 0], "uv": [207, 153]},
						{"origin": [14, 11.4, 21.92587], "size": [4, 1, 2.14825], "uv": [101, 207]},
						{"origin": [14, 11.4, 21.92587], "size": [4, 1, 2.14825], "pivot": [17, 7, 23], "rotation": [-22.5, 0, 0], "uv": [70, 207]}
					]
				},
				{
					"name": "bal",
					"parent": "backtire1",
					"pivot": [0, 0, 49],
					"cubes": [
						{"origin": [15, 8, 22.5], "size": [2, 4, 1], "uv": [9, 155]},
						{"origin": [15, 8, 22.5], "size": [2, 4, 1], "pivot": [17, 7, 23], "rotation": [45, 0, 0], "uv": [0, 155]},
						{"origin": [15, 8, 22.5], "size": [2, 4, 1], "pivot": [17, 7, 23], "rotation": [90, 0, 0], "uv": [0, 122]},
						{"origin": [15, 8, 22.5], "size": [2, 4, 1], "pivot": [17, 7, 23], "rotation": [135, 0, 0], "uv": [118, 91]},
						{"origin": [15, 8, 22.5], "size": [2, 4, 1], "pivot": [17, 7, 23], "rotation": [180, 0, 0], "uv": [106, 117]},
						{"origin": [15, 8, 22.5], "size": [2, 4, 1], "pivot": [17, 7, 23], "rotation": [-135, 0, 0], "uv": [114, 8]},
						{"origin": [15, 8, 22.5], "size": [2, 4, 1], "pivot": [17, 7, 23], "rotation": [-90, 0, 0], "uv": [114, 0]},
						{"origin": [15, 8, 22.5], "size": [2, 4, 1], "pivot": [17, 7, 23], "rotation": [-45, 0, 0], "uv": [110, 91]}
					]
				},
				{
					"name": "bbl",
					"parent": "backtire1",
					"pivot": [24, -1, 15],
					"cubes": [
						{"origin": [13.5, 6.40326, 20], "size": [3, 1.19347, 1], "pivot": [16, 7, 23], "rotation": [45, 0, 0], "uv": [196, 218]},
						{"origin": [13.5, 6.40326, 20], "size": [3, 1.19347, 1], "pivot": [16, 7, 23], "rotation": [22.5, 0, 0], "uv": [188, 218]},
						{"origin": [13.5, 6.40326, 20], "size": [3, 1.19347, 1], "uv": [142, 218]},
						{"origin": [13.5, 6.40326, 20], "size": [3, 1.19347, 1], "pivot": [16, 7, 23], "rotation": [-22.5, 0, 0], "uv": [0, 218]},
						{"origin": [13.5, 6.40326, 20], "size": [3, 1.19347, 1], "pivot": [16, 7, 23], "rotation": [-45, 0, 0], "uv": [217, 170]},
						{"origin": [13.5, 6.40326, 25], "size": [3, 1.19347, 1], "pivot": [16, 7, 23], "rotation": [45, 0, 0], "uv": [217, 166]},
						{"origin": [13.5, 6.40326, 25], "size": [3, 1.19347, 1], "pivot": [16, 7, 23], "rotation": [22.5, 0, 0], "uv": [217, 152]},
						{"origin": [13.5, 6.40326, 25], "size": [3, 1.19347, 1], "uv": [217, 90]},
						{"origin": [13.5, 6.40326, 25], "size": [3, 1.19347, 1], "pivot": [16, 7, 23], "rotation": [-22.5, 0, 0], "uv": [217, 86]},
						{"origin": [13.5, 6.40326, 25], "size": [3, 1.19347, 1], "pivot": [16, 7, 23], "rotation": [-45, 0, 0], "uv": [217, 37]},
						{"origin": [13.5, 4, 22.40326], "size": [3, 1, 1.19347], "pivot": [16, 7, 23], "rotation": [22.5, 0, 0], "uv": [217, 27]},
						{"origin": [13.5, 4, 22.40326], "size": [3, 1, 1.19347], "uv": [217, 23]},
						{"origin": [13.5, 4, 22.40326], "size": [3, 1, 1.19347], "pivot": [16, 7, 23], "rotation": [-22.5, 0, 0], "uv": [217, 3]},
						{"origin": [13.5, 9, 22.40326], "size": [3, 1, 1.19347], "pivot": [16, 7, 23], "rotation": [22.5, 0, 0], "uv": [217, 0]},
						{"origin": [13.5, 9, 22.40326], "size": [3, 1, 1.19347], "uv": [213, 217]},
						{"origin": [13.5, 9, 22.40326], "size": [3, 1, 1.19347], "pivot": [16, 7, 23], "rotation": [-22.5, 0, 0], "uv": [173, 217]}
					]
				},
				{
					"name": "backtire2",
					"parent": "backtires",
					"pivot": [-18, 7, 23]
				},
				{
					"name": "btr",
					"parent": "backtire2",
					"pivot": [-7, -1, 15],
					"cubes": [
						{"origin": [-19.5, 5.60761, 16], "size": [5, 2.78477, 1.6], "pivot": [-15, 7, 23], "rotation": [45, 0, 0], "uv": [14, 207]},
						{"origin": [-19.5, 5.60761, 16], "size": [5, 2.78477, 1.6], "pivot": [-15, 7, 23], "rotation": [22.5, 0, 0], "uv": [206, 150]},
						{"origin": [-19.5, 5.60761, 16], "size": [5, 2.78477, 1.6], "uv": [78, 200]},
						{"origin": [-19.5, 5.60761, 16], "size": [5, 2.78477, 1.6], "pivot": [-15, 7, 23], "rotation": [-22.5, 0, 0], "uv": [78, 197]},
						{"origin": [-19.5, 5.60761, 16], "size": [5, 2.78477, 1.6], "pivot": [-15, 7, 23], "rotation": [-45, 0, 0], "uv": [9, 189]},
						{"origin": [-19.5, 5.60761, 28.4], "size": [5, 2.78477, 1.6], "pivot": [-15, 7, 23], "rotation": [45, 0, 0], "uv": [183, 96]},
						{"origin": [-19.5, 5.60761, 28.4], "size": [5, 2.78477, 1.6], "pivot": [-15, 7, 23], "rotation": [22.5, 0, 0], "uv": [165, 9]},
						{"origin": [-19.5, 5.60761, 28.4], "size": [5, 2.78477, 1.6], "uv": [165, 6]},
						{"origin": [-19.5, 5.60761, 28.4], "size": [5, 2.78477, 1.6], "pivot": [-15, 7, 23], "rotation": [-22.5, 0, 0], "uv": [165, 3]},
						{"origin": [-19.5, 5.60761, 28.4], "size": [5, 2.78477, 1.6], "pivot": [-15, 7, 23], "rotation": [-45, 0, 0], "uv": [165, 0]},
						{"origin": [-19.5, 0, 21.60761], "size": [5, 1.6, 2.78477], "pivot": [-15, 7, 23], "rotation": [22.5, 0, 0], "uv": [70, 204]},
						{"origin": [-19.5, 0, 21.60761], "size": [5, 1.6, 2.78477], "uv": [203, 160]},
						{"origin": [-19.5, 0, 21.60761], "size": [5, 1.6, 2.78477], "pivot": [-15, 7, 23], "rotation": [-22.5, 0, 0], "uv": [203, 157]},
						{"origin": [-19.5, 12.4, 21.60761], "size": [5, 1.6, 2.78477], "pivot": [-15, 7, 23], "rotation": [22.5, 0, 0], "uv": [203, 100]},
						{"origin": [-19.5, 12.4, 21.60761], "size": [5, 1.6, 2.78477], "uv": [202, 197]},
						{"origin": [-19.5, 12.4, 21.60761], "size": [5, 1.6, 2.78477], "pivot": [-15, 7, 23], "rotation": [-22.5, 0, 0], "uv": [202, 194]}
					]
				},
				{
					"name": "brr",
					"parent": "backtire2",
					"pivot": [-8, -1, 15],
					"cubes": [
						{"origin": [-19, 5.92587, 17.6], "size": [4, 2.14825, 1], "pivot": [-16, 7, 23], "rotation": [45, 0, 0], "uv": [214, 13]},
						{"origin": [-19, 5.92587, 17.6], "size": [4, 2.14825, 1], "pivot": [-16, 7, 23], "rotation": [22.5, 0, 0], "uv": [154, 214]},
						{"origin": [-19, 5.92587, 17.6], "size": [4, 2.14825, 1], "uv": [22, 214]},
						{"origin": [-19, 5.92587, 17.6], "size": [4, 2.14825, 1], "pivot": [-16, 7, 23], "rotation": [-22.5, 0, 0], "uv": [75, 190]},
						{"origin": [-19, 5.92587, 17.6], "size": [4, 2.14825, 1], "pivot": [-16, 7, 23], "rotation": [-45, 0, 0], "uv": [23, 190]},
						{"origin": [-19, 5.92587, 27.4], "size": [4, 2.14825, 1], "pivot": [-16, 7, 23], "rotation": [45, 0, 0], "uv": [62, 188]},
						{"origin": [-19, 5.92587, 27.4], "size": [4, 2.14825, 1], "pivot": [-16, 7, 23], "rotation": [22.5, 0, 0], "uv": [77, 165]},
						{"origin": [-19, 5.92587, 27.4], "size": [4, 2.14825, 1], "uv": [98, 163]},
						{"origin": [-19, 5.92587, 27.4], "size": [4, 2.14825, 1], "pivot": [-16, 7, 23], "rotation": [-22.5, 0, 0], "uv": [156, 162]},
						{"origin": [-19, 5.92587, 27.4], "size": [4, 2.14825, 1], "pivot": [-16, 7, 23], "rotation": [-45, 0, 0], "uv": [23, 89]},
						{"origin": [-19, 1.6, 21.92587], "size": [4, 1, 2.14825], "pivot": [-16, 7, 23], "rotation": [22.5, 0, 0], "uv": [112, 163]},
						{"origin": [-19, 1.6, 21.92587], "size": [4, 1, 2.14825], "uv": [161, 84]},
						{"origin": [-19, 1.6, 21.92587], "size": [4, 1, 2.14825], "pivot": [-16, 7, 23], "rotation": [-22.5, 0, 0], "uv": [161, 81]},
						{"origin": [-19, 11.4, 21.92587], "size": [4, 1, 2.14825], "pivot": [-16, 7, 23], "rotation": [22.5, 0, 0], "uv": [161, 78]},
						{"origin": [-19, 11.4, 21.92587], "size": [4, 1, 2.14825], "uv": [161, 75]},
						{"origin": [-19, 11.4, 21.92587], "size": [4, 1, 2.14825], "pivot": [-16, 7, 23], "rotation": [-22.5, 0, 0], "uv": [108, 39]}
					]
				},
				{
					"name": "bar",
					"parent": "backtire2",
					"pivot": [-34, 0, 49],
					"cubes": [
						{"origin": [-18, 8, 22.5], "size": [2, 4, 1], "uv": [79, 108]},
						{"origin": [-18, 8, 22.5], "size": [2, 4, 1], "pivot": [-17, 7, 23], "rotation": [45, 0, 0], "uv": [70, 108]},
						{"origin": [-18, 8, 22.5], "size": [2, 4, 1], "pivot": [-17, 7, 23], "rotation": [90, 0, 0], "uv": [105, 23]},
						{"origin": [-18, 8, 22.5], "size": [2, 4, 1], "pivot": [-17, 7, 23], "rotation": [135, 0, 0], "uv": [105, 8]},
						{"origin": [-18, 8, 22.5], "size": [2, 4, 1], "pivot": [-17, 7, 23], "rotation": [180, 0, 0], "uv": [105, 0]},
						{"origin": [-18, 8, 22.5], "size": [2, 4, 1], "pivot": [-17, 7, 23], "rotation": [-135, 0, 0], "uv": [88, 34]},
						{"origin": [-18, 8, 22.5], "size": [2, 4, 1], "pivot": [-17, 7, 23], "rotation": [-90, 0, 0], "uv": [83, 59]},
						{"origin": [-18, 8, 22.5], "size": [2, 4, 1], "pivot": [-17, 7, 23], "rotation": [-45, 0, 0], "uv": [0, 83]}
					]
				},
				{
					"name": "bbr",
					"parent": "backtire2",
					"pivot": [-7, -1, 15],
					"cubes": [
						{"origin": [-17.5, 6.40326, 20], "size": [3, 1.19347, 1], "pivot": [-15, 7, 23], "rotation": [45, 0, 0], "uv": [216, 164]},
						{"origin": [-17.5, 6.40326, 20], "size": [3, 1.19347, 1], "pivot": [-15, 7, 23], "rotation": [22.5, 0, 0], "uv": [216, 162]},
						{"origin": [-17.5, 6.40326, 20], "size": [3, 1.19347, 1], "uv": [216, 60]},
						{"origin": [-17.5, 6.40326, 20], "size": [3, 1.19347, 1], "pivot": [-15, 7, 23], "rotation": [-22.5, 0, 0], "uv": [215, 199]},
						{"origin": [-17.5, 6.40326, 20], "size": [3, 1.19347, 1], "pivot": [-15, 7, 23], "rotation": [-45, 0, 0], "uv": [215, 115]},
						{"origin": [-17.5, 6.40326, 25], "size": [3, 1.19347, 1], "pivot": [-15, 7, 23], "rotation": [45, 0, 0], "uv": [215, 100]},
						{"origin": [-17.5, 6.40326, 25], "size": [3, 1.19347, 1], "pivot": [-15, 7, 23], "rotation": [22.5, 0, 0], "uv": [215, 81]},
						{"origin": [-17.5, 6.40326, 25], "size": [3, 1.19347, 1], "uv": [214, 212]},
						{"origin": [-17.5, 6.40326, 25], "size": [3, 1.19347, 1], "pivot": [-15, 7, 23], "rotation": [-22.5, 0, 0], "uv": [214, 194]},
						{"origin": [-17.5, 6.40326, 25], "size": [3, 1.19347, 1], "pivot": [-15, 7, 23], "rotation": [-45, 0, 0], "uv": [32, 211]},
						{"origin": [-17.5, 4, 22.40326], "size": [3, 1, 1.19347], "pivot": [-15, 7, 23], "rotation": [22.5, 0, 0], "uv": [52, 209]},
						{"origin": [-17.5, 4, 22.40326], "size": [3, 1, 1.19347], "uv": [135, 200]},
						{"origin": [-17.5, 4, 22.40326], "size": [3, 1, 1.19347], "pivot": [-15, 7, 23], "rotation": [-22.5, 0, 0], "uv": [113, 192]},
						{"origin": [-17.5, 9, 22.40326], "size": [3, 1, 1.19347], "pivot": [-15, 7, 23], "rotation": [22.5, 0, 0], "uv": [9, 192]},
						{"origin": [-17.5, 9, 22.40326], "size": [3, 1, 1.19347], "uv": [156, 184]},
						{"origin": [-17.5, 9, 22.40326], "size": [3, 1, 1.19347], "pivot": [-15, 7, 23], "rotation": [-22.5, 0, 0], "uv": [182, 19]}
					]
				}
			]
		}
	]
}