{
	"format_version": "1.12.0",
	"minecraft:geometry": [
		{
			"description": {
				"identifier": "geometry.jdmnsx",
				"texture_width": 256,
				"texture_height": 256,
				"visible_bounds_width": 7,
				"visible_bounds_height": 4,
				"visible_bounds_offset": [0, 1, 0]
			},
			"bones": [
				{
					"name": "front",
					"pivot": [0, 0, -1],
					"cubes": [
						{"origin": [8, 3, -42], "size": [10, 1, 1], "pivot": [8, 3, -42], "rotation": [0, -15, 0], "uv": [183, 51]},
						{"origin": [8, 3, -43], "size": [10, 1, 1], "pivot": [8, 3, -42], "rotation": [0, -15, 0], "uv": [183, 49]},
						{"origin": [8, 3, -45], "size": [10, 1, 2], "pivot": [8, 3, -42], "rotation": [0, -15, 0], "uv": [33, 152]},
						{"origin": [8, 3, -41], "size": [9, 1, 6], "pivot": [8, 3, -42], "rotation": [0, -15, 0], "uv": [33, 124]},
						{"origin": [7.5, 3, -44], "size": [1, 1, 2], "pivot": [8, 3, -42], "rotation": [0, -15, 0], "uv": [223, 45]},
						{"origin": [10, 9, -44], "size": [8, 1, 1], "pivot": [8, 9, -42], "rotation": [0, -15, 0], "uv": [108, 51]},
						{"origin": [17, 8, -44], "size": [1, 1, 1], "pivot": [8, 8, -42], "rotation": [0, -15, 0], "uv": [207, 87]},
						{"origin": [10, 8, -43], "size": [7, 1, 1], "pivot": [8, 8, -42], "rotation": [0, -15, 0], "uv": [47, 50]},
						{"origin": [8, 10, -44], "size": [10, 1, 1], "pivot": [8, 8, -42], "rotation": [0, -15, 0], "uv": [174, 98]},
						{"origin": [8, 8, -44], "size": [2, 2, 1], "pivot": [8, 7, -42], "rotation": [0, -15, 0], "uv": [26, 224]},
						{"origin": [8.55171, 3, -43.80933], "size": [2, 5, 1], "pivot": [9, 8, -44], "rotation": [15, -15, 0], "uv": [47, 58]},
						{"origin": [10.55171, 6, -43.80933], "size": [6, 2, 1], "pivot": [9, 8, -44], "rotation": [15, -15, 0], "uv": [0, 174]},
						{"origin": [16.55171, 3, -43.80933], "size": [2, 5, 1], "pivot": [9, 8, -44], "rotation": [15, -15, 0], "uv": [8, 54]},
						{"origin": [10.55171, 3, -42.80933], "size": [6, 3, 1], "pivot": [9, 8, -44], "rotation": [15, -15, 0], "uv": [16, 124]},
						{"origin": [18.39512, 10, -37.9988], "size": [1, 1, 10], "pivot": [12, 11, -43], "rotation": [17.5, -15, 0], "uv": [66, 213]},
						{"origin": [19.39512, 10, -33.9988], "size": [1, 1, 6], "pivot": [12, 11, -43], "rotation": [17.5, -15, 0], "uv": [34, 93]},
						{"origin": [20.39512, 10, -29.9988], "size": [1, 1, 2], "pivot": [12, 11, -43], "rotation": [17.5, -15, 0], "uv": [177, 223]},
						{"origin": [10.39512, 10, -42.9988], "size": [8, 1, 15], "pivot": [12, 11, -43], "rotation": [17.5, -15, 0], "uv": [101, 125]},
						{"origin": [9.39512, 10, -42.9988], "size": [1, 1, 10], "pivot": [12, 11, -43], "rotation": [17.5, -15, 0], "uv": [132, 212]},
						{"origin": [8.39512, 10, -42.9988], "size": [1, 1, 6], "pivot": [12, 11, -43], "rotation": [17, -15, 0], "uv": [0, 87]},
						{"origin": [7.51283, 14.54202, -28.01992], "size": [10, 1, 4], "pivot": [12, 15, -28], "rotation": [5, -15, 0], "uv": [196, 161]},
						{"origin": [6.63415, 14.86606, -24.76733], "size": [3, 1, 1], "pivot": [9, 16, -25], "rotation": [0, -15, 0], "uv": [110, 195]},
						{"origin": [-8, 3, -44], "size": [16, 1, 1], "uv": [33, 150]},
						{"origin": [-8, 3, -43], "size": [16, 1, 1], "uv": [33, 148]},
						{"origin": [-8, 3, -41], "size": [16, 1, 9], "uv": [167, 167]},
						{"origin": [8, 3, -39], "size": [9, 1, 7], "uv": [34, 103]},
						{"origin": [-17, 3, -39], "size": [9, 1, 7], "uv": [0, 25]},
						{"origin": [17, 3, -40], "size": [1, 1, 8], "uv": [16, 215]},
						{"origin": [17, 4, -40.5], "size": [1, 7, 1], "uv": [30, 215]},
						{"origin": [-18, 4, -40.5], "size": [1, 7, 1], "uv": [26, 215]},
						{"origin": [17, 4, -40], "size": [1, 7, 8], "uv": [108, 36]},
						{"origin": [17, 11, -38], "size": [1, 1, 6], "uv": [34, 86]},
						{"origin": [-18, 11, -38], "size": [1, 1, 6], "uv": [0, 80]},
						{"origin": [17, 12, -35], "size": [1, 1, 3], "uv": [199, 213]},
						{"origin": [-18, 12, -35], "size": [1, 1, 3], "uv": [210, 5]},
						{"origin": [-18, 4, -40], "size": [1, 7, 8], "uv": [17, 0]},
						{"origin": [-18, 3, -40], "size": [1, 1, 8], "uv": [214, 151]},
						{"origin": [-8, 8, -44], "size": [16, 3, 1], "uv": [51, 86]},
						{"origin": [7.6, 8, -44], "size": [1, 3, 1], "uv": [103, 0]},
						{"origin": [-8.6, 8, -44], "size": [1, 3, 1], "uv": [99, 102]},
						{"origin": [-8, 3, -44], "size": [1, 5, 1], "pivot": [0, 8, -44], "rotation": [15, 0, 0], "uv": [215, 69]},
						{"origin": [-7, 5, -44], "size": [14, 1, 1], "pivot": [1, 8, -44], "rotation": [15, 0, 0], "uv": [33, 131]},
						{"origin": [7, 3, -44], "size": [1, 5, 1], "pivot": [15, 8, -44], "rotation": [15, 0, 0], "uv": [214, 90]},
						{"origin": [7.6, 3, -44], "size": [1, 5, 1], "pivot": [15, 8, -44], "rotation": [15, 0, 0], "uv": [144, 212]},
						{"origin": [-8.6, 3, -44], "size": [1, 5, 1], "pivot": [-1, 8, -44], "rotation": [15, 0, 0], "uv": [31, 206]},
						{"origin": [-7, 3, -43], "size": [14, 5, 1], "pivot": [14, 8, -44], "rotation": [15, 0, 0], "uv": [101, 141]},
						{"origin": [-8, 10, -44], "size": [16, 1, 16], "pivot": [0, 11, -44], "rotation": [17.5, 0, 0], "uv": [126, 84]},
						{"origin": [11, 9.7, -41], "size": [5, 1, 7], "pivot": [16, 11, -44], "rotation": [17.5, 0, 0], "uv": [214, 60]},
						{"origin": [-16, 9.7, -41], "size": [5, 1, 7], "pivot": [-11, 11, -44], "rotation": [17.5, 0, 0], "uv": [200, 213]},
						{"origin": [7.6, 10, -44], "size": [1, 1, 16], "pivot": [0, 11, -44], "rotation": [17.5, 0, 0], "uv": [92, 181]},
						{"origin": [-8.6, 10, -44], "size": [1, 1, 16], "pivot": [-16, 11, -44], "rotation": [17.5, 0, 0], "uv": [74, 180]},
						{"origin": [-8, 10, -28.93], "size": [16, 1, 1], "pivot": [0, 11, -44], "rotation": [17.5, 0, 0], "uv": [103, 33]},
						{"origin": [7.6, 10, -28.93], "size": [1, 1, 1], "pivot": [0, 11, -44], "rotation": [17.5, 0, 0], "uv": [207, 85]},
						{"origin": [-8.6, 10, -28.93], "size": [1, 1, 1], "pivot": [0, 11, -44], "rotation": [17.5, 0, 0], "uv": [76, 207]},
						{"origin": [17, 9.2, -41], "size": [1, 1, 15], "pivot": [12, 11, -44], "rotation": [17.5, 0, 0], "uv": [17, 186]},
						{"origin": [-18, 9.2, -41], "size": [1, 1, 15], "pivot": [-23, 11, -44], "rotation": [17.5, 0, 0], "uv": [183, 109]},
						{"origin": [17, 14.7, -26.36973], "size": [1, 1, 2], "pivot": [18, 15, -26], "rotation": [5, 0, 0], "uv": [50, 220]},
						{"origin": [17, 14.7, -25.3], "size": [1, 1, 1], "pivot": [18, 15, -26], "rotation": [5, 0, 0], "uv": [179, 206]},
						{"origin": [-18, 14.7, -25.3], "size": [1, 1, 1], "pivot": [-17, 15, -26], "rotation": [5, 0, 0], "uv": [6, 206]},
						{"origin": [17, 14.7, -26.55], "size": [1, 1, 1], "pivot": [18, 15, -26], "rotation": [5, 0, 0], "uv": [0, 206]},
						{"origin": [-18, 14.7, -26.55], "size": [1, 1, 1], "pivot": [-17, 15, -26], "rotation": [5, 0, 0], "uv": [100, 205]},
						{"origin": [-18, 14.7, -26.36973], "size": [1, 1, 2], "pivot": [-17, 15, -26], "rotation": [5, 0, 0], "uv": [172, 219]},
						{"origin": [-8, 14.8, -28.50858], "size": [16, 1, 4], "pivot": [0, 15, -29], "rotation": [5, 0, 0], "uv": [84, 118]},
						{"origin": [7.6, 14.8, -25.50858], "size": [1, 1, 1], "pivot": [0, 15, -29], "rotation": [5, 0, 0], "uv": [94, 205]},
						{"origin": [-8.6, 14.8, -25.50858], "size": [1, 1, 1], "pivot": [0, 15, -29], "rotation": [5, 0, 0], "uv": [75, 205]},
						{"origin": [-8, 14.8, -28.6], "size": [16, 1, 1], "pivot": [0, 15, -29], "rotation": [5, 0, 0], "uv": [103, 31]},
						{"origin": [7.6, 14.8, -28.6], "size": [1, 1, 4], "pivot": [0, 15, -29], "rotation": [5, 0, 0], "uv": [132, 211]},
						{"origin": [-8.6, 14.8, -28.6], "size": [1, 1, 4], "pivot": [0, 15, -29], "rotation": [5, 0, 0], "uv": [209, 54]},
						{"origin": [-8, 15.18, -24.58051], "size": [16, 1, 9], "uv": [126, 165]},
						{"origin": [7.6, 15.18, -15.58051], "size": [1, 1, 4], "pivot": [0, 16.21, -15.55], "rotation": [-7.5, 0, 0], "uv": [209, 49]},
						{"origin": [-8.6, 15.18, -15.58051], "size": [1, 1, 4], "pivot": [-16, 16.21, -15.55], "rotation": [-7.5, 0, 0], "uv": [208, 102]},
						{"origin": [-8, 15.18, -15.58051], "size": [16, 1, 4], "pivot": [0, 16.21, -15.55], "rotation": [-7.5, 0, 0], "uv": [47, 73]},
						{"origin": [7.6, 15.18, -24.58051], "size": [1, 1, 9], "uv": [214, 108]},
						{"origin": [-8.6, 15.18, -24.58051], "size": [1, 1, 9], "uv": [39, 214]},
						{"origin": [-8, 15.18, -24.6], "size": [16, 1, 1], "uv": [0, 33]},
						{"origin": [8, 14.9, -24.58051], "size": [9, 1, 9], "uv": [147, 189]},
						{"origin": [-17, 14.9, -24.58051], "size": [9, 1, 9], "uv": [182, 0]},
						{"origin": [17, 14.85, -24.4], "size": [1, 1, 9], "uv": [161, 213]},
						{"origin": [-18, 14.85, -24.4], "size": [1, 1, 9], "uv": [78, 213]},
						{"origin": [17, 14.85, -15.4], "size": [1, 1, 7], "pivot": [17, 16, -15.5], "rotation": [-7.5, 0, 0], "uv": [215, 68]},
						{"origin": [-17, 14.85, -15.4], "size": [34, 1, 3], "pivot": [16, 16, -15.5], "rotation": [-7.5, 0, 0], "uv": [47, 54]},
						{"origin": [-17, 14.85, -15.8], "size": [34, 1, 1], "pivot": [16, 16, -15.5], "rotation": [-7.5, 0, 0], "uv": [158, 24]},
						{"origin": [-18, 14.85, -15.4], "size": [1, 1, 7], "pivot": [-18, 16, -15.5], "rotation": [-7.5, 0, 0], "uv": [92, 188]},
						{"origin": [-18, 3, -45], "size": [10, 1, 2], "pivot": [-8, 3, -42], "rotation": [0, 15, 0], "uv": [99, 114]},
						{"origin": [-18, 3, -43], "size": [10, 1, 1], "pivot": [-8, 3, -42], "rotation": [0, 15, 0], "uv": [174, 96]},
						{"origin": [-18, 3, -42], "size": [10, 1, 1], "pivot": [-8, 3, -42], "rotation": [0, 15, 0], "uv": [173, 26]},
						{"origin": [-17, 3, -41], "size": [9, 1, 6], "pivot": [-8, 3, -42], "rotation": [0, 15, 0], "uv": [0, 105]},
						{"origin": [-8.5, 3, -44], "size": [1, 1, 2], "pivot": [-8, 3, -42], "rotation": [0, 15, 0], "uv": [16, 219]},
						{"origin": [-18, 10, -44], "size": [10, 1, 1], "pivot": [-8, 10, -42], "rotation": [0, 15, 0], "uv": [171, 81]},
						{"origin": [-18.39512, 10, -42.9988], "size": [8, 1, 15], "pivot": [-12, 11, -43], "rotation": [17.5, 15, 0], "uv": [68, 102]},
						{"origin": [-19.39512, 10, -37.9988], "size": [1, 1, 10], "pivot": [-12, 11, -43], "rotation": [17.5, 15, 0], "uv": [211, 190]},
						{"origin": [-20.39512, 10, -33.9988], "size": [1, 1, 6], "pivot": [-12, 11, -43], "rotation": [17.5, 15, 0], "uv": [75, 65]},
						{"origin": [-21.39512, 10, -29.9988], "size": [1, 1, 2], "pivot": [-12, 11, -43], "rotation": [17.5, 15, 0], "uv": [200, 217]},
						{"origin": [-17.51283, 14.54202, -28.01992], "size": [10, 1, 4], "pivot": [-12, 15, -28], "rotation": [5, 15, 0], "uv": [0, 149]},
						{"origin": [-9.63415, 14.86606, -24.76733], "size": [3, 1, 1], "pivot": [-9, 16, -25], "rotation": [0, 15, 0], "uv": [79, 194]},
						{"origin": [-10.39512, 10, -42.9988], "size": [1, 1, 10], "pivot": [-12, 11, -43], "rotation": [17.5, 15, 0], "uv": [120, 211]},
						{"origin": [-9.39512, 10, -42.9988], "size": [1, 1, 6], "pivot": [-12, 11, -43], "rotation": [17, 15, 0], "uv": [75, 58]},
						{"origin": [-18, 9, -44], "size": [8, 1, 1], "pivot": [-8, 9, -42], "rotation": [0, 15, 0], "uv": [23, 50]},
						{"origin": [-18, 8, -44], "size": [1, 1, 1], "pivot": [-8, 9, -42], "rotation": [0, 15, 0], "uv": [88, 204]},
						{"origin": [-17, 8, -43], "size": [7, 1, 1], "pivot": [-8, 9, -42], "rotation": [0, 15, 0], "uv": [0, 50]},
						{"origin": [-10, 8, -44], "size": [2, 2, 1], "pivot": [-8, 6, -42], "rotation": [0, 15, 0], "uv": [50, 217]},
						{"origin": [-10.55171, 3, -43.80933], "size": [2, 5, 1], "pivot": [-9, 8, -44], "rotation": [15, 15, 0], "uv": [0, 54]},
						{"origin": [-18.55171, 3, -43.80933], "size": [2, 5, 1], "pivot": [-9, 8, -44], "rotation": [15, 15, 0], "uv": [0, 25]},
						{"origin": [-16.55171, 6, -43.80933], "size": [6, 2, 1], "pivot": [-9, 8, -44], "rotation": [15, 15, 0], "uv": [28, 171]},
						{"origin": [-16.55171, 3, -42.80933], "size": [6, 3, 1], "pivot": [-9, 8, -44], "rotation": [15, 15, 0], "uv": [103, 23]},
						{"origin": [-15, 6, -25], "size": [4, 2, 2], "uv": [192, 100]},
						{"origin": [11, 6, -25], "size": [4, 2, 2], "uv": [110, 191]},
						{"origin": [10, 3.5, -31], "size": [1, 11, 14], "uv": [0, 124]},
						{"origin": [-11, 3.5, -31], "size": [1, 11, 14], "uv": [0, 80]}
					]
				},
				{
					"name": "fronttireguard",
					"parent": "front",
					"pivot": [2, 0, 0],
					"cubes": [
						{"origin": [17, 8, -32], "size": [1, 5, 1], "uv": [39, 67]},
						{"origin": [17, 12.5, -32], "size": [1, 1, 1], "uv": [82, 204]},
						{"origin": [-18, 12.5, -32], "size": [1, 1, 1], "uv": [6, 204]},
						{"origin": [17, 13.5, -29], "size": [1, 1, 1], "uv": [0, 204]},
						{"origin": [-18, 13.5, -29], "size": [1, 1, 1], "uv": [203, 82]},
						{"origin": [-18, 8, -32], "size": [1, 5, 1], "uv": [39, 53]},
						{"origin": [-18, 8, -17], "size": [1, 7, 1], "uv": [89, 213]},
						{"origin": [17, 8, -17], "size": [1, 7, 1], "uv": [82, 213]},
						{"origin": [17, 11, -18], "size": [1, 4, 1], "uv": [68, 118]},
						{"origin": [17, 11, -31], "size": [1, 3, 1], "uv": [98, 77]},
						{"origin": [-18, 11, -31], "size": [1, 3, 1], "uv": [98, 72]},
						{"origin": [-18, 11, -18], "size": [1, 4, 1], "uv": [112, 102]},
						{"origin": [17, 12, -30], "size": [1, 2, 1], "uv": [79, 114]},
						{"origin": [-18, 12, -30], "size": [1, 2, 1], "uv": [113, 12]},
						{"origin": [-18, 12, -19], "size": [1, 3, 1], "uv": [92, 77]},
						{"origin": [17, 12, -19], "size": [1, 3, 1], "uv": [92, 72]},
						{"origin": [17, 13, -20], "size": [1, 2, 1], "uv": [109, 5]},
						{"origin": [17, 13, -29], "size": [1, 1, 1], "uv": [100, 203]},
						{"origin": [-18, 13, -29], "size": [1, 1, 1], "uv": [94, 203]},
						{"origin": [-18, 13, -20], "size": [1, 2, 1], "uv": [109, 0]},
						{"origin": [17, 14, -28], "size": [1, 1, 2], "uv": [216, 133]},
						{"origin": [-18, 14, -28], "size": [1, 1, 2], "uv": [172, 216]},
						{"origin": [17, 14, -22], "size": [1, 1, 2], "uv": [16, 216]},
						{"origin": [-18, 14, -22], "size": [1, 1, 2], "uv": [215, 190]},
						{"origin": [17, 14.2, -26], "size": [1, 1, 4], "uv": [208, 97]},
						{"origin": [-18, 14.2, -26], "size": [1, 1, 4], "uv": [24, 208]}
					]
				},
				{
					"name": "hexadecagon3",
					"parent": "fronttireguard",
					"pivot": [26, -1, 0],
					"cubes": [
						{"origin": [16, 5.4087, -32], "size": [3, 3.1826, 1], "pivot": [18, 7, -24], "rotation": [-22.5, 0, 0], "uv": [214, 155]},
						{"origin": [16, 5.4087, -32], "size": [3, 3.1826, 1], "pivot": [18, 7, -24], "rotation": [-45, 0, 0], "uv": [214, 151]},
						{"origin": [16, 5.4087, -17], "size": [3, 3.1826, 1], "pivot": [18, 7, -24], "rotation": [45, 0, 0], "uv": [214, 113]},
						{"origin": [16, 8.00928, -18.07401], "size": [3, 3.1826, 1], "pivot": [18.5, 11, -18], "rotation": [22.5, 0, 0], "uv": [214, 109]},
						{"origin": [16, 3.4087, -17], "size": [3, 5.1826, 1], "pivot": [18.5, 8.5, -17], "rotation": [0, 0, 7.5], "uv": [34, 36]},
						{"origin": [16, 3.4087, -32], "size": [3, 5.1826, 1], "pivot": [18.5, 8.5, -32], "rotation": [0, 0, 7.5], "uv": [23, 36]},
						{"origin": [16, 14, -25.5913], "size": [3, 1, 3.1826], "pivot": [18, 7, -24], "rotation": [22.5, 0, 0], "uv": [68, 191]},
						{"origin": [16, 14, -25.5913], "size": [3, 1, 3.1826], "uv": [50, 191]},
						{"origin": [16, 14, -25.5913], "size": [3, 1, 3.1826], "pivot": [18, 7, -24], "rotation": [-22.5, 0, 0], "uv": [0, 191]}
					]
				},
				{
					"name": "hexadecagon4",
					"parent": "fronttireguard",
					"pivot": [-10, -1, 0],
					"cubes": [
						{"origin": [-19, 5.4087, -32], "size": [2, 3.1826, 1], "pivot": [-18, 7, -24], "rotation": [-22.5, 0, 0], "uv": [190, 208]},
						{"origin": [-19, 5.4087, -32], "size": [2, 3.1826, 1], "pivot": [-18, 7, -24], "rotation": [-45, 0, 0], "uv": [24, 149]},
						{"origin": [-19, 5.4087, -17], "size": [2, 3.1826, 1], "pivot": [-18, 7, -24], "rotation": [45, 0, 0], "uv": [51, 98]},
						{"origin": [-19, 8.00928, -18.07401], "size": [2, 3.1826, 1], "pivot": [-17.5, 11, -18], "rotation": [22.5, 0, 0], "uv": [83, 73]},
						{"origin": [-19, 3.4087, -32], "size": [2, 5.1826, 1], "pivot": [-19.5, 8.5, -32], "rotation": [0, 0, -7.5], "uv": [8, 0]},
						{"origin": [-19, 3.4087, -17], "size": [2, 5.1826, 1], "pivot": [-19.5, 8.5, -17], "rotation": [0, 0, -7.5], "uv": [0, 0]},
						{"origin": [-19, 14, -25.5913], "size": [2, 1, 3.1826], "pivot": [-18, 7, -24], "rotation": [22.5, 0, 0], "uv": [107, 205]},
						{"origin": [-19, 14, -25.5913], "size": [2, 1, 3.1826], "uv": [189, 163]},
						{"origin": [-19, 14, -25.5913], "size": [2, 1, 3.1826], "pivot": [-18, 7, -24], "rotation": [-22.5, 0, 0], "uv": [50, 186]}
					]
				},
				{
					"name": "hexadecagon5",
					"parent": "fronttireguard",
					"pivot": [24, -1, 0],
					"cubes": [
						{"origin": [-16.5, 5.4087, -32], "size": [33, 3.1826, 1], "pivot": [16, 7, -24], "rotation": [-22.5, 0, 0], "uv": [158, 20]},
						{"origin": [-16.5, 5.4087, -32], "size": [33, 3.1826, 1], "pivot": [16, 7, -24], "rotation": [-45, 0, 0], "uv": [158, 16]},
						{"origin": [-16.5, 5.4087, -17], "size": [33, 3.1826, 1], "pivot": [16, 7, -24], "rotation": [45, 0, 0], "uv": [158, 12]},
						{"origin": [-16.5, 8.00928, -18.07401], "size": [33, 3.1826, 1], "pivot": [16.5, 11, -18], "rotation": [22.5, 0, 0], "uv": [0, 158]},
						{"origin": [-16.5, 3.4087, -17], "size": [33, 5.1826, 1], "uv": [149, 135]},
						{"origin": [-16.5, 3.4087, -32], "size": [33, 5.1826, 1], "uv": [149, 129]},
						{"origin": [-16.5, 14, -25.5913], "size": [33, 1, 3.1826], "pivot": [16, 7, -24], "rotation": [22.5, 0, 0], "uv": [129, 66]},
						{"origin": [-16.5, 14, -25.5913], "size": [33, 1, 3.1826], "uv": [126, 118]},
						{"origin": [-16.5, 14, -25.5913], "size": [33, 1, 3.1826], "pivot": [16, 7, -24], "rotation": [-22.5, 0, 0], "uv": [126, 114]}
					]
				},
				{
					"name": "mid",
					"pivot": [-1, 0, 0],
					"cubes": [
						{"origin": [17, 3, -16], "size": [1, 12, 23], "uv": [124, 125]},
						{"origin": [-18, 3, -16], "size": [1, 12, 23], "uv": [76, 125]},
						{"origin": [17, 11, 7], "size": [1, 4, 12], "uv": [197, 197]},
						{"origin": [-18, 11, 7], "size": [1, 4, 12], "uv": [68, 197]},
						{"origin": [17, 3, 7], "size": [1, 4, 12], "uv": [195, 49]},
						{"origin": [-18, 3, 7], "size": [1, 4, 12], "uv": [130, 195]},
						{"origin": [17, 7, 14], "size": [1, 4, 5], "uv": [31, 54]},
						{"origin": [-18, 7, 14], "size": [1, 4, 5], "uv": [17, 54]},
						{"origin": [-18, 7, 7], "size": [1, 4, 6], "pivot": [-18, 11, 7], "rotation": [0, 10, 0], "uv": [0, 54]},
						{"origin": [17, 7, 7], "size": [1, 4, 6], "pivot": [18, 11, 7], "rotation": [0, -10, 0], "uv": [0, 0]},
						{"origin": [16, 3, -15], "size": [1, 12, 32], "uv": [0, 80]},
						{"origin": [-17, 3, -15], "size": [1, 12, 32], "uv": [58, 58]},
						{"origin": [-16, 3, -16], "size": [32, 12, 1], "uv": [129, 53]},
						{"origin": [-16, 3, -16], "size": [32, 12, 1], "uv": [126, 101]},
						{"origin": [17.3, 2, -16], "size": [1, 1, 35], "uv": [92, 36]},
						{"origin": [17.3, 3, -42], "size": [1, 1, 10], "uv": [209, 49]},
						{"origin": [17.3, 13, 8], "size": [1, 1, 5], "uv": [0, 124]},
						{"origin": [-18.3, 13, 8], "size": [1, 1, 5], "uv": [68, 118]},
						{"origin": [-18.3, 2, -16], "size": [1, 1, 35], "uv": [89, 89]},
						{"origin": [-18.3, 3, -42], "size": [1, 1, 10], "uv": [208, 97]},
						{"origin": [-17, 2, -16], "size": [34, 1, 35], "uv": [0, 0]},
						{"origin": [-10, 3, -31], "size": [20, 1, 15], "uv": [103, 12]},
						{"origin": [-11, 2, 19], "size": [22, 1, 17], "pivot": [-15, 2, 19], "rotation": [7.5, 0, 0], "uv": [47, 36]},
						{"origin": [-11, 3, 19], "size": [1, 2, 16], "pivot": [-15, 2, 19], "rotation": [7.5, 0, 0], "uv": [122, 175]},
						{"origin": [10, 3, 19], "size": [1, 2, 16], "pivot": [6, 2, 19], "rotation": [7.5, 0, 0], "uv": [26, 168]},
						{"origin": [17, 14, 2], "size": [1, 1, 31], "pivot": [18, 15, 2], "rotation": [2.5, 0, 0], "uv": [0, 124]},
						{"origin": [-18, 14, 2], "size": [1, 1, 31], "pivot": [-17, 15, 2], "rotation": [2.5, 0, 0], "uv": [35, 102]},
						{"origin": [-17, 14, 2], "size": [1, 1, 15], "pivot": [-16, 15, 2], "rotation": [2.5, 0, 0], "uv": [0, 183]},
						{"origin": [16, 14, 2], "size": [1, 1, 15], "pivot": [17, 15, 2], "rotation": [2.5, 0, 0], "uv": [34, 87]},
						{"origin": [-17, 13, 18], "size": [7, 1, 14], "pivot": [-16, 15, 2], "rotation": [2.5, 0, 0], "uv": [0, 168]},
						{"origin": [10, 13, 18], "size": [7, 1, 14], "pivot": [11, 15, 2], "rotation": [2.5, 0, 0], "uv": [47, 58]},
						{"origin": [-10, 13, 30], "size": [20, 1, 2], "pivot": [10, 15, 2], "rotation": [2.5, 0, 0], "uv": [103, 28]},
						{"origin": [17, 15.35315, 32.98589], "size": [1, 1, 11], "uv": [52, 205]},
						{"origin": [-17, 14.35315, 32.98589], "size": [34, 1, 11], "uv": [103, 0]},
						{"origin": [-18, 15.35315, 32.98589], "size": [1, 1, 11], "uv": [24, 203]},
						{"origin": [17, 15.35315, 36.98589], "size": [1, 1, 7], "pivot": [18, 16, 37], "rotation": [7.5, 0, 0], "uv": [92, 180]},
						{"origin": [15, 14.35315, 31.98589], "size": [2, 2, 12], "pivot": [17, 16, 37], "rotation": [7.5, 0, 0], "uv": [114, 193]},
						{"origin": [-17, 14.35315, 31.98589], "size": [2, 2, 12], "pivot": [-15, 16, 37], "rotation": [7.5, 0, 0], "uv": [52, 191]},
						{"origin": [-18, 15.35315, 36.98589], "size": [1, 1, 7], "pivot": [-17, 16, 37], "rotation": [7.5, 0, 0], "uv": [126, 89]}
					]
				},
				{
					"name": "cabinex",
					"parent": "mid",
					"pivot": [-1, -1, -1],
					"cubes": [
						{"origin": [16, 14, -15], "size": [1, 21, 1], "pivot": [17, 14, -15], "rotation": [-60, 0, 0], "uv": [98, 215]},
						{"origin": [16, 17, -14], "size": [1, 18, 1], "pivot": [17, 14, -15], "rotation": [-60, 0, 0], "uv": [8, 216]},
						{"origin": [-17, 17, -14], "size": [1, 18, 1], "pivot": [-16, 14, -15], "rotation": [-60, 0, 0], "uv": [4, 216]},
						{"origin": [-16, 33, -15], "size": [32, 1, 1], "pivot": [16, 14, -15], "rotation": [-60, 0, 0], "uv": [162, 38]},
						{"origin": [-16, 16, -15], "size": [32, 2, 1], "pivot": [16, 14, -15], "rotation": [-60, 0, 0], "uv": [134, 160]},
						{"origin": [15, 18, -15], "size": [1, 15, 1], "pivot": [16, 14, -15], "rotation": [-60, 0, 0], "uv": [59, 217]},
						{"origin": [-16, 18, -15], "size": [1, 15, 1], "pivot": [-15, 14, -15], "rotation": [-60, 0, 0], "uv": [12, 216]},
						{"origin": [-17, 14, -15], "size": [1, 21, 1], "pivot": [-16, 14, -15], "rotation": [-60, 0, 0], "uv": [34, 215]},
						{"origin": [-17, 34.2, -15], "size": [1, 1, 1], "pivot": [-16, 14, -15], "rotation": [-60, 0, 0], "uv": [202, 192]},
						{"origin": [16, 34.2, -15], "size": [1, 1, 1], "pivot": [17, 14, -15], "rotation": [-60, 0, 0], "uv": [202, 190]},
						{"origin": [-16, 34.2, -15], "size": [32, 1, 1], "pivot": [16, 14, -15], "rotation": [-60, 0, 0], "uv": [162, 36]},
						{"origin": [-16, 34, -15], "size": [32, 1, 1], "pivot": [-15, 14, -15], "rotation": [-60, 0, 0], "uv": [162, 34]},
						{"origin": [16, 23.5455, 3.25], "size": [1, 1, 1], "pivot": [17, 24, 4], "rotation": [-75, 0, 0], "uv": [88, 202]},
						{"origin": [16, 23.5455, 4.25], "size": [1, 1, 1], "pivot": [17, 24, 4], "rotation": [-75, 0, 0], "uv": [82, 202]},
						{"origin": [-17, 23.5455, 4.25], "size": [1, 1, 1], "pivot": [-16, 24, 4], "rotation": [-75, 0, 0], "uv": [31, 202]},
						{"origin": [16, 23.67, 3.25], "size": [1, 1, 1], "pivot": [17, 24, 4], "rotation": [-75, 0, 0], "uv": [201, 68]},
						{"origin": [-17, 23.67, 3.25], "size": [1, 1, 1], "pivot": [-16, 24, 4], "rotation": [-75, 0, 0], "uv": [6, 201]},
						{"origin": [-16, 23.67, 3.25], "size": [32, 1, 1], "pivot": [-15, 24, 4], "rotation": [-75, 0, 0], "uv": [162, 32]},
						{"origin": [-16, 23.5455, 3.25], "size": [32, 1, 1], "pivot": [16, 24, 4], "rotation": [-75, 0, 0], "uv": [162, 30]},
						{"origin": [-17, 23.5455, 3.25], "size": [1, 1, 1], "pivot": [-16, 24, 4], "rotation": [-75, 0, 0], "uv": [0, 201]},
						{"origin": [16, 23.57957, 4.1], "size": [1, 7, 1], "pivot": [17, 24, 5], "rotation": [-90, 0, 0], "uv": [78, 213]},
						{"origin": [16, 22.57957, 4.1], "size": [1, 7, 1], "pivot": [17, 23, 5], "rotation": [-90, 0, 0], "uv": [209, 0]},
						{"origin": [-17, 22.57957, 4.1], "size": [1, 7, 1], "pivot": [-16, 23, 5], "rotation": [-90, 0, 0], "uv": [176, 199]},
						{"origin": [16, 23.45, 4.1], "size": [1, 1, 1], "pivot": [17, 24, 5], "rotation": [-90, 0, 0], "uv": [107, 200]},
						{"origin": [-17, 23.45, 4.1], "size": [1, 1, 1], "pivot": [-16, 24, 5], "rotation": [-90, 0, 0], "uv": [100, 200]},
						{"origin": [-16, 23.45, 4.1], "size": [32, 1, 1], "pivot": [-15, 24, 5], "rotation": [-90, 0, 0], "uv": [162, 28]},
						{"origin": [-16, 23.57957, 4.1], "size": [32, 7, 1], "pivot": [16, 24, 5], "rotation": [-90, 0, 0], "uv": [33, 134]},
						{"origin": [-17, 23.57957, 4.1], "size": [1, 7, 1], "pivot": [-16, 24, 5], "rotation": [-90, 0, 0], "uv": [13, 199]},
						{"origin": [16, 24.57957, 12.14], "size": [1, 6, 1], "pivot": [17, 25, 12], "rotation": [-95, 0, 0], "uv": [93, 215]},
						{"origin": [16, 24.57957, 13.14], "size": [1, 3, 1], "pivot": [17, 25, 12], "rotation": [-95, 0, 0], "uv": [85, 86]},
						{"origin": [-17, 24.57957, 13.14], "size": [1, 3, 1], "pivot": [-16, 25, 12], "rotation": [-95, 0, 0], "uv": [38, 74]},
						{"origin": [-17, 26.7, 13.14], "size": [1, 1, 1], "pivot": [-16, 25, 12], "rotation": [-95, 0, 0], "uv": [94, 200]},
						{"origin": [16, 26.7, 13.14], "size": [1, 1, 1], "pivot": [17, 25, 12], "rotation": [-95, 0, 0], "uv": [88, 199]},
						{"origin": [16, 29.625, 12.14], "size": [1, 1, 1], "pivot": [17, 25, 12], "rotation": [-95, 0, 0], "uv": [82, 199]},
						{"origin": [-17, 29.625, 12.14], "size": [1, 1, 1], "pivot": [-16, 25, 12], "rotation": [-95, 0, 0], "uv": [6, 199]},
						{"origin": [-17, 24.57957, 12.14], "size": [1, 6, 1], "pivot": [-16, 25, 12], "rotation": [-95, 0, 0], "uv": [186, 189]},
						{"origin": [-16, 24.57957, 12.14], "size": [32, 6, 1], "pivot": [-15, 25, 12], "rotation": [-95, 0, 0], "uv": [149, 141]},
						{"origin": [16, 25, 18.75], "size": [1, 19, 1], "pivot": [17, 25, 18], "rotation": [-120, 0, 0], "uv": [0, 216]},
						{"origin": [16, 24.92, 18.75], "size": [1, 1, 1], "pivot": [17, 25, 18], "rotation": [-117.5, 0, 0], "uv": [0, 199]},
						{"origin": [-17, 24.92, 18.75], "size": [1, 1, 1], "pivot": [-16, 25, 18], "rotation": [-117.5, 0, 0], "uv": [107, 198]},
						{"origin": [-16, 24.92, 18.75], "size": [32, 1, 1], "pivot": [-15, 25, 18], "rotation": [-117.5, 0, 0], "uv": [33, 146]},
						{"origin": [-17, 25, 18.75], "size": [1, 19, 1], "pivot": [-16, 25, 18], "rotation": [-120, 0, 0], "uv": [102, 215]},
						{"origin": [-16, 41, 18.75], "size": [32, 3, 1], "pivot": [-15, 25, 18], "rotation": [-120, 0, 0], "uv": [68, 160]},
						{"origin": [16, 23.50383, 15.36527], "size": [1, 3, 10], "pivot": [17, 24, 15], "rotation": [-75, 0, 0], "uv": [178, 208]},
						{"origin": [16, 22.50383, 15.36527], "size": [1, 1, 8], "pivot": [17, 24, 15], "rotation": [-75, 0, 0], "uv": [214, 142]},
						{"origin": [-17, 22.50383, 15.36527], "size": [1, 1, 8], "pivot": [-16, 24, 15], "rotation": [-75, 0, 0], "uv": [214, 133]},
						{"origin": [16, 23.5038, 15], "size": [1, 1, 1], "pivot": [17, 24, 15], "rotation": [-75, 0, 0], "uv": [100, 198]},
						{"origin": [-17, 23.5038, 15], "size": [1, 1, 1], "pivot": [-16, 24, 15], "rotation": [-75, 0, 0], "uv": [94, 198]},
						{"origin": [-17, 23.50383, 15.36527], "size": [1, 3, 10], "pivot": [-16, 24, 15], "rotation": [-75, 0, 0], "uv": [108, 207]},
						{"origin": [16, 15, 2], "size": [1, 1, 14], "pivot": [17, 15, 2], "rotation": [2.5, 0, 0], "uv": [34, 186]},
						{"origin": [-17, 15, 2], "size": [1, 1, 14], "pivot": [-16, 15, 2], "rotation": [2.5, 0, 0], "uv": [68, 118]},
						{"origin": [16, 15, -9], "size": [1, 1, 11], "uv": [202, 178]},
						{"origin": [-17, 15, -9], "size": [1, 1, 11], "uv": [202, 70]}
					]
				},
				{
					"name": "sml",
					"parent": "cabinex",
					"pivot": [-1, -1, -1],
					"cubes": [
						{"origin": [17, 15, -10], "size": [1, 1, 1], "uv": [88, 197]},
						{"origin": [18, 15, -10], "size": [3, 2, 1], "pivot": [18, 15, -10], "rotation": [0, -40, 0], "uv": [118, 54]}
					]
				},
				{
					"name": "smr",
					"parent": "cabinex",
					"pivot": [-36, -1, -1],
					"cubes": [
						{"origin": [-18, 15, -10], "size": [1, 1, 1], "uv": [82, 197]},
						{"origin": [-21, 15, -10], "size": [3, 2, 1], "pivot": [-18, 15, -10], "rotation": [0, 40, 0], "uv": [34, 42]}
					]
				},
				{
					"name": "cabinin",
					"parent": "mid",
					"pivot": [-1, 0, 0],
					"cubes": [
						{"origin": [3, 10, -15], "size": [13, 5, 7], "uv": [174, 84]},
						{"origin": [-16, 10, -15], "size": [13, 5, 7], "uv": [172, 148]},
						{"origin": [-10.5, 3.5, -15], "size": [1, 1, 3], "uv": [208, 166]},
						{"origin": [-6.5, 3.5, -15], "size": [1, 1, 3], "uv": [26, 202]},
						{"origin": [-11, 4, -15], "size": [2, 1, 3], "pivot": [-10, 5, -12], "rotation": [-10, 0, 0], "uv": [140, 45]},
						{"origin": [-7, 4, -15], "size": [2, 1, 3], "pivot": [-6, 5, -12], "rotation": [-10, 0, 0], "uv": [140, 36]},
						{"origin": [-3, 3, -15], "size": [6, 12, 7], "uv": [183, 189]},
						{"origin": [-3, 3, -8], "size": [6, 4, 21], "uv": [129, 28]},
						{"origin": [-2.5, 3.8, 12.2], "size": [5, 3, 1], "uv": [34, 190]}
					]
				},
				{
					"name": "driversseat",
					"parent": "cabinin",
					"pivot": [-1, 0, 0],
					"cubes": [
						{"origin": [-4, 7, 0], "size": [1, 1, 12], "uv": [37, 201]},
						{"origin": [-6, 7, 0], "size": [2, 1, 12], "pivot": [-4, 8, 12], "rotation": [0, 0, -55], "uv": [160, 200]},
						{"origin": [-15, 7, 0], "size": [1, 1, 12], "uv": [200, 148]},
						{"origin": [-14, 7, 0], "size": [2, 1, 12], "pivot": [-14, 8, 12], "rotation": [0, 0, 55], "uv": [144, 199]},
						{"origin": [-14, 3, 0], "size": [10, 4, 12], "uv": [94, 164]},
						{"origin": [-4, 7, 3], "size": [1, 1, 10], "pivot": [-3, 8, 12], "rotation": [-97.5, 0, 0], "uv": [208, 86]},
						{"origin": [-15, 7, 3], "size": [1, 1, 10], "pivot": [-14, 8, 12], "rotation": [-97.5, 0, 0], "uv": [208, 0]},
						{"origin": [-14, 8, 3], "size": [10, 1, 10], "pivot": [-13, 8, 12], "rotation": [-97.5, 0, 0], "uv": [50, 180]},
						{"origin": [-4, 17.17474, 8.923], "size": [1, 1, 3], "pivot": [-3, 17, 12], "rotation": [-90, 0, 0], "uv": [196, 96]},
						{"origin": [-4, 17.17474, 11.2], "size": [1, 1, 1], "pivot": [-3, 17, 12], "rotation": [-90, 0, 0], "uv": [44, 197]},
						{"origin": [-15, 17.17474, 11.2], "size": [1, 1, 1], "pivot": [-14, 17, 12], "rotation": [-90, 0, 0], "uv": [196, 163]},
						{"origin": [-14, 17.17474, 12.2], "size": [10, 1, 1], "pivot": [-13, 17, 13], "rotation": [-90, 0, 0], "uv": [167, 165]},
						{"origin": [-15, 17.17474, 8.923], "size": [1, 1, 3], "pivot": [-14, 17, 12], "rotation": [-90, 0, 0], "uv": [182, 4]},
						{"origin": [-14, 18.17474, 8.923], "size": [3, 1, 1], "pivot": [-13, 18, 12], "rotation": [-90, 0, 0], "uv": [193, 10]},
						{"origin": [-15, 21.17474, 11.923], "size": [1, 1, 1], "pivot": [-14, 21, 12], "rotation": [-90, 0, -45], "uv": [28, 196]},
						{"origin": [-15.35, 21.17474, 11.923], "size": [1, 1, 1], "pivot": [-14, 21, 12], "rotation": [-90, 0, -45], "uv": [195, 97]},
						{"origin": [-12.35, 22.17474, 11.923], "size": [1, 1, 1], "pivot": [-11, 22, 12], "rotation": [-90, 0, -45], "uv": [11, 194]},
						{"origin": [-12, 22.17474, 11.923], "size": [1, 1, 1], "pivot": [-11, 22, 12], "rotation": [-90, 0, -45], "uv": [28, 193]},
						{"origin": [-7, 18.17474, 8.923], "size": [3, 1, 1], "pivot": [-6, 18, 12], "rotation": [-90, 0, 0], "uv": [129, 184]},
						{"origin": [-4, 21.17474, 11.923], "size": [1, 1, 1], "pivot": [-4, 21, 12], "rotation": [-90, 0, 45], "uv": [59, 191]},
						{"origin": [-7, 22.17474, 11.923], "size": [1, 1, 1], "pivot": [-7, 22, 12], "rotation": [-90, 0, 45], "uv": [187, 4]},
						{"origin": [-3.65, 21.17474, 11.923], "size": [1, 1, 1], "pivot": [-4, 21, 12], "rotation": [-90, 0, 45], "uv": [187, 0]},
						{"origin": [-6.65, 22.17474, 11.923], "size": [1, 1, 1], "pivot": [-7, 22, 12], "rotation": [-90, 0, 45], "uv": [86, 187]},
						{"origin": [-11, 19.17474, 8.923], "size": [4, 1, 1], "pivot": [-10, 19, 12], "rotation": [-90, 0, 0], "uv": [0, 136]},
						{"origin": [-11, 18.17474, 9.923], "size": [4, 1, 1], "pivot": [-10, 18, 13], "rotation": [-90, 0, 0], "uv": [68, 130]},
						{"origin": [-11, 17.17474, 10.923], "size": [4, 1, 2], "pivot": [-10, 17, 13], "rotation": [-90, 0, 0], "uv": [220, 6]},
						{"origin": [-14, 17.17474, 9.923], "size": [3, 1, 3], "pivot": [-14, 17, 13], "rotation": [-90, 0, 0], "uv": [17, 190]},
						{"origin": [-7, 17.17474, 9.923], "size": [3, 1, 3], "pivot": [-7, 17, 13], "rotation": [-90, 0, 0], "uv": [174, 189]}
					]
				},
				{
					"name": "passengerseat",
					"parent": "cabinin",
					"pivot": [17, 0, 0],
					"cubes": [
						{"origin": [14, 7, 0], "size": [1, 1, 12], "uv": [200, 109]},
						{"origin": [12, 7, 0], "size": [2, 1, 12], "pivot": [14, 8, 12], "rotation": [0, 0, -55], "uv": [192, 96]},
						{"origin": [3, 7, 0], "size": [1, 1, 12], "uv": [17, 54]},
						{"origin": [4, 7, 0], "size": [2, 1, 12], "pivot": [4, 8, 12], "rotation": [0, 0, 55], "uv": [92, 58]},
						{"origin": [4, 3, 0], "size": [10, 4, 12], "uv": [50, 164]},
						{"origin": [14, 7, 3], "size": [1, 1, 10], "pivot": [15, 8, 12], "rotation": [-97.5, 0, 0], "uv": [207, 167]},
						{"origin": [3, 7, 3], "size": [1, 1, 10], "pivot": [4, 8, 12], "rotation": [-97.5, 0, 0], "uv": [82, 198]},
						{"origin": [4, 8, 3], "size": [10, 1, 10], "pivot": [5, 8, 12], "rotation": [-97.5, 0, 0], "uv": [168, 178]},
						{"origin": [14, 17.17474, 8.923], "size": [1, 1, 3], "pivot": [15, 17, 12], "rotation": [-90, 0, 0], "uv": [182, 0]},
						{"origin": [14, 17.17474, 11.2], "size": [1, 1, 1], "pivot": [15, 17, 12], "rotation": [-90, 0, 0], "uv": [80, 187]},
						{"origin": [3, 17.17474, 11.2], "size": [1, 1, 1], "pivot": [4, 17, 12], "rotation": [-90, 0, 0], "uv": [43, 186]},
						{"origin": [4, 17.17474, 12.2], "size": [10, 1, 1], "pivot": [5, 17, 13], "rotation": [-90, 0, 0], "uv": [17, 67]},
						{"origin": [3, 17.17474, 8.923], "size": [1, 1, 3], "pivot": [4, 17, 12], "rotation": [-90, 0, 0], "uv": [127, 169]},
						{"origin": [4, 18.17474, 8.923], "size": [3, 1, 1], "pivot": [5, 18, 12], "rotation": [-90, 0, 0], "uv": [17, 183]},
						{"origin": [3, 21.17474, 11.923], "size": [1, 1, 1], "pivot": [4, 21, 12], "rotation": [-90, 0, -45], "uv": [27, 186]},
						{"origin": [2.65, 21.17474, 11.923], "size": [1, 1, 1], "pivot": [4, 21, 12], "rotation": [-90, 0, -45], "uv": [86, 185]},
						{"origin": [5.65, 22.17474, 11.923], "size": [1, 1, 1], "pivot": [7, 22, 12], "rotation": [-90, 0, -45], "uv": [80, 185]},
						{"origin": [6, 22.17474, 11.923], "size": [1, 1, 1], "pivot": [7, 22, 12], "rotation": [-90, 0, -45], "uv": [10, 183]},
						{"origin": [11, 18.17474, 8.923], "size": [3, 1, 1], "pivot": [12, 18, 12], "rotation": [-90, 0, 0], "uv": [167, 171]},
						{"origin": [14, 21.17474, 11.923], "size": [1, 1, 1], "pivot": [14, 21, 12], "rotation": [-90, 0, 45], "uv": [174, 182]},
						{"origin": [11, 22.17474, 11.923], "size": [1, 1, 1], "pivot": [11, 22, 12], "rotation": [-90, 0, 45], "uv": [146, 182]},
						{"origin": [14.35, 21.17474, 11.923], "size": [1, 1, 1], "pivot": [14, 21, 12], "rotation": [-90, 0, 45], "uv": [140, 182]},
						{"origin": [11.35, 22.17474, 11.923], "size": [1, 1, 1], "pivot": [11, 22, 12], "rotation": [-90, 0, 45], "uv": [86, 182]},
						{"origin": [7, 19.17474, 8.923], "size": [4, 1, 1], "pivot": [8, 19, 12], "rotation": [-90, 0, 0], "uv": [68, 115]},
						{"origin": [7, 18.17474, 9.923], "size": [4, 1, 1], "pivot": [8, 18, 13], "rotation": [-90, 0, 0], "uv": [34, 100]},
						{"origin": [7, 17.17474, 10.923], "size": [4, 1, 2], "pivot": [8, 17, 13], "rotation": [-90, 0, 0], "uv": [220, 3]},
						{"origin": [-9, 12, -8.5], "size": [1, 1, 4], "pivot": [-8, 13, -8], "rotation": [2.5, 0, 0], "uv": [207, 85]},
						{"origin": [-8, 12, -6.5], "size": [3, 1, 1], "pivot": [-8, 13, -8], "rotation": [2.5, 0, -12.5], "uv": [57, 162]},
						{"origin": [-12, 12, -6.5], "size": [3, 1, 1], "pivot": [-9, 13, -8], "rotation": [2.5, 0, 12.5], "uv": [139, 145]},
						{"origin": [-10, 11, -8.5], "size": [3, 3, 1], "uv": [129, 180]},
						{"origin": [4, 17.17474, 9.923], "size": [3, 1, 3], "pivot": [4, 17, 13], "rotation": [-90, 0, 0], "uv": [0, 187]},
						{"origin": [11, 17.17474, 9.923], "size": [3, 1, 3], "pivot": [11, 17, 13], "rotation": [-90, 0, 0], "uv": [34, 186]}
					]
				},
				{
					"name": "steeringwheel",
					"parent": "cabinin",
					"pivot": [-8.5, 12.5, -4],
					"cubes": [
						{"origin": [-9, 12, -4.5], "size": [1, 2, 1], "uv": [105, 107]},
						{"origin": [-8, 13, -4.5], "size": [1, 1, 1], "pivot": [-8, 14, -5], "rotation": [0, 0, 45], "uv": [80, 182]},
						{"origin": [-9, 13, -4.5], "size": [1, 1, 1], "pivot": [-9, 14, -5], "rotation": [0, 0, 45], "uv": [146, 180]},
						{"origin": [-9, 12.5, -4.5], "size": [1, 1, 1], "pivot": [-9, 14, -5], "rotation": [0, 0, 45], "uv": [140, 180]},
						{"origin": [-7.5, 13, -4.5], "size": [1, 1, 1], "pivot": [-8, 14, -5], "rotation": [0, 0, 45], "uv": [86, 180]},
						{"origin": [-8, 12, -4.5], "size": [3, 1, 1], "uv": [132, 138]},
						{"origin": [-12, 12, -4.5], "size": [3, 1, 1], "uv": [57, 128]},
						{"origin": [-9, 9, -4.5], "size": [1, 3, 1], "uv": [32, 74]},
						{"origin": [-8, 11, -4.5], "size": [1, 1, 1], "pivot": [-8, 11, -5], "rotation": [0, 0, -45], "uv": [80, 180]},
						{"origin": [-9, 11, -4.5], "size": [1, 1, 1], "pivot": [-9, 11, -5], "rotation": [0, 0, -45], "uv": [173, 179]},
						{"origin": [-9, 11.5, -4.5], "size": [1, 1, 1], "pivot": [-9, 11, -5], "rotation": [0, 0, -45], "uv": [167, 179]},
						{"origin": [-7.5, 11, -4.5], "size": [1, 1, 1], "pivot": [-8, 11, -5], "rotation": [0, 0, -45], "uv": [37, 178]}
					]
				},
				{
					"name": "1",
					"parent": "steeringwheel",
					"pivot": [-8.5, 12.5, -5],
					"cubes": [
						{"origin": [-9, 16, -4.5], "size": [1, 1, 1], "pivot": [-8.5, 12.5, -4], "rotation": [0, 0, 12.5], "uv": [173, 177]},
						{"origin": [-9, 16, -4.5], "size": [1, 1, 1], "pivot": [-8.5, 12.5, -4], "rotation": [0, 0, 25], "uv": [167, 177]},
						{"origin": [-9, 16, -4.5], "size": [1, 1, 1], "pivot": [-8.5, 12.5, -4], "rotation": [0, 0, 37.5], "uv": [146, 177]},
						{"origin": [-9, 16, -4.5], "size": [1, 1, 1], "pivot": [-8.5, 12.5, -4], "rotation": [0, 0, 50], "uv": [140, 177]},
						{"origin": [-9, 16, -4.5], "size": [1, 1, 1], "pivot": [-8.5, 12.5, -4], "rotation": [0, 0, 62.5], "uv": [9, 177]},
						{"origin": [-9, 16, -4.5], "size": [1, 1, 1], "pivot": [-8.5, 12.5, -4], "rotation": [0, 0, 75], "uv": [146, 175]},
						{"origin": [-9, 16, -4.5], "size": [1, 1, 1], "pivot": [-8.5, 12.5, -4], "rotation": [0, 0, 87.5], "uv": [140, 175]}
					]
				},
				{
					"name": "2",
					"parent": "steeringwheel",
					"pivot": [-8.5, 12.5, -5],
					"rotation": [0, 0, 87.5],
					"cubes": [
						{"origin": [-9, 16, -4.5], "size": [1, 1, 1], "pivot": [-8.5, 12.5, -4], "rotation": [0, 0, 12.5], "uv": [37, 174]},
						{"origin": [-9, 16, -4.5], "size": [1, 1, 1], "pivot": [-8.5, 12.5, -4], "rotation": [0, 0, 25], "uv": [101, 171]},
						{"origin": [-9, 16, -4.5], "size": [1, 1, 1], "pivot": [-8.5, 12.5, -4], "rotation": [0, 0, 37.5], "uv": [95, 171]},
						{"origin": [-9, 16, -4.5], "size": [1, 1, 1], "pivot": [-8.5, 12.5, -4], "rotation": [0, 0, 50], "uv": [88, 171]},
						{"origin": [-9, 16, -4.5], "size": [1, 1, 1], "pivot": [-8.5, 12.5, -4], "rotation": [0, 0, 62.5], "uv": [82, 171]},
						{"origin": [-9, 16, -4.5], "size": [1, 1, 1], "pivot": [-8.5, 12.5, -4], "rotation": [0, 0, 75], "uv": [57, 170]},
						{"origin": [-9, 16, -4.5], "size": [1, 1, 1], "pivot": [-8.5, 12.5, -4], "rotation": [0, 0, 87.5], "uv": [44, 170]}
					]
				},
				{
					"name": "3",
					"parent": "steeringwheel",
					"pivot": [-8.5, 12.5, -5],
					"rotation": [0, 0, 175],
					"cubes": [
						{"origin": [-9, 16, -4.5], "size": [1, 1, 1], "pivot": [-8.5, 12.5, -4], "rotation": [0, 0, 12.5], "uv": [101, 169]},
						{"origin": [-9, 16, -4.5], "size": [1, 1, 1], "pivot": [-8.5, 12.5, -4], "rotation": [0, 0, 25], "uv": [95, 169]},
						{"origin": [-9, 16, -4.5], "size": [1, 1, 1], "pivot": [-8.5, 12.5, -4], "rotation": [0, 0, 37.5], "uv": [88, 169]},
						{"origin": [-9, 16, -4.5], "size": [1, 1, 1], "pivot": [-8.5, 12.5, -4], "rotation": [0, 0, 50], "uv": [82, 169]},
						{"origin": [-9, 16, -4.5], "size": [1, 1, 1], "pivot": [-8.5, 12.5, -4], "rotation": [0, 0, 62.5], "uv": [57, 168]},
						{"origin": [-9, 16, -4.5], "size": [1, 1, 1], "pivot": [-8.5, 12.5, -4], "rotation": [0, 0, 75], "uv": [44, 168]},
						{"origin": [-9, 16, -4.5], "size": [1, 1, 1], "pivot": [-8.5, 12.5, -4], "rotation": [0, 0, 87.5], "uv": [130, 166]}
					]
				},
				{
					"name": "4",
					"parent": "steeringwheel",
					"pivot": [-8.5, 12.5, -5],
					"rotation": [0, 0, -97.5],
					"cubes": [
						{"origin": [-9, 16, -4.5], "size": [1, 1, 1], "pivot": [-8.5, 12.5, -4], "rotation": [0, 0, 12.5], "uv": [101, 166]},
						{"origin": [-9, 16, -4.5], "size": [1, 1, 1], "pivot": [-8.5, 12.5, -4], "rotation": [0, 0, 25], "uv": [95, 166]},
						{"origin": [-9, 16, -4.5], "size": [1, 1, 1], "pivot": [-8.5, 12.5, -4], "rotation": [0, 0, 37.5], "uv": [88, 166]},
						{"origin": [-9, 16, -4.5], "size": [1, 1, 1], "pivot": [-8.5, 12.5, -4], "rotation": [0, 0, 50], "uv": [82, 166]},
						{"origin": [-9, 16, -4.5], "size": [1, 1, 1], "pivot": [-8.5, 12.5, -4], "rotation": [0, 0, 62.5], "uv": [130, 164]},
						{"origin": [-9, 16, -4.5], "size": [1, 1, 1], "pivot": [-8.5, 12.5, -4], "rotation": [0, 0, 75], "uv": [101, 164]},
						{"origin": [-9, 16, -4.5], "size": [1, 1, 1], "pivot": [-8.5, 12.5, -4], "rotation": [0, 0, 87.5], "uv": [95, 164]},
						{"origin": [-9, 16, -4.5], "size": [1, 1, 1], "pivot": [-8.5, 12.5, -4], "rotation": [0, 0, 100], "uv": [88, 164]}
					]
				},
				{
					"name": "stickshift",
					"parent": "cabinin",
					"pivot": [-1, 5, -3],
					"rotation": [-27.5, 0, 0],
					"cubes": [
						{"origin": [-3, 3, -10], "size": [6, 4, 7], "uv": [110, 180]},
						{"origin": [-2, 7, -9], "size": [4, 1, 5], "uv": [202, 190]},
						{"origin": [-1.5, 7.5, -8.5], "size": [3, 1, 4], "uv": [103, 12]},
						{"origin": [-0.5, 8.5, -7], "size": [1, 3, 1], "pivot": [-2, 9, -7], "rotation": [-12.5, 0, 0], "uv": [47, 73]}
					]
				},
				{
					"name": "handbrake",
					"parent": "cabinin",
					"pivot": [-1, 0, 0],
					"cubes": [
						{"origin": [-2, 7, 7], "size": [2, 2, 2], "uv": [167, 167]},
						{"origin": [-1.5, 8, 3], "size": [1, 1, 5], "pivot": [-1, 9, 7], "rotation": [-5, 0, 0], "uv": [112, 102]},
						{"origin": [-2, 7, 9], "size": [2, 2, 3], "pivot": [-1, 9, 9], "rotation": [-40, 0, 0], "uv": [120, 207]}
					]
				},
				{
					"name": "rvm",
					"parent": "cabinin",
					"pivot": [-1, 0, 0],
					"cubes": [
						{"origin": [-0.5, 23, 3], "size": [1, 1, 1], "uv": [82, 164]},
						{"origin": [-2.5, 21, 3], "size": [5, 2, 1], "uv": [220, 0]}
					]
				},
				{
					"name": "pecutan",
					"parent": "cabinin",
					"pivot": [-1, 0, 0],
					"cubes": [
						{"origin": [-13.5, 3.5, -15], "size": [1, 1, 3], "uv": [208, 170]},
						{"origin": [-14, 4, -15], "size": [2, 1, 3], "pivot": [-13, 5, -12], "rotation": [-10, 0, 0], "uv": [167, 182]}
					]
				},
				{
					"name": "back",
					"pivot": [0, 0, -3],
					"cubes": [
						{"origin": [17, 4, 35], "size": [1, 1, 11], "pivot": [18, 4, 35], "rotation": [5, 0, 0], "uv": [82, 164]},
						{"origin": [-17, 4, 35], "size": [34, 1, 11], "pivot": [17, 4, 35], "rotation": [5, 0, 0], "uv": [92, 72]},
						{"origin": [17, 5, 35], "size": [1, 6, 11], "uv": [0, 199]},
						{"origin": [-18, 5, 35], "size": [1, 6, 11], "uv": [94, 198]},
						{"origin": [-18, 9, 45.5], "size": [1, 1, 1], "uv": [57, 164]},
						{"origin": [17, 9, 45.5], "size": [1, 1, 1], "uv": [0, 164]},
						{"origin": [-18, 11, 43.5], "size": [1, 1, 1], "uv": [0, 162]},
						{"origin": [17, 11, 43.5], "size": [1, 1, 1], "uv": [27, 153]},
						{"origin": [-18, 11, 35], "size": [1, 5, 9], "uv": [129, 31]},
						{"origin": [17, 11, 35], "size": [1, 5, 9], "uv": [23, 36]},
						{"origin": [-18, 4, 35], "size": [1, 1, 11], "pivot": [-17, 4, 35], "rotation": [5, 0, 0], "uv": [99, 102]},
						{"origin": [17, 4.96252, 45.9547], "size": [1, 1, 5], "pivot": [18, 5, 46], "rotation": [77.5, 0, 0], "uv": [68, 109]},
						{"origin": [14, 4.96252, 46.9547], "size": [3, 1, 4], "pivot": [17, 5, 46], "rotation": [77.5, 0, 0], "uv": [0, 64]},
						{"origin": [14, 5.74608, 45.97841], "size": [1, 1, 4], "pivot": [15, 6, 46], "rotation": [77.5, 0, -10], "uv": [206, 65]},
						{"origin": [-14, 4.96252, 49.9547], "size": [28, 1, 1], "pivot": [14, 5, 46], "rotation": [77.5, 0, 0], "uv": [133, 163]},
						{"origin": [-14, 5.96252, 46.9547], "size": [28, 1, 3], "pivot": [14, 5, 46], "rotation": [77.5, 0, 0], "uv": [162, 40]},
						{"origin": [-17, 4.96252, 46.9547], "size": [3, 1, 4], "pivot": [-14, 5, 46], "rotation": [77.5, 0, 0], "uv": [0, 10]},
						{"origin": [-15, 5.74608, 45.97841], "size": [1, 1, 4], "pivot": [-15, 6, 46], "rotation": [77.5, 0, 10], "uv": [0, 204]},
						{"origin": [13, 4.96252, 45.9547], "size": [4, 1, 1], "pivot": [17, 5, 46], "rotation": [77.5, 0, 0], "uv": [16, 92]},
						{"origin": [-10, 4.96252, 45.9547], "size": [20, 1, 1], "pivot": [10, 5, 46], "rotation": [77.5, 0, 0], "uv": [92, 87]},
						{"origin": [-17, 4.96252, 45.9547], "size": [4, 1, 1], "pivot": [-13, 5, 46], "rotation": [77.5, 0, 0], "uv": [25, 30]},
						{"origin": [-18, 4.96252, 45.9547], "size": [1, 1, 5], "pivot": [-17, 5, 46], "rotation": [77.5, 0, 0], "uv": [103, 17]},
						{"origin": [-18, 4.96252, 50], "size": [1, 1, 1], "pivot": [-17, 5, 46], "rotation": [77.5, 0, 0], "uv": [55, 152]},
						{"origin": [17, 4.96252, 50], "size": [1, 1, 1], "pivot": [18, 5, 46], "rotation": [77.5, 0, 0], "uv": [0, 151]},
						{"origin": [17, 9.85662, 46.85678], "size": [1, 1, 1], "pivot": [18, 10, 47], "rotation": [90, 0, 0], "uv": [67, 150]},
						{"origin": [-17, 9.85662, 46.85678], "size": [34, 1, 1], "pivot": [17, 10, 47], "rotation": [90, 0, 0], "uv": [0, 156]},
						{"origin": [17, 9.85662, 45.85678], "size": [1, 3, 1], "pivot": [18, 10, 46], "rotation": [52.5, 0, 0], "uv": [32, 69]},
						{"origin": [-17, 9.85662, 45.85678], "size": [34, 3, 1], "pivot": [17, 10, 46], "rotation": [52.5, 0, 0], "uv": [149, 125]},
						{"origin": [-18, 9.85662, 45.85678], "size": [1, 3, 1], "pivot": [-17, 10, 46], "rotation": [52.5, 0, 0], "uv": [10, 64]},
						{"origin": [17, 15.352, 43.85678], "size": [1, 1, 1], "uv": [0, 149]},
						{"origin": [-18, 15.352, 43.85678], "size": [1, 1, 1], "uv": [67, 148]},
						{"origin": [-18, 16.352, 43.85678], "size": [3, 1, 1], "uv": [27, 6]},
						{"origin": [15, 16.352, 43.85678], "size": [3, 1, 1], "uv": [17, 6]},
						{"origin": [17, 11.352, 43.85678], "size": [1, 4, 1], "uv": [68, 109]},
						{"origin": [15, 12.352, 43.85678], "size": [2, 4, 1], "uv": [205, 148]},
						{"origin": [-17, 12.352, 43.85678], "size": [2, 4, 1], "uv": [120, 198]},
						{"origin": [-15, 12.352, 43.85678], "size": [30, 2, 1], "uv": [162, 44]},
						{"origin": [-15, 14.352, 43.85678], "size": [30, 1, 1], "uv": [162, 47]},
						{"origin": [14, 15.352, 43.85678], "size": [1, 1, 1], "uv": [146, 32]},
						{"origin": [13, 15.352, 43.85678], "size": [1, 1, 1], "pivot": [14, 16.35, 44], "rotation": [0, 0, -50], "uv": [146, 30]},
						{"origin": [12.5, 15.352, 43.85678], "size": [1, 1, 1], "pivot": [14, 16.35, 44], "rotation": [0, 0, -50], "uv": [145, 28]},
						{"origin": [-15, 15.352, 43.85678], "size": [1, 1, 1], "uv": [140, 33]},
						{"origin": [-14, 15.352, 43.85678], "size": [1, 1, 1], "pivot": [-14, 16.35, 44], "rotation": [0, 0, 50], "uv": [140, 31]},
						{"origin": [-13.5, 15.352, 43.85678], "size": [1, 1, 1], "pivot": [-14, 16.35, 44], "rotation": [0, 0, 50], "uv": [138, 97]},
						{"origin": [-17, 11.352, 43.85678], "size": [34, 1, 1], "uv": [126, 122]},
						{"origin": [-18, 11.352, 43.85678], "size": [1, 4, 1], "uv": [103, 17]},
						{"origin": [-18, 9.85662, 46.85678], "size": [1, 1, 1], "pivot": [-17, 10, 47], "rotation": [90, 0, 0], "uv": [10, 136]},
						{"origin": [11, 6, 26], "size": [4, 2, 2], "uv": [17, 186]},
						{"origin": [-15, 6, 26], "size": [4, 2, 2], "uv": [0, 183]},
						{"origin": [10, 4.5, 19], "size": [1, 10, 15], "uv": [0, 54]},
						{"origin": [-11, 4.5, 19], "size": [1, 10, 15], "uv": [0, 0]},
						{"origin": [-16, 2.5, 17], "size": [6, 12, 2], "uv": [47, 36]},
						{"origin": [10, 2.5, 17], "size": [6, 12, 2], "uv": [0, 36]},
						{"origin": [10, 3.5, 34], "size": [7, 11, 1], "uv": [16, 80]},
						{"origin": [-10, 4.5, 30], "size": [20, 10, 1], "uv": [171, 70]},
						{"origin": [-17, 4.5, 34], "size": [7, 10, 1], "uv": [108, 58]}
					]
				},
				{
					"name": "obnoxious",
					"parent": "back",
					"pivot": [0, 0, -3],
					"cubes": [
						{"origin": [11, 15, 43], "size": [1, 4, 1], "pivot": [12, 15, 43], "rotation": [-7.5, 0, 0], "uv": [68, 102]},
						{"origin": [11, 18.90369, 43.53066], "size": [1, 1, 1], "uv": [78, 130]},
						{"origin": [11, 18.90369, 40.53066], "size": [1, 1, 1], "uv": [62, 130]},
						{"origin": [11, 18.90369, 41.53066], "size": [1, 1, 2], "uv": [215, 142]},
						{"origin": [-12, 18.90369, 41.53066], "size": [1, 1, 2], "uv": [214, 146]},
						{"origin": [-12, 18.90369, 40.53066], "size": [1, 1, 1], "uv": [0, 126]},
						{"origin": [-12, 18.90369, 43.53066], "size": [1, 1, 1], "uv": [0, 124]},
						{"origin": [-12, 18.8, 43.53066], "size": [1, 1, 1], "uv": [123, 57]},
						{"origin": [-12, 18.8, 40.53066], "size": [1, 1, 1], "uv": [84, 123]},
						{"origin": [11, 18.8, 43.53066], "size": [1, 1, 1], "uv": [120, 117]},
						{"origin": [11, 18.8, 40.53066], "size": [1, 1, 1], "uv": [120, 120]},
						{"origin": [11, 19.90369, 40.53066], "size": [8, 1, 5], "pivot": [11, 20.9, 45.5], "rotation": [0, 10, 0], "uv": [144, 213]},
						{"origin": [-19, 19.90369, 40.53066], "size": [8, 1, 5], "pivot": [-11, 20.9, 45.5], "rotation": [0, -10, 0], "uv": [211, 201]},
						{"origin": [-20, 18.90369, 40.53066], "size": [1, 2, 5], "pivot": [-11, 20.9, 45.5], "rotation": [0, -10, 0], "uv": [68, 102]},
						{"origin": [-20, 20.5, 44.53066], "size": [1, 1, 1], "pivot": [-11, 20.9, 45.5], "rotation": [0, -10, 0], "uv": [84, 120]},
						{"origin": [-19.09484, 19.90369, 38.87667], "size": [1, 1, 4], "pivot": [-20, 20.9, 39.5], "rotation": [10, -10, 0], "uv": [94, 203]},
						{"origin": [-19.09484, 19.90369, 41.95], "size": [1, 1, 1], "pivot": [-20, 20.9, 39.5], "rotation": [10, -10, 0], "uv": [119, 104]},
						{"origin": [-11, 19.90369, 40.53066], "size": [4, 1, 5], "pivot": [-11, 20.9, 45.5], "rotation": [0, 0, 5], "uv": [13, 202]},
						{"origin": [19, 18.90369, 40.53066], "size": [1, 2, 5], "pivot": [11, 20.9, 45.5], "rotation": [0, 10, 0], "uv": [92, 58]},
						{"origin": [19, 20.5, 44.53066], "size": [1, 1, 1], "pivot": [11, 20.9, 45.5], "rotation": [0, 10, 0], "uv": [119, 102]},
						{"origin": [18.09484, 19.90369, 38.87667], "size": [1, 1, 4], "pivot": [20, 20.9, 39.5], "rotation": [10, 10, 0], "uv": [82, 202]},
						{"origin": [18.09484, 19.90369, 41.95], "size": [1, 1, 1], "pivot": [20, 20.9, 39.5], "rotation": [10, 10, 0], "uv": [84, 118]},
						{"origin": [7, 19.90369, 40.53066], "size": [4, 1, 5], "pivot": [11, 21, 44], "rotation": [0, 0, -5], "uv": [126, 142]},
						{"origin": [-11, 19.5, 40.53066], "size": [22, 1, 5], "uv": [34, 80]},
						{"origin": [-13, 15, 39.53066], "size": [26, 1, 5], "uv": [0, 162]},
						{"origin": [-12, 15, 43], "size": [1, 4, 1], "pivot": [-11, 15, 43], "rotation": [-7.5, 0, 0], "uv": [99, 58]},
						{"origin": [11, 15, 40], "size": [1, 4, 1], "pivot": [12, 15, 40], "rotation": [-7.5, 0, 0], "uv": [92, 58]},
						{"origin": [11, 17, 41], "size": [1, 1, 2], "pivot": [12, 15, 40], "rotation": [-7.5, 0, 0], "uv": [182, 214]},
						{"origin": [-12, 17, 41], "size": [1, 1, 2], "pivot": [-11, 15, 40], "rotation": [-7.5, 0, 0], "uv": [120, 193]},
						{"origin": [-12, 15, 40], "size": [1, 4, 1], "pivot": [-11, 15, 40], "rotation": [-7.5, 0, 0], "uv": [34, 80]}
					]
				},
				{
					"name": "pipes",
					"parent": "back",
					"pivot": [0, 0, -3],
					"cubes": [
						{"origin": [9.5, 3.5, 38], "size": [4, 2, 5], "uv": [107, 198]},
						{"origin": [-13.5, 3.5, 38], "size": [4, 2, 5], "uv": [44, 168]},
						{"origin": [-12.5, 4, 36], "size": [2, 2, 2], "uv": [68, 156]},
						{"origin": [-10.5, 4, 36], "size": [21, 2, 1], "uv": [92, 84]},
						{"origin": [-1.5, 4, 35], "size": [3, 2, 1], "uv": [23, 42]},
						{"origin": [-1, 1.8, -24], "size": [2, 1, 43], "uv": [0, 36]},
						{"origin": [-4, 2.1, -33], "size": [8, 2, 11], "uv": [140, 175]},
						{"origin": [10.5, 4, 36], "size": [2, 2, 2], "uv": [139, 141]},
						{"origin": [-1.5, 1.8, 19], "size": [3, 1, 17], "pivot": [-15, 2, 19], "rotation": [7.5, 0, 0], "uv": [0, 36]}
					]
				},
				{
					"name": "exhaust",
					"parent": "pipes",
					"pivot": [0, 0, -2],
					"cubes": [
						{"origin": [-12, 5, 45.7], "size": [1, 1, 1], "uv": [44, 100]},
						{"origin": [-13, 5, 43], "size": [1, 1, 4], "pivot": [-11.5, 5.5, 46], "rotation": [0, 0, 37.5], "uv": [0, 199]},
						{"origin": [-13, 5, 43], "size": [1, 1, 4], "pivot": [-11.5, 5.5, 46], "rotation": [0, 0, 75], "uv": [94, 198]},
						{"origin": [-13, 5, 43], "size": [1, 1, 4], "pivot": [-11.5, 5.5, 46], "rotation": [0, 0, 112.5], "uv": [82, 197]},
						{"origin": [-13, 5, 43], "size": [1, 1, 4], "pivot": [-11.5, 5.5, 46], "rotation": [0, 0, 150], "uv": [80, 185]},
						{"origin": [-13, 5, 43], "size": [1, 1, 4], "pivot": [-11.5, 5.5, 46], "rotation": [0, 0, -172.5], "uv": [140, 180]},
						{"origin": [-13, 5, 43], "size": [1, 1, 4], "pivot": [-11.5, 5.5, 46], "rotation": [0, 0, -135], "uv": [80, 180]},
						{"origin": [-13, 5, 43], "size": [1, 1, 4], "pivot": [-11.5, 5.5, 46], "rotation": [0, 0, -97.5], "uv": [167, 177]},
						{"origin": [-13, 5, 43], "size": [1, 1, 4], "pivot": [-11.5, 5.5, 46], "rotation": [0, 0, -60], "uv": [140, 175]},
						{"origin": [-13, 5, 43], "size": [1, 1, 4], "pivot": [-11.5, 5.5, 46], "rotation": [0, 0, -22.5], "uv": [95, 169]},
						{"origin": [-13, 5, 43], "size": [1, 1, 4], "pivot": [-11.5, 5.5, 46], "rotation": [0, 0, 12.5], "uv": [82, 169]}
					]
				},
				{
					"name": "exhaust2",
					"parent": "pipes",
					"pivot": [23, 0, -2],
					"cubes": [
						{"origin": [11, 5, 45.7], "size": [1, 1, 1], "uv": [86, 77]},
						{"origin": [10, 5, 43], "size": [1, 1, 4], "pivot": [11.5, 5.5, 46], "rotation": [0, 0, 37.5], "uv": [95, 164]},
						{"origin": [10, 5, 43], "size": [1, 1, 4], "pivot": [11.5, 5.5, 46], "rotation": [0, 0, 75], "uv": [82, 164]},
						{"origin": [10, 5, 43], "size": [1, 1, 4], "pivot": [11.5, 5.5, 46], "rotation": [0, 0, 112.5], "uv": [140, 31]},
						{"origin": [10, 5, 43], "size": [1, 1, 4], "pivot": [11.5, 5.5, 46], "rotation": [0, 0, 150], "uv": [99, 107]},
						{"origin": [10, 5, 43], "size": [1, 1, 4], "pivot": [11.5, 5.5, 46], "rotation": [0, 0, -172.5], "uv": [103, 5]},
						{"origin": [10, 5, 43], "size": [1, 1, 4], "pivot": [11.5, 5.5, 46], "rotation": [0, 0, -135], "uv": [103, 0]},
						{"origin": [10, 5, 43], "size": [1, 1, 4], "pivot": [11.5, 5.5, 46], "rotation": [0, 0, -97.5], "uv": [99, 102]},
						{"origin": [10, 5, 43], "size": [1, 1, 4], "pivot": [11.5, 5.5, 46], "rotation": [0, 0, -60], "uv": [92, 77]},
						{"origin": [10, 5, 43], "size": [1, 1, 4], "pivot": [11.5, 5.5, 46], "rotation": [0, 0, -22.5], "uv": [92, 72]},
						{"origin": [10, 5, 43], "size": [1, 1, 4], "pivot": [11.5, 5.5, 46], "rotation": [0, 0, 12.5], "uv": [32, 74]}
					]
				},
				{
					"name": "backtireguard",
					"parent": "back",
					"pivot": [2, 0, 51],
					"cubes": [
						{"origin": [17, 8, 19], "size": [1, 7, 1], "uv": [126, 164]},
						{"origin": [-18, 8, 19], "size": [1, 7, 1], "uv": [71, 148]},
						{"origin": [-18, 8, 34], "size": [1, 7, 1], "uv": [135, 86]},
						{"origin": [17, 8, 34], "size": [1, 7, 1], "uv": [51, 90]},
						{"origin": [17, 15, 29], "size": [1, 1, 6], "uv": [47, 65]},
						{"origin": [-18, 15, 29], "size": [1, 1, 6], "uv": [47, 58]},
						{"origin": [17, 11, 33], "size": [1, 4, 1], "uv": [31, 54]},
						{"origin": [17, 11, 20], "size": [1, 4, 1], "uv": [24, 54]},
						{"origin": [-18, 11, 20], "size": [1, 4, 1], "uv": [17, 54]},
						{"origin": [-18, 11, 33], "size": [1, 4, 1], "uv": [31, 24]},
						{"origin": [17, 12, 21], "size": [1, 3, 1], "uv": [0, 64]},
						{"origin": [-18, 12, 21], "size": [1, 3, 1], "uv": [25, 25]},
						{"origin": [-18, 12, 32], "size": [1, 3, 1], "uv": [10, 10]},
						{"origin": [17, 12, 32], "size": [1, 3, 1], "uv": [0, 10]},
						{"origin": [17, 13, 31], "size": [1, 2, 1], "uv": [99, 107]},
						{"origin": [17, 13, 22], "size": [1, 2, 1], "uv": [105, 102]},
						{"origin": [-18, 13, 22], "size": [1, 2, 1], "uv": [103, 12]},
						{"origin": [-18, 13, 31], "size": [1, 2, 1], "uv": [103, 5]},
						{"origin": [17, 14, 23], "size": [1, 1, 2], "uv": [9, 191]},
						{"origin": [-18, 14, 23], "size": [1, 1, 2], "uv": [26, 190]},
						{"origin": [17, 14, 29], "size": [1, 1, 2], "uv": [9, 187]},
						{"origin": [-18, 14, 29], "size": [1, 1, 2], "uv": [53, 180]},
						{"origin": [17, 14.2, 25], "size": [1, 1, 4], "uv": [32, 69]},
						{"origin": [-18, 14.2, 25], "size": [1, 1, 4], "uv": [25, 25]}
					]
				},
				{
					"name": "hexadecagon2",
					"parent": "backtireguard",
					"pivot": [26, -1, 51],
					"cubes": [
						{"origin": [16, 5.4087, 19], "size": [3, 3.1826, 1], "pivot": [18, 7, 27], "rotation": [-22.5, 0, 0], "uv": [129, 36]},
						{"origin": [16, 5.4087, 19], "size": [3, 3.1826, 1], "pivot": [18, 7, 27], "rotation": [-45, 0, 0], "uv": [57, 124]},
						{"origin": [16, 5.4087, 34], "size": [3, 3.1826, 1], "pivot": [18, 7, 27], "rotation": [45, 0, 0], "uv": [118, 40]},
						{"origin": [16, 8.00928, 32.92599], "size": [3, 3.1826, 1], "pivot": [18.5, 11, 33], "rotation": [22.5, 0, 0], "uv": [118, 36]},
						{"origin": [16, 4.4087, 34], "size": [3, 4.1826, 1], "pivot": [18.5, 8.5, 34], "rotation": [0, 0, 7.5], "uv": [24, 105]},
						{"origin": [16, 3.4087, 19], "size": [3, 5.1826, 1], "pivot": [18.5, 8.5, 19], "rotation": [0, 0, 7.5], "uv": [27, 0]},
						{"origin": [16, 14, 25.4087], "size": [3, 1, 3.1826], "pivot": [18, 7, 27], "rotation": [22.5, 0, 0], "uv": [44, 180]},
						{"origin": [16, 14, 25.4087], "size": [3, 1, 3.1826], "uv": [28, 178]},
						{"origin": [16, 14, 25.4087], "size": [3, 1, 3.1826], "pivot": [18, 7, 27], "rotation": [-22.5, 0, 0], "uv": [0, 177]}
					]
				},
				{
					"name": "hexadecagon6",
					"parent": "backtireguard",
					"pivot": [-9, -1, 51],
					"cubes": [
						{"origin": [-19, 5.4087, 19], "size": [3, 3.1826, 1], "pivot": [-17, 7, 27], "rotation": [-22.5, 0, 0], "uv": [110, 17]},
						{"origin": [-19, 5.4087, 19], "size": [3, 3.1826, 1], "pivot": [-17, 7, 27], "rotation": [-45, 0, 0], "uv": [75, 109]},
						{"origin": [-19, 5.4087, 34], "size": [3, 3.1826, 1], "pivot": [-17, 7, 27], "rotation": [45, 0, 0], "uv": [108, 40]},
						{"origin": [-19, 8.00928, 32.92599], "size": [3, 3.1826, 1], "pivot": [-16.5, 11, 33], "rotation": [22.5, 0, 0], "uv": [108, 36]},
						{"origin": [-19, 3.4087, 19], "size": [3, 5.1826, 1], "pivot": [-18.5, 8.5, 19], "rotation": [0, 0, -7.5], "uv": [17, 0]},
						{"origin": [-19, 4.4087, 34], "size": [3, 4.1826, 1], "pivot": [-18.5, 8.5, 34], "rotation": [0, 0, -7.5], "uv": [75, 102]},
						{"origin": [-19, 14, 25.4087], "size": [3, 1, 3.1826], "pivot": [-17, 7, 27], "rotation": [22.5, 0, 0], "uv": [28, 174]},
						{"origin": [-19, 14, 25.4087], "size": [3, 1, 3.1826], "uv": [112, 108]},
						{"origin": [-19, 14, 25.4087], "size": [3, 1, 3.1826], "pivot": [-17, 7, 27], "rotation": [-22.5, 0, 0], "uv": [92, 65]}
					]
				},
				{
					"name": "notobnox",
					"parent": "back",
					"pivot": [0, -6, 2],
					"cubes": [
						{"origin": [-15, 9, 41.98589], "size": [30, 1, 3], "pivot": [-16, 10, 37], "rotation": [7.5, 0, 0], "uv": [33, 142]}
					]
				},
				{
					"name": "fronttires",
					"pivot": [0, 7, -24]
				},
				{
					"name": "fronttire1",
					"parent": "fronttires",
					"pivot": [17, 7, -24]
				},
				{
					"name": "ftl",
					"parent": "fronttire1",
					"pivot": [26, -1, -32],
					"cubes": [
						{"origin": [13.5, 5.60761, -31], "size": [5, 2.78477, 1.6], "pivot": [18, 7, -24], "rotation": [45, 0, 0], "uv": [106, 220]},
						{"origin": [13.5, 5.60761, -31], "size": [5, 2.78477, 1.6], "pivot": [18, 7, -24], "rotation": [22.5, 0, 0], "uv": [63, 220]},
						{"origin": [13.5, 5.60761, -31], "size": [5, 2.78477, 1.6], "uv": [219, 172]},
						{"origin": [13.5, 5.60761, -31], "size": [5, 2.78477, 1.6], "pivot": [18, 7, -24], "rotation": [-22.5, 0, 0], "uv": [219, 169]},
						{"origin": [13.5, 5.60761, -31], "size": [5, 2.78477, 1.6], "pivot": [18, 7, -24], "rotation": [-45, 0, 0], "uv": [219, 166]},
						{"origin": [13.5, 5.60761, -18.6], "size": [5, 2.78477, 1.6], "pivot": [18, 7, -24], "rotation": [45, 0, 0], "uv": [219, 125]},
						{"origin": [13.5, 5.60761, -18.6], "size": [5, 2.78477, 1.6], "pivot": [18, 7, -24], "rotation": [22.5, 0, 0], "uv": [156, 219]},
						{"origin": [13.5, 5.60761, -18.6], "size": [5, 2.78477, 1.6], "uv": [144, 219]},
						{"origin": [13.5, 5.60761, -18.6], "size": [5, 2.78477, 1.6], "pivot": [18, 7, -24], "rotation": [-22.5, 0, 0], "uv": [217, 213]},
						{"origin": [13.5, 5.60761, -18.6], "size": [5, 2.78477, 1.6], "pivot": [18, 7, -24], "rotation": [-45, 0, 0], "uv": [217, 129]},
						{"origin": [13.5, 0, -25.39239], "size": [5, 1.6, 2.78477], "pivot": [18, 7, -24], "rotation": [22.5, 0, 0], "uv": [0, 171]},
						{"origin": [13.5, 0, -25.39239], "size": [5, 1.6, 2.78477], "uv": [28, 168]},
						{"origin": [13.5, 0, -25.39239], "size": [5, 1.6, 2.78477], "pivot": [18, 7, -24], "rotation": [-22.5, 0, 0], "uv": [0, 168]},
						{"origin": [13.5, 12.4, -25.39239], "size": [5, 1.6, 2.78477], "pivot": [18, 7, -24], "rotation": [22.5, 0, 0], "uv": [57, 152]},
						{"origin": [13.5, 12.4, -25.39239], "size": [5, 1.6, 2.78477], "uv": [101, 137]},
						{"origin": [13.5, 12.4, -25.39239], "size": [5, 1.6, 2.78477], "pivot": [18, 7, -24], "rotation": [-22.5, 0, 0], "uv": [132, 135]}
					]
				},
				{
					"name": "frl",
					"parent": "fronttire1",
					"pivot": [26, -1, -32],
					"cubes": [
						{"origin": [14, 5.92587, -29.4], "size": [4, 2.14825, 1], "pivot": [18, 7, -24], "rotation": [45, 0, 0], "uv": [73, 224]},
						{"origin": [14, 5.92587, -29.4], "size": [4, 2.14825, 1], "pivot": [18, 7, -24], "rotation": [22.5, 0, 0], "uv": [63, 224]},
						{"origin": [14, 5.92587, -29.4], "size": [4, 2.14825, 1], "uv": [48, 224]},
						{"origin": [14, 5.92587, -29.4], "size": [4, 2.14825, 1], "pivot": [18, 7, -24], "rotation": [-22.5, 0, 0], "uv": [38, 224]},
						{"origin": [14, 5.92587, -29.4], "size": [4, 2.14825, 1], "pivot": [18, 7, -24], "rotation": [-45, 0, 0], "uv": [16, 224]},
						{"origin": [14, 5.92587, -19.6], "size": [4, 2.14825, 1], "pivot": [18, 7, -24], "rotation": [45, 0, 0], "uv": [223, 210]},
						{"origin": [14, 5.92587, -19.6], "size": [4, 2.14825, 1], "pivot": [18, 7, -24], "rotation": [22.5, 0, 0], "uv": [223, 207]},
						{"origin": [14, 5.92587, -19.6], "size": [4, 2.14825, 1], "uv": [223, 196]},
						{"origin": [14, 5.92587, -19.6], "size": [4, 2.14825, 1], "pivot": [18, 7, -24], "rotation": [-22.5, 0, 0], "uv": [223, 193]},
						{"origin": [14, 5.92587, -19.6], "size": [4, 2.14825, 1], "pivot": [18, 7, -24], "rotation": [-45, 0, 0], "uv": [223, 190]},
						{"origin": [14, 1.6, -25.07413], "size": [4, 1, 2.14825], "pivot": [18, 7, -24], "rotation": [22.5, 0, 0], "uv": [217, 83]},
						{"origin": [14, 1.6, -25.07413], "size": [4, 1, 2.14825], "uv": [217, 217]},
						{"origin": [14, 1.6, -25.07413], "size": [4, 1, 2.14825], "pivot": [18, 7, -24], "rotation": [-22.5, 0, 0], "uv": [63, 217]},
						{"origin": [14, 11.4, -25.07413], "size": [4, 1, 2.14825], "pivot": [18, 7, -24], "rotation": [22.5, 0, 0], "uv": [215, 184]},
						{"origin": [14, 11.4, -25.07413], "size": [4, 1, 2.14825], "uv": [215, 181]},
						{"origin": [14, 11.4, -25.07413], "size": [4, 1, 2.14825], "pivot": [18, 7, -24], "rotation": [-22.5, 0, 0], "uv": [215, 178]}
					]
				},
				{
					"name": "fal",
					"parent": "fronttire1",
					"pivot": [16, 7, -24],
					"cubes": [
						{"origin": [15, 8, -24.5], "size": [2, 4, 1], "uv": [192, 109]},
						{"origin": [15, 8, -24.5], "size": [2, 4, 1], "pivot": [17, 7, -24], "rotation": [45, 0, 0], "uv": [101, 188]},
						{"origin": [15, 8, -24.5], "size": [2, 4, 1], "pivot": [17, 7, -24], "rotation": [90, 0, 0], "uv": [92, 188]},
						{"origin": [15, 8, -24.5], "size": [2, 4, 1], "pivot": [17, 7, -24], "rotation": [135, 0, 0], "uv": [110, 180]},
						{"origin": [15, 8, -24.5], "size": [2, 4, 1], "pivot": [17, 7, -24], "rotation": [180, 0, 0], "uv": [101, 180]},
						{"origin": [15, 8, -24.5], "size": [2, 4, 1], "pivot": [17, 7, -24], "rotation": [-135, 0, 0], "uv": [92, 180]},
						{"origin": [15, 8, -24.5], "size": [2, 4, 1], "pivot": [17, 7, -24], "rotation": [-90, 0, 0], "uv": [44, 175]},
						{"origin": [15, 8, -24.5], "size": [2, 4, 1], "pivot": [17, 7, -24], "rotation": [-45, 0, 0], "uv": [174, 84]}
					]
				},
				{
					"name": "fbl",
					"parent": "fronttire1",
					"pivot": [25, -1, -32],
					"cubes": [
						{"origin": [14.5, 6.40326, -27], "size": [2, 1.19347, 1], "pivot": [17, 7, -24], "rotation": [45, 0, 0], "uv": [221, 79]},
						{"origin": [14.5, 6.40326, -27], "size": [2, 1.19347, 1], "pivot": [17, 7, -24], "rotation": [22.5, 0, 0], "uv": [38, 221]},
						{"origin": [14.5, 6.40326, -27], "size": [2, 1.19347, 1], "uv": [219, 175]},
						{"origin": [14.5, 6.40326, -27], "size": [2, 1.19347, 1], "pivot": [17, 7, -24], "rotation": [-22.5, 0, 0], "uv": [219, 26]},
						{"origin": [14.5, 6.40326, -27], "size": [2, 1.19347, 1], "pivot": [17, 7, -24], "rotation": [-45, 0, 0], "uv": [132, 219]},
						{"origin": [14.5, 6.40326, -22], "size": [2, 1.19347, 1], "pivot": [17, 7, -24], "rotation": [45, 0, 0], "uv": [217, 207]},
						{"origin": [14.5, 6.40326, -22], "size": [2, 1.19347, 1], "pivot": [17, 7, -24], "rotation": [22.5, 0, 0], "uv": [190, 216]},
						{"origin": [14.5, 6.40326, -22], "size": [2, 1.19347, 1], "uv": [176, 216]},
						{"origin": [14.5, 6.40326, -22], "size": [2, 1.19347, 1], "pivot": [17, 7, -24], "rotation": [-22.5, 0, 0], "uv": [215, 193]},
						{"origin": [14.5, 6.40326, -22], "size": [2, 1.19347, 1], "pivot": [17, 7, -24], "rotation": [-45, 0, 0], "uv": [215, 187]},
						{"origin": [14.5, 4, -24.59674], "size": [2, 1, 1.19347], "pivot": [17, 7, -24], "rotation": [22.5, 0, 0], "uv": [215, 79]},
						{"origin": [14.5, 4, -24.59674], "size": [2, 1, 1.19347], "uv": [120, 215]},
						{"origin": [14.5, 4, -24.59674], "size": [2, 1, 1.19347], "pivot": [17, 7, -24], "rotation": [-22.5, 0, 0], "uv": [112, 215]},
						{"origin": [14.5, 9, -24.59674], "size": [2, 1, 1.19347], "pivot": [17, 7, -24], "rotation": [22.5, 0, 0], "uv": [106, 215]},
						{"origin": [14.5, 9, -24.59674], "size": [2, 1, 1.19347], "uv": [56, 214]},
						{"origin": [14.5, 9, -24.59674], "size": [2, 1, 1.19347], "pivot": [17, 7, -24], "rotation": [-22.5, 0, 0], "uv": [50, 214]}
					]
				},
				{
					"name": "fronttire2",
					"parent": "fronttires",
					"pivot": [-17, 7, -24]
				},
				{
					"name": "ftr",
					"parent": "fronttire2",
					"pivot": [-6, -1, -32],
					"cubes": [
						{"origin": [-18.5, 5.60761, -31], "size": [5, 2.78477, 1.6], "pivot": [-14, 7, -24], "rotation": [45, 0, 0], "uv": [215, 122]},
						{"origin": [-18.5, 5.60761, -31], "size": [5, 2.78477, 1.6], "pivot": [-14, 7, -24], "rotation": [22.5, 0, 0], "uv": [215, 76]},
						{"origin": [-18.5, 5.60761, -31], "size": [5, 2.78477, 1.6], "uv": [214, 118]},
						{"origin": [-18.5, 5.60761, -31], "size": [5, 2.78477, 1.6], "pivot": [-14, 7, -24], "rotation": [-22.5, 0, 0], "uv": [190, 213]},
						{"origin": [-18.5, 5.60761, -31], "size": [5, 2.78477, 1.6], "pivot": [-14, 7, -24], "rotation": [-45, 0, 0], "uv": [172, 213]},
						{"origin": [-18.5, 5.60761, -18.6], "size": [5, 2.78477, 1.6], "pivot": [-14, 7, -24], "rotation": [45, 0, 0], "uv": [176, 208]},
						{"origin": [-18.5, 5.60761, -18.6], "size": [5, 2.78477, 1.6], "pivot": [-14, 7, -24], "rotation": [22.5, 0, 0], "uv": [160, 208]},
						{"origin": [-18.5, 5.60761, -18.6], "size": [5, 2.78477, 1.6], "uv": [51, 208]},
						{"origin": [-18.5, 5.60761, -18.6], "size": [5, 2.78477, 1.6], "pivot": [-14, 7, -24], "rotation": [-22.5, 0, 0], "uv": [37, 208]},
						{"origin": [-18.5, 5.60761, -18.6], "size": [5, 2.78477, 1.6], "pivot": [-14, 7, -24], "rotation": [-45, 0, 0], "uv": [207, 82]},
						{"origin": [-18.5, 0, -25.39239], "size": [5, 1.6, 2.78477], "pivot": [-14, 7, -24], "rotation": [22.5, 0, 0], "uv": [101, 134]},
						{"origin": [-18.5, 0, -25.39239], "size": [5, 1.6, 2.78477], "uv": [16, 134]},
						{"origin": [-18.5, 0, -25.39239], "size": [5, 1.6, 2.78477], "pivot": [-14, 7, -24], "rotation": [-22.5, 0, 0], "uv": [0, 133]},
						{"origin": [-18.5, 12.4, -25.39239], "size": [5, 1.6, 2.78477], "pivot": [-14, 7, -24], "rotation": [22.5, 0, 0], "uv": [132, 128]},
						{"origin": [-18.5, 12.4, -25.39239], "size": [5, 1.6, 2.78477], "uv": [132, 125]},
						{"origin": [-18.5, 12.4, -25.39239], "size": [5, 1.6, 2.78477], "pivot": [-14, 7, -24], "rotation": [-22.5, 0, 0], "uv": [132, 132]}
					]
				},
				{
					"name": "frr",
					"parent": "fronttire2",
					"pivot": [-6, -1, -32],
					"cubes": [
						{"origin": [-18, 5.92587, -29.4], "size": [4, 2.14825, 1], "pivot": [-14, 7, -24], "rotation": [45, 0, 0], "uv": [167, 223]},
						{"origin": [-18, 5.92587, -29.4], "size": [4, 2.14825, 1], "pivot": [-14, 7, -24], "rotation": [22.5, 0, 0], "uv": [157, 223]},
						{"origin": [-18, 5.92587, -29.4], "size": [4, 2.14825, 1], "uv": [147, 223]},
						{"origin": [-18, 5.92587, -29.4], "size": [4, 2.14825, 1], "pivot": [-14, 7, -24], "rotation": [-22.5, 0, 0], "uv": [137, 223]},
						{"origin": [-18, 5.92587, -29.4], "size": [4, 2.14825, 1], "pivot": [-14, 7, -24], "rotation": [-45, 0, 0], "uv": [127, 223]},
						{"origin": [-18, 5.92587, -19.6], "size": [4, 2.14825, 1], "pivot": [-14, 7, -24], "rotation": [45, 0, 0], "uv": [106, 223]},
						{"origin": [-18, 5.92587, -19.6], "size": [4, 2.14825, 1], "pivot": [-14, 7, -24], "rotation": [22.5, 0, 0], "uv": [87, 223]},
						{"origin": [-18, 5.92587, -19.6], "size": [4, 2.14825, 1], "uv": [117, 222]},
						{"origin": [-18, 5.92587, -19.6], "size": [4, 2.14825, 1], "pivot": [-14, 7, -24], "rotation": [-22.5, 0, 0], "uv": [221, 55]},
						{"origin": [-18, 5.92587, -19.6], "size": [4, 2.14825, 1], "pivot": [-14, 7, -24], "rotation": [-45, 0, 0], "uv": [221, 52]},
						{"origin": [-18, 1.6, -25.07413], "size": [4, 1, 2.14825], "pivot": [-14, 7, -24], "rotation": [22.5, 0, 0], "uv": [160, 205]},
						{"origin": [-18, 1.6, -25.07413], "size": [4, 1, 2.14825], "uv": [65, 205]},
						{"origin": [-18, 1.6, -25.07413], "size": [4, 1, 2.14825], "pivot": [-14, 7, -24], "rotation": [-22.5, 0, 0], "uv": [51, 205]},
						{"origin": [-18, 11.4, -25.07413], "size": [4, 1, 2.14825], "pivot": [-14, 7, -24], "rotation": [22.5, 0, 0], "uv": [37, 205]},
						{"origin": [-18, 11.4, -25.07413], "size": [4, 1, 2.14825], "uv": [160, 202]},
						{"origin": [-18, 11.4, -25.07413], "size": [4, 1, 2.14825], "pivot": [-14, 7, -24], "rotation": [-22.5, 0, 0], "uv": [144, 202]}
					]
				},
				{
					"name": "far",
					"parent": "fronttire2",
					"pivot": [-16, 7, -24],
					"cubes": [
						{"origin": [-17, 8, -24.5], "size": [2, 4, 1], "uv": [172, 148]},
						{"origin": [-17, 8, -24.5], "size": [2, 4, 1], "pivot": [-15, 7, -24], "rotation": [45, 0, 0], "uv": [126, 89]},
						{"origin": [-17, 8, -24.5], "size": [2, 4, 1], "pivot": [-15, 7, -24], "rotation": [90, 0, 0], "uv": [33, 124]},
						{"origin": [-17, 8, -24.5], "size": [2, 4, 1], "pivot": [-15, 7, -24], "rotation": [135, 0, 0], "uv": [7, 124]},
						{"origin": [-17, 8, -24.5], "size": [2, 4, 1], "pivot": [-15, 7, -24], "rotation": [180, 0, 0], "uv": [75, 118]},
						{"origin": [-17, 8, -24.5], "size": [2, 4, 1], "pivot": [-15, 7, -24], "rotation": [-135, 0, 0], "uv": [0, 105]},
						{"origin": [-17, 8, -24.5], "size": [2, 4, 1], "pivot": [-15, 7, -24], "rotation": [-90, 0, 0], "uv": [59, 103]},
						{"origin": [-17, 8, -24.5], "size": [2, 4, 1], "pivot": [-15, 7, -24], "rotation": [-45, 0, 0], "uv": [34, 103]}
					]
				},
				{
					"name": "fbr",
					"parent": "fronttire2",
					"pivot": [-6, -1, -32],
					"cubes": [
						{"origin": [-16.5, 6.40326, -27], "size": [2, 1.19347, 1], "pivot": [-14, 7, -24], "rotation": [45, 0, 0], "uv": [213, 26]},
						{"origin": [-16.5, 6.40326, -27], "size": [2, 1.19347, 1], "pivot": [-14, 7, -24], "rotation": [22.5, 0, 0], "uv": [212, 65]},
						{"origin": [-16.5, 6.40326, -27], "size": [2, 1.19347, 1], "uv": [211, 207]},
						{"origin": [-16.5, 6.40326, -27], "size": [2, 1.19347, 1], "pivot": [-14, 7, -24], "rotation": [-22.5, 0, 0], "uv": [57, 211]},
						{"origin": [-16.5, 6.40326, -27], "size": [2, 1.19347, 1], "pivot": [-14, 7, -24], "rotation": [-45, 0, 0], "uv": [51, 211]},
						{"origin": [-16.5, 6.40326, -22], "size": [2, 1.19347, 1], "pivot": [-14, 7, -24], "rotation": [45, 0, 0], "uv": [43, 211]},
						{"origin": [-16.5, 6.40326, -22], "size": [2, 1.19347, 1], "pivot": [-14, 7, -24], "rotation": [22.5, 0, 0], "uv": [37, 211]},
						{"origin": [-16.5, 6.40326, -22], "size": [2, 1.19347, 1], "uv": [208, 174]},
						{"origin": [-16.5, 6.40326, -22], "size": [2, 1.19347, 1], "pivot": [-14, 7, -24], "rotation": [-22.5, 0, 0], "uv": [19, 208]},
						{"origin": [-16.5, 6.40326, -22], "size": [2, 1.19347, 1], "pivot": [-14, 7, -24], "rotation": [-45, 0, 0], "uv": [13, 208]},
						{"origin": [-16.5, 4, -24.59674], "size": [2, 1, 1.19347], "pivot": [-14, 7, -24], "rotation": [22.5, 0, 0], "uv": [207, 26]},
						{"origin": [-16.5, 4, -24.59674], "size": [2, 1, 1.19347], "uv": [206, 122]},
						{"origin": [-16.5, 4, -24.59674], "size": [2, 1, 1.19347], "pivot": [-14, 7, -24], "rotation": [-22.5, 0, 0], "uv": [205, 153]},
						{"origin": [-16.5, 9, -24.59674], "size": [2, 1, 1.19347], "pivot": [-14, 7, -24], "rotation": [22.5, 0, 0], "uv": [150, 205]},
						{"origin": [-16.5, 9, -24.59674], "size": [2, 1, 1.19347], "uv": [144, 205]},
						{"origin": [-16.5, 9, -24.59674], "size": [2, 1, 1.19347], "pivot": [-14, 7, -24], "rotation": [-22.5, 0, 0], "uv": [201, 59]}
					]
				},
				{
					"name": "backtires",
					"pivot": [0, 7, 27]
				},
				{
					"name": "backtire1",
					"parent": "backtires",
					"pivot": [17, 7, 27]
				},
				{
					"name": "btl",
					"parent": "backtire1",
					"pivot": [26, -1, 19],
					"cubes": [
						{"origin": [13.5, 5.60761, 20], "size": [5, 2.78477, 1.6], "pivot": [18, 7, 27], "rotation": [45, 0, 0], "uv": [130, 202]},
						{"origin": [13.5, 5.60761, 20], "size": [5, 2.78477, 1.6], "pivot": [18, 7, 27], "rotation": [22.5, 0, 0], "uv": [37, 202]},
						{"origin": [13.5, 5.60761, 20], "size": [5, 2.78477, 1.6], "uv": [200, 118]},
						{"origin": [13.5, 5.60761, 20], "size": [5, 2.78477, 1.6], "pivot": [18, 7, 27], "rotation": [-22.5, 0, 0], "uv": [200, 115]},
						{"origin": [13.5, 5.60761, 20], "size": [5, 2.78477, 1.6], "pivot": [18, 7, 27], "rotation": [-45, 0, 0], "uv": [200, 112]},
						{"origin": [13.5, 5.60761, 32.4], "size": [5, 2.78477, 1.6], "pivot": [18, 7, 27], "rotation": [45, 0, 0], "uv": [200, 109]},
						{"origin": [13.5, 5.60761, 32.4], "size": [5, 2.78477, 1.6], "pivot": [18, 7, 27], "rotation": [22.5, 0, 0], "uv": [68, 200]},
						{"origin": [13.5, 5.60761, 32.4], "size": [5, 2.78477, 1.6], "uv": [160, 199]},
						{"origin": [13.5, 5.60761, 32.4], "size": [5, 2.78477, 1.6], "pivot": [18, 7, 27], "rotation": [-22.5, 0, 0], "uv": [144, 199]},
						{"origin": [13.5, 5.60761, 32.4], "size": [5, 2.78477, 1.6], "pivot": [18, 7, 27], "rotation": [-45, 0, 0], "uv": [130, 199]},
						{"origin": [13.5, 0, 25.60761], "size": [5, 1.6, 2.78477], "pivot": [18, 7, 27], "rotation": [22.5, 0, 0], "uv": [101, 131]},
						{"origin": [13.5, 0, 25.60761], "size": [5, 1.6, 2.78477], "uv": [16, 131]},
						{"origin": [13.5, 0, 25.60761], "size": [5, 1.6, 2.78477], "pivot": [18, 7, 27], "rotation": [-22.5, 0, 0], "uv": [0, 130]},
						{"origin": [13.5, 12.4, 25.60761], "size": [5, 1.6, 2.78477], "pivot": [18, 7, 27], "rotation": [22.5, 0, 0], "uv": [129, 45]},
						{"origin": [13.5, 12.4, 25.60761], "size": [5, 1.6, 2.78477], "uv": [101, 128]},
						{"origin": [13.5, 12.4, 25.60761], "size": [5, 1.6, 2.78477], "pivot": [18, 7, 27], "rotation": [-22.5, 0, 0], "uv": [84, 128]}
					]
				},
				{
					"name": "brl",
					"parent": "backtire1",
					"pivot": [26, -1, 19],
					"cubes": [
						{"origin": [14, 5.92587, 21.6], "size": [4, 2.14825, 1], "pivot": [18, 7, 27], "rotation": [45, 0, 0], "uv": [221, 49]},
						{"origin": [14, 5.92587, 21.6], "size": [4, 2.14825, 1], "pivot": [18, 7, 27], "rotation": [22.5, 0, 0], "uv": [221, 40]},
						{"origin": [14, 5.92587, 21.6], "size": [4, 2.14825, 1], "uv": [221, 221]},
						{"origin": [14, 5.92587, 21.6], "size": [4, 2.14825, 1], "pivot": [18, 7, 27], "rotation": [-22.5, 0, 0], "uv": [211, 221]},
						{"origin": [14, 5.92587, 21.6], "size": [4, 2.14825, 1], "pivot": [18, 7, 27], "rotation": [-45, 0, 0], "uv": [201, 221]},
						{"origin": [14, 5.92587, 31.4], "size": [4, 2.14825, 1], "pivot": [18, 7, 27], "rotation": [45, 0, 0], "uv": [191, 221]},
						{"origin": [14, 5.92587, 31.4], "size": [4, 2.14825, 1], "pivot": [18, 7, 27], "rotation": [22.5, 0, 0], "uv": [181, 221]},
						{"origin": [14, 5.92587, 31.4], "size": [4, 2.14825, 1], "uv": [220, 161]},
						{"origin": [14, 5.92587, 31.4], "size": [4, 2.14825, 1], "pivot": [18, 7, 27], "rotation": [-22.5, 0, 0], "uv": [220, 103]},
						{"origin": [14, 5.92587, 31.4], "size": [4, 2.14825, 1], "pivot": [18, 7, 27], "rotation": [-45, 0, 0], "uv": [220, 100]},
						{"origin": [14, 1.6, 25.92587], "size": [4, 1, 2.14825], "pivot": [18, 7, 27], "rotation": [22.5, 0, 0], "uv": [198, 184]},
						{"origin": [14, 1.6, 25.92587], "size": [4, 1, 2.14825], "uv": [198, 181]},
						{"origin": [14, 1.6, 25.92587], "size": [4, 1, 2.14825], "pivot": [18, 7, 27], "rotation": [-22.5, 0, 0], "uv": [198, 178]},
						{"origin": [14, 11.4, 25.92587], "size": [4, 1, 2.14825], "pivot": [18, 7, 27], "rotation": [22.5, 0, 0], "uv": [198, 65]},
						{"origin": [14, 11.4, 25.92587], "size": [4, 1, 2.14825], "uv": [68, 197]},
						{"origin": [14, 11.4, 25.92587], "size": [4, 1, 2.14825], "pivot": [18, 7, 27], "rotation": [-22.5, 0, 0], "uv": [34, 197]}
					]
				},
				{
					"name": "bal",
					"parent": "backtire1",
					"pivot": [16, 7, 27],
					"cubes": [
						{"origin": [15, 8, 26.5], "size": [2, 4, 1], "uv": [42, 93]},
						{"origin": [15, 8, 26.5], "size": [2, 4, 1], "pivot": [17, 7, 27], "rotation": [45, 0, 0], "uv": [34, 93]},
						{"origin": [15, 8, 26.5], "size": [2, 4, 1], "pivot": [17, 7, 27], "rotation": [90, 0, 0], "uv": [8, 87]},
						{"origin": [15, 8, 26.5], "size": [2, 4, 1], "pivot": [17, 7, 27], "rotation": [135, 0, 0], "uv": [0, 87]},
						{"origin": [15, 8, 26.5], "size": [2, 4, 1], "pivot": [17, 7, 27], "rotation": [180, 0, 0], "uv": [42, 86]},
						{"origin": [15, 8, 26.5], "size": [2, 4, 1], "pivot": [17, 7, 27], "rotation": [-135, 0, 0], "uv": [34, 86]},
						{"origin": [15, 8, 26.5], "size": [2, 4, 1], "pivot": [17, 7, 27], "rotation": [-90, 0, 0], "uv": [83, 80]},
						{"origin": [15, 8, 26.5], "size": [2, 4, 1], "pivot": [17, 7, 27], "rotation": [-45, 0, 0], "uv": [83, 65]}
					]
				},
				{
					"name": "bbl",
					"parent": "backtire1",
					"pivot": [25, -1, 19],
					"cubes": [
						{"origin": [14.5, 6.40326, 24], "size": [2, 1.19347, 1], "pivot": [17, 7, 27], "rotation": [45, 0, 0], "uv": [201, 26]},
						{"origin": [14.5, 6.40326, 24], "size": [2, 1.19347, 1], "pivot": [17, 7, 27], "rotation": [22.5, 0, 0], "uv": [201, 10]},
						{"origin": [14.5, 6.40326, 24], "size": [2, 1.19347, 1], "uv": [57, 201]},
						{"origin": [14.5, 6.40326, 24], "size": [2, 1.19347, 1], "pivot": [17, 7, 27], "rotation": [-22.5, 0, 0], "uv": [51, 201]},
						{"origin": [14.5, 6.40326, 24], "size": [2, 1.19347, 1], "pivot": [17, 7, 27], "rotation": [-45, 0, 0], "uv": [200, 122]},
						{"origin": [14.5, 6.40326, 29], "size": [2, 1.19347, 1], "pivot": [17, 7, 27], "rotation": [45, 0, 0], "uv": [23, 199]},
						{"origin": [14.5, 6.40326, 29], "size": [2, 1.19347, 1], "pivot": [17, 7, 27], "rotation": [22.5, 0, 0], "uv": [17, 199]},
						{"origin": [14.5, 6.40326, 29], "size": [2, 1.19347, 1], "uv": [56, 198]},
						{"origin": [14.5, 6.40326, 29], "size": [2, 1.19347, 1], "pivot": [17, 7, 27], "rotation": [-22.5, 0, 0], "uv": [50, 198]},
						{"origin": [14.5, 6.40326, 29], "size": [2, 1.19347, 1], "pivot": [17, 7, 27], "rotation": [-45, 0, 0], "uv": [174, 196]},
						{"origin": [14.5, 4, 26.40326], "size": [2, 1, 1.19347], "pivot": [17, 7, 27], "rotation": [22.5, 0, 0], "uv": [150, 196]},
						{"origin": [14.5, 4, 26.40326], "size": [2, 1, 1.19347], "uv": [144, 196]},
						{"origin": [14.5, 4, 26.40326], "size": [2, 1, 1.19347], "pivot": [17, 7, 27], "rotation": [-22.5, 0, 0], "uv": [195, 59]},
						{"origin": [14.5, 9, 26.40326], "size": [2, 1, 1.19347], "pivot": [17, 7, 27], "rotation": [22.5, 0, 0], "uv": [195, 26]},
						{"origin": [14.5, 9, 26.40326], "size": [2, 1, 1.19347], "uv": [68, 195]},
						{"origin": [14.5, 9, 26.40326], "size": [2, 1, 1.19347], "pivot": [17, 7, 27], "rotation": [-22.5, 0, 0], "uv": [101, 193]}
					]
				},
				{
					"name": "backtire2",
					"parent": "backtires",
					"pivot": [-17, 7, 27]
				},
				{
					"name": "btr",
					"parent": "backtire2",
					"pivot": [-6, -1, 19],
					"cubes": [
						{"origin": [-18.5, 5.60761, 20], "size": [5, 2.78477, 1.6], "pivot": [-14, 7, 27], "rotation": [45, 0, 0], "uv": [130, 196]},
						{"origin": [-18.5, 5.60761, 20], "size": [5, 2.78477, 1.6], "pivot": [-14, 7, 27], "rotation": [22.5, 0, 0], "uv": [195, 56]},
						{"origin": [-18.5, 5.60761, 20], "size": [5, 2.78477, 1.6], "uv": [195, 53]},
						{"origin": [-18.5, 5.60761, 20], "size": [5, 2.78477, 1.6], "pivot": [-14, 7, 27], "rotation": [-22.5, 0, 0], "uv": [50, 195]},
						{"origin": [-18.5, 5.60761, 20], "size": [5, 2.78477, 1.6], "pivot": [-14, 7, 27], "rotation": [-45, 0, 0], "uv": [0, 195]},
						{"origin": [-18.5, 5.60761, 32.4], "size": [5, 2.78477, 1.6], "pivot": [-14, 7, 27], "rotation": [45, 0, 0], "uv": [34, 194]},
						{"origin": [-18.5, 5.60761, 32.4], "size": [5, 2.78477, 1.6], "pivot": [-14, 7, 27], "rotation": [22.5, 0, 0], "uv": [17, 194]},
						{"origin": [-18.5, 5.60761, 32.4], "size": [5, 2.78477, 1.6], "uv": [174, 193]},
						{"origin": [-18.5, 5.60761, 32.4], "size": [5, 2.78477, 1.6], "pivot": [-14, 7, 27], "rotation": [-22.5, 0, 0], "uv": [144, 193]},
						{"origin": [-18.5, 5.60761, 32.4], "size": [5, 2.78477, 1.6], "pivot": [-14, 7, 27], "rotation": [-45, 0, 0], "uv": [130, 193]},
						{"origin": [-18.5, 0, 25.60761], "size": [5, 1.6, 2.78477], "pivot": [-14, 7, 27], "rotation": [22.5, 0, 0], "uv": [16, 128]},
						{"origin": [-18.5, 0, 25.60761], "size": [5, 1.6, 2.78477], "uv": [68, 127]},
						{"origin": [-18.5, 0, 25.60761], "size": [5, 1.6, 2.78477], "pivot": [-14, 7, 27], "rotation": [-22.5, 0, 0], "uv": [126, 97]},
						{"origin": [-18.5, 12.4, 25.60761], "size": [5, 1.6, 2.78477], "pivot": [-14, 7, 27], "rotation": [22.5, 0, 0], "uv": [101, 125]},
						{"origin": [-18.5, 12.4, 25.60761], "size": [5, 1.6, 2.78477], "uv": [84, 125]},
						{"origin": [-18.5, 12.4, 25.60761], "size": [5, 1.6, 2.78477], "pivot": [-14, 7, 27], "rotation": [-22.5, 0, 0], "uv": [68, 124]}
					]
				},
				{
					"name": "brr",
					"parent": "backtire2",
					"pivot": [-6, -1, 19],
					"cubes": [
						{"origin": [-18, 5.92587, 21.6], "size": [4, 2.14825, 1], "pivot": [-14, 7, 27], "rotation": [45, 0, 0], "uv": [220, 97]},
						{"origin": [-18, 5.92587, 21.6], "size": [4, 2.14825, 1], "pivot": [-14, 7, 27], "rotation": [22.5, 0, 0], "uv": [220, 92]},
						{"origin": [-18, 5.92587, 21.6], "size": [4, 2.14825, 1], "uv": [220, 89]},
						{"origin": [-18, 5.92587, 21.6], "size": [4, 2.14825, 1], "pivot": [-14, 7, 27], "rotation": [-22.5, 0, 0], "uv": [220, 86]},
						{"origin": [-18, 5.92587, 21.6], "size": [4, 2.14825, 1], "pivot": [-14, 7, 27], "rotation": [-45, 0, 0], "uv": [38, 218]},
						{"origin": [-18, 5.92587, 31.4], "size": [4, 2.14825, 1], "pivot": [-14, 7, 27], "rotation": [45, 0, 0], "uv": [132, 216]},
						{"origin": [-18, 5.92587, 31.4], "size": [4, 2.14825, 1], "pivot": [-14, 7, 27], "rotation": [22.5, 0, 0], "uv": [38, 215]},
						{"origin": [-18, 5.92587, 31.4], "size": [4, 2.14825, 1], "uv": [65, 213]},
						{"origin": [-18, 5.92587, 31.4], "size": [4, 2.14825, 1], "pivot": [-14, 7, 27], "rotation": [-22.5, 0, 0], "uv": [120, 212]},
						{"origin": [-18, 5.92587, 31.4], "size": [4, 2.14825, 1], "pivot": [-14, 7, 27], "rotation": [-45, 0, 0], "uv": [211, 196]},
						{"origin": [-18, 1.6, 25.92587], "size": [4, 1, 2.14825], "pivot": [-14, 7, 27], "rotation": [22.5, 0, 0], "uv": [192, 104]},
						{"origin": [-18, 1.6, 25.92587], "size": [4, 1, 2.14825], "uv": [191, 81]},
						{"origin": [-18, 1.6, 25.92587], "size": [4, 1, 2.14825], "pivot": [-14, 7, 27], "rotation": [-22.5, 0, 0], "uv": [77, 191]},
						{"origin": [-18, 11.4, 25.92587], "size": [4, 1, 2.14825], "pivot": [-14, 7, 27], "rotation": [22.5, 0, 0], "uv": [140, 188]},
						{"origin": [-18, 11.4, 25.92587], "size": [4, 1, 2.14825], "uv": [31, 63]},
						{"origin": [-18, 11.4, 25.92587], "size": [4, 1, 2.14825], "pivot": [-14, 7, 27], "rotation": [-22.5, 0, 0], "uv": [17, 63]}
					]
				},
				{
					"name": "bar",
					"parent": "backtire2",
					"pivot": [-16, 7, 27],
					"cubes": [
						{"origin": [-17, 8, 26.5], "size": [2, 4, 1], "uv": [83, 58]},
						{"origin": [-17, 8, 26.5], "size": [2, 4, 1], "pivot": [-15, 7, 27], "rotation": [45, 0, 0], "uv": [8, 80]},
						{"origin": [-17, 8, 26.5], "size": [2, 4, 1], "pivot": [-15, 7, 27], "rotation": [90, 0, 0], "uv": [0, 80]},
						{"origin": [-17, 8, 26.5], "size": [2, 4, 1], "pivot": [-15, 7, 27], "rotation": [135, 0, 0], "uv": [75, 65]},
						{"origin": [-17, 8, 26.5], "size": [2, 4, 1], "pivot": [-15, 7, 27], "rotation": [180, 0, 0], "uv": [75, 58]},
						{"origin": [-17, 8, 26.5], "size": [2, 4, 1], "pivot": [-15, 7, 27], "rotation": [-135, 0, 0], "uv": [55, 65]},
						{"origin": [-17, 8, 26.5], "size": [2, 4, 1], "pivot": [-15, 7, 27], "rotation": [-90, 0, 0], "uv": [47, 65]},
						{"origin": [-17, 8, 26.5], "size": [2, 4, 1], "pivot": [-15, 7, 27], "rotation": [-45, 0, 0], "uv": [55, 58]}
					]
				},
				{
					"name": "bbr",
					"parent": "backtire2",
					"pivot": [-6, -1, 19],
					"cubes": [
						{"origin": [-16.5, 6.40326, 24], "size": [2, 1.19347, 1], "pivot": [-14, 7, 27], "rotation": [45, 0, 0], "uv": [92, 193]},
						{"origin": [-16.5, 6.40326, 24], "size": [2, 1.19347, 1], "pivot": [-14, 7, 27], "rotation": [22.5, 0, 0], "uv": [150, 188]},
						{"origin": [-16.5, 6.40326, 24], "size": [2, 1.19347, 1], "uv": [110, 185]},
						{"origin": [-16.5, 6.40326, 24], "size": [2, 1.19347, 1], "pivot": [-14, 7, 27], "rotation": [-22.5, 0, 0], "uv": [101, 185]},
						{"origin": [-16.5, 6.40326, 24], "size": [2, 1.19347, 1], "pivot": [-14, 7, 27], "rotation": [-45, 0, 0], "uv": [92, 185]},
						{"origin": [-16.5, 6.40326, 29], "size": [2, 1.19347, 1], "pivot": [-14, 7, 27], "rotation": [45, 0, 0], "uv": [174, 89]},
						{"origin": [-16.5, 6.40326, 29], "size": [2, 1.19347, 1], "pivot": [-14, 7, 27], "rotation": [22.5, 0, 0], "uv": [172, 153]},
						{"origin": [-16.5, 6.40326, 29], "size": [2, 1.19347, 1], "uv": [164, 70]},
						{"origin": [-16.5, 6.40326, 29], "size": [2, 1.19347, 1], "pivot": [-14, 7, 27], "rotation": [-22.5, 0, 0], "uv": [140, 138]},
						{"origin": [-16.5, 6.40326, 29], "size": [2, 1.19347, 1], "pivot": [-14, 7, 27], "rotation": [-45, 0, 0], "uv": [136, 84]},
						{"origin": [-16.5, 4, 26.40326], "size": [2, 1, 1.19347], "pivot": [-14, 7, 27], "rotation": [22.5, 0, 0], "uv": [135, 94]},
						{"origin": [-16.5, 4, 26.40326], "size": [2, 1, 1.19347], "uv": [126, 94]},
						{"origin": [-16.5, 4, 26.40326], "size": [2, 1, 1.19347], "pivot": [-14, 7, 27], "rotation": [-22.5, 0, 0], "uv": [120, 69]},
						{"origin": [-16.5, 9, 26.40326], "size": [2, 1, 1.19347], "pivot": [-14, 7, 27], "rotation": [22.5, 0, 0], "uv": [59, 108]},
						{"origin": [-16.5, 9, 26.40326], "size": [2, 1, 1.19347], "uv": [34, 108]},
						{"origin": [-16.5, 9, 26.40326], "size": [2, 1, 1.19347], "pivot": [-14, 7, 27], "rotation": [-22.5, 0, 0], "uv": [26, 92]}
					]
				}
			]
		}
	]
}