{
	"format_version": "1.12.0",
	"minecraft:geometry": [
		{
			"description": {
				"identifier": "geometry.r32nismo",
				"texture_width": 256,
				"texture_height": 256,
				"visible_bounds_width": 8,
				"visible_bounds_height": 6,
				"visible_bounds_offset": [0, 1, 0]
			},
			"bones": [
				{
					"name": "front",
					"pivot": [0, 1, 0],
					"cubes": [
						{"origin": [-9, 3, -46], "size": [18, 1, 2], "uv": [81, 54]},
						{"origin": [-7, 9, -45], "size": [14, 1, 1], "uv": [175, 28]},
						{"origin": [-7, 4, -44], "size": [14, 5, 1], "uv": [194, 37]},
						{"origin": [-9, 9, -47], "size": [18, 2, 2], "uv": [81, 50]},
						{"origin": [-9.1, 9, -47], "size": [1, 2, 2], "uv": [154, 221]},
						{"origin": [8.1, 9, -47], "size": [1, 2, 2], "uv": [121, 221]},
						{"origin": [-8, 11, -45], "size": [16, 2, 1], "pivot": [0, 13, -45], "rotation": [-7.5, 0, 0], "uv": [161, 25]},
						{"origin": [-9, 11, -45], "size": [1, 2, 1], "pivot": [-8, 14, -45], "rotation": [-7.5, 0, 0], "uv": [86, 144]},
						{"origin": [8, 11, -45], "size": [1, 2, 1], "pivot": [8, 14, -45], "rotation": [-7.5, 0, 0], "uv": [137, 64]},
						{"origin": [-8, 13, -45], "size": [16, 1, 1], "uv": [0, 151]},
						{"origin": [-8, 15.1, -36.90523], "size": [16, 1, 21], "pivot": [0, 15, -37], "rotation": [2.5, 0, 0], "uv": [0, 59]},
						{"origin": [-8, 15.1, -37.2], "size": [16, 1, 1], "pivot": [0, 15, -37], "rotation": [2.5, 0, 0], "uv": [103, 33]},
						{"origin": [8, 14.7, -33.90523], "size": [10, 1, 18], "pivot": [16, 15, -37], "rotation": [2.5, 0, 0], "uv": [149, 125]},
						{"origin": [-19, 14.7, -34.90523], "size": [1, 1, 19], "pivot": [-19, 15, -37], "rotation": [2.5, 0, 0], "uv": [69, 162]},
						{"origin": [18, 14.7, -34.90523], "size": [1, 1, 19], "pivot": [18, 15, -37], "rotation": [2.5, 0, 0], "uv": [157, 161]},
						{"origin": [-18, 14.7, -33.90523], "size": [10, 1, 18], "pivot": [-9, 15, -37], "rotation": [2.5, 0, 0], "uv": [142, 106]},
						{"origin": [-8, 16, -15.92887], "size": [16, 1, 2], "uv": [103, 30]},
						{"origin": [8, 15.6, -15.92887], "size": [10, 1, 2], "uv": [131, 71]},
						{"origin": [18, 15.6, -15.92887], "size": [1, 1, 2], "uv": [94, 222]},
						{"origin": [17, 15.6, -13.92887], "size": [2, 1, 2], "pivot": [17, 16.6, -14], "rotation": [-17.5, 0, 0], "uv": [159, 139]},
						{"origin": [-19, 15.6, -13.92887], "size": [2, 1, 2], "pivot": [-18, 16.6, -14], "rotation": [-17.5, 0, 0], "uv": [109, 26]},
						{"origin": [-19, 15.6, -15.92887], "size": [1, 1, 2], "uv": [88, 222]},
						{"origin": [-18, 15.6, -15.92887], "size": [10, 1, 2], "uv": [131, 54]},
						{"origin": [-8, 13, -45], "size": [16, 1, 8], "pivot": [0, 14, -45], "rotation": [15, 0, 0], "uv": [170, 95]},
						{"origin": [-8.7, 13, -45], "size": [1, 1, 4], "pivot": [-1, 14, -45], "rotation": [10, 0, 0], "uv": [131, 64]},
						{"origin": [7.6, 13, -45], "size": [1, 1, 4], "pivot": [15, 14, -45], "rotation": [10, 0, 0], "uv": [131, 59]},
						{"origin": [-8, 13, -37.95], "size": [16, 1, 1], "pivot": [0, 14, -45], "rotation": [15, 0, 0], "uv": [90, 57]},
						{"origin": [-9, 3, -45], "size": [2, 7, 2], "pivot": [-9, 4, -45], "rotation": [15, 0, 0], "uv": [76, 76]},
						{"origin": [-7, 3, -45], "size": [14, 1, 2], "pivot": [-7, 4, -45], "rotation": [15, 0, 0], "uv": [32, 163]},
						{"origin": [-9, 4, -45], "size": [2, 5, 1], "uv": [96, 88]},
						{"origin": [7, 4, -45], "size": [2, 5, 1], "uv": [0, 59]},
						{"origin": [7, 3, -45], "size": [2, 7, 2], "pivot": [7, 4, -45], "rotation": [15, 0, 0], "uv": [0, 49]},
						{"origin": [-19, 3, -46], "size": [10, 1, 1], "pivot": [-9, 3, -46], "rotation": [0, 15, 0], "uv": [56, 139]},
						{"origin": [-19.5, 3, -43], "size": [1, 1, 8], "uv": [97, 208]},
						{"origin": [-19.5, 3, -44], "size": [1, 1, 1], "pivot": [-19.5, 4, -43], "rotation": [0, -50, 0], "uv": [222, 160]},
						{"origin": [18.5, 3, -44], "size": [1, 1, 1], "pivot": [19.5, 4, -43], "rotation": [0, 50, 0], "uv": [222, 141]},
						{"origin": [18.5, 3, -43], "size": [1, 1, 8], "uv": [79, 208]},
						{"origin": [18, 4, -43], "size": [1, 7, 8], "uv": [202, 110]},
						{"origin": [18, 9, -44.6], "size": [1, 2, 2], "uv": [120, 197]},
						{"origin": [-19, 9, -44.6], "size": [1, 2, 2], "uv": [172, 94]},
						{"origin": [18, 13, -43], "size": [1, 1, 8], "pivot": [18, 14, -43], "rotation": [12.5, 0, 0], "uv": [61, 208]},
						{"origin": [-19, 13, -43], "size": [1, 1, 8], "pivot": [-19, 14, -43], "rotation": [12.5, 0, 0], "uv": [43, 208]},
						{"origin": [18, 13, -35.73], "size": [1, 1, 1], "pivot": [18, 14, -43], "rotation": [12.5, 0, 0], "uv": [222, 137]},
						{"origin": [-19, 13, -35.73], "size": [1, 1, 1], "pivot": [-19, 14, -43], "rotation": [12.5, 0, 0], "uv": [222, 114]},
						{"origin": [-8, 11, -38], "size": [1, 2, 3], "uv": [178, 161]},
						{"origin": [18, 11, -38], "size": [1, 2, 3], "uv": [177, 3]},
						{"origin": [18, 13, -38], "size": [1, 2, 3], "uv": [156, 167]},
						{"origin": [-19, 13, -38], "size": [1, 2, 3], "uv": [159, 134]},
						{"origin": [18, 13, -43], "size": [1, 1, 5], "uv": [144, 59]},
						{"origin": [-19, 13, -43], "size": [1, 1, 5], "uv": [101, 144]},
						{"origin": [-18, 13.1, -39], "size": [1, 1, 1], "uv": [222, 111]},
						{"origin": [18, 13.1, -39], "size": [1, 1, 1], "uv": [222, 108]},
						{"origin": [-19, 11, -38], "size": [1, 2, 3], "uv": [151, 30]},
						{"origin": [-19, 4, -43], "size": [1, 7, 8], "uv": [142, 106]},
						{"origin": [18, 11, -43], "size": [1, 2, 5], "uv": [91, 76]},
						{"origin": [-19, 11, -43], "size": [1, 2, 5], "uv": [89, 89]},
						{"origin": [-16.74118, 4, -44.96593], "size": [2, 6, 1], "pivot": [-9, 4, -45], "rotation": [15, 15, 0], "uv": [0, 27]},
						{"origin": [-18.5, 4, -44.96593], "size": [2, 6, 1], "pivot": [-9, 4, -45], "rotation": [15, 15, 0], "uv": [18, 0]},
						{"origin": [-14.74118, 8, -44.96593], "size": [6, 2, 1], "pivot": [-9, 4, -45], "rotation": [15, 15, 0], "uv": [129, 195]},
						{"origin": [-14.74118, 6, -44.96593], "size": [6, 1, 1], "pivot": [-9, 4, -45], "rotation": [15, 15, 0], "uv": [34, 151]},
						{"origin": [-14.74118, 4, -44.96593], "size": [6, 1, 1], "pivot": [-9, 4, -45], "rotation": [15, 15, 0], "uv": [142, 128]},
						{"origin": [-14.74118, 4, -43.96593], "size": [6, 4, 1], "pivot": [-9, 4, -45], "rotation": [15, 15, 0], "uv": [99, 153]},
						{"origin": [-19, 9, -47], "size": [10, 2, 2], "pivot": [-9, 9, -46], "rotation": [0, 15, 0], "uv": [131, 50]},
						{"origin": [-9.8, 9, -47], "size": [1, 2, 2], "pivot": [-9, 9, -46], "rotation": [0, 15, 0], "uv": [152, 42]},
						{"origin": [-18.58458, 13, -44.15539], "size": [10, 1, 7], "pivot": [-12, 14, -44], "rotation": [12.5, 15, 0], "uv": [72, 153]},
						{"origin": [-20.58458, 13, -37.9], "size": [12, 1, 1], "pivot": [-12, 14, -44], "rotation": [12.5, 15, 0], "uv": [104, 110]},
						{"origin": [-19.58458, 13, -42.15539], "size": [1, 1, 5], "pivot": [-12, 14, -44], "rotation": [12.5, 15, 0], "uv": [86, 144]},
						{"origin": [-19.58458, 13, -38.15539], "size": [1, 1, 1], "pivot": [-12, 14, -44], "rotation": [12.5, 15, 0], "uv": [222, 24]},
						{"origin": [-18.77285, 14.46345, -36.7566], "size": [12, 1, 3], "pivot": [-12, 14, -37], "rotation": [2.5, 15, 0], "uv": [198, 104]},
						{"origin": [-18.74118, 11, -44.96593], "size": [10, 2, 1], "pivot": [-9, 14, -45], "rotation": [-7.5, 15, 0], "uv": [142, 125]},
						{"origin": [9, 3, -46], "size": [10, 1, 1], "pivot": [9, 3, -46], "rotation": [0, -15, 0], "uv": [131, 74]},
						{"origin": [9, 9, -47], "size": [10, 2, 2], "pivot": [9, 9, -46], "rotation": [0, -15, 0], "uv": [101, 124]},
						{"origin": [8.8, 9, -47], "size": [1, 2, 2], "pivot": [9, 9, -46], "rotation": [0, -15, 0], "uv": [137, 31]},
						{"origin": [8.58458, 13, -44.15539], "size": [10, 1, 7], "pivot": [12, 14, -44], "rotation": [12.5, -15, 0], "uv": [0, 27]},
						{"origin": [8.58458, 13, -37.9], "size": [12, 1, 1], "pivot": [12, 14, -44], "rotation": [12.5, -15, 0], "uv": [104, 108]},
						{"origin": [18.58458, 13, -42.15539], "size": [1, 1, 5], "pivot": [12, 14, -44], "rotation": [12.5, -15, 0], "uv": [101, 138]},
						{"origin": [18.58458, 13, -38.15539], "size": [2, 1, 1], "pivot": [12, 14, -44], "rotation": [12.5, -15, 0], "uv": [213, 201]},
						{"origin": [6.77285, 14.5, -36.7566], "size": [12, 1, 3], "pivot": [12, 14, -37], "rotation": [2.5, -15, 0], "uv": [138, 163]},
						{"origin": [6.77285, 14.6, -34.7566], "size": [12, 1, 1], "pivot": [12, 14, -37], "rotation": [2.5, 0, 0], "uv": [104, 106]},
						{"origin": [-18.22715, 14.6, -34.7566], "size": [12, 1, 1], "pivot": [-12, 14, -37], "rotation": [2.5, 0, 0], "uv": [76, 100]},
						{"origin": [8.74118, 11, -44.96593], "size": [10, 2, 1], "pivot": [9, 14, -45], "rotation": [-7.5, -15, 0], "uv": [56, 136]},
						{"origin": [8.74118, 4, -44.96593], "size": [6, 1, 1], "pivot": [9, 4, -45], "rotation": [15, -15, 0], "uv": [0, 140]},
						{"origin": [8.74118, 4, -43.96593], "size": [6, 4, 1], "pivot": [9, 4, -45], "rotation": [15, -15, 0], "uv": [68, 142]},
						{"origin": [14.74118, 4, -44.96593], "size": [2, 6, 1], "pivot": [9, 4, -45], "rotation": [15, -15, 0], "uv": [9, 0]},
						{"origin": [16.5, 4, -44.96593], "size": [2, 6, 1], "pivot": [9, 4, -45], "rotation": [15, -15, 0], "uv": [0, 0]},
						{"origin": [18, 4, -42.7], "size": [1, 6, 1], "pivot": [10, 4, -43], "rotation": [15, 0, 0], "uv": [220, 167]},
						{"origin": [-19, 4, -42.7], "size": [1, 6, 1], "pivot": [-27, 4, -43], "rotation": [15, 0, 0], "uv": [220, 117]},
						{"origin": [8.74118, 8, -44.96593], "size": [6, 2, 1], "pivot": [9, 4, -45], "rotation": [15, -15, 0], "uv": [0, 192]},
						{"origin": [8.74118, 6, -44.96593], "size": [6, 1, 1], "pivot": [9, 4, -45], "rotation": [15, -15, 0], "uv": [53, 78]},
						{"origin": [18, 15, -29], "size": [1, 1, 10], "uv": [62, 196]},
						{"origin": [-19, 15, -29], "size": [1, 1, 10], "uv": [32, 124]},
						{"origin": [12, 6, -28], "size": [5, 2, 2], "uv": [0, 179]},
						{"origin": [-17, 6, -28], "size": [5, 2, 2], "uv": [138, 175]},
						{"origin": [11, 4, -34], "size": [1, 10, 14], "uv": [140, 167]},
						{"origin": [-12, 4, -34], "size": [1, 10, 14], "uv": [30, 166]}
					]
				},
				{
					"name": "fronttireguard",
					"parent": "front",
					"pivot": [0, 0, 0],
					"cubes": [
						{"origin": [18, 9, -35], "size": [1, 6, 1], "uv": [117, 220]},
						{"origin": [-19, 9, -35], "size": [1, 6, 1], "uv": [113, 220]},
						{"origin": [-19, 9, -20], "size": [1, 6, 1], "uv": [36, 220]},
						{"origin": [18, 9, -20], "size": [1, 6, 1], "uv": [32, 220]},
						{"origin": [18, 11, -21], "size": [1, 4, 1], "uv": [101, 138]},
						{"origin": [18, 11, -34], "size": [1, 4, 1], "uv": [86, 138]},
						{"origin": [-19, 11, -21], "size": [1, 4, 1], "uv": [50, 135]},
						{"origin": [-19, 11, -34], "size": [1, 4, 1], "uv": [86, 130]},
						{"origin": [18, 12, -33], "size": [1, 3, 1], "uv": [44, 129]},
						{"origin": [-19, 12, -33], "size": [1, 3, 1], "uv": [50, 124]},
						{"origin": [-19, 12, -22], "size": [1, 3, 1], "uv": [44, 124]},
						{"origin": [18, 12, -22], "size": [1, 3, 1], "uv": [38, 124]},
						{"origin": [18, 13, -23], "size": [1, 2, 1], "uv": [137, 59]},
						{"origin": [18, 13, -32], "size": [1, 2, 1], "uv": [131, 64]},
						{"origin": [-19, 13, -32], "size": [1, 2, 1], "uv": [131, 59]},
						{"origin": [-19, 13, -23], "size": [1, 2, 1], "uv": [101, 130]},
						{"origin": [18, 14, -31], "size": [1, 1, 2], "uv": [82, 222]},
						{"origin": [-19, 14, -31], "size": [1, 1, 2], "uv": [76, 222]},
						{"origin": [-19, 14, -25], "size": [1, 1, 2], "uv": [70, 222]},
						{"origin": [18, 14, -25], "size": [1, 1, 2], "uv": [64, 222]}
					]
				},
				{
					"name": "hexadecagon",
					"parent": "fronttireguard",
					"pivot": [25, -1, 2],
					"cubes": [
						{"origin": [16, 3.4087, -35], "size": [3, 5.1826, 1], "uv": [152, 106]},
						{"origin": [16, 5.4087, -35], "size": [3, 3.1826, 1], "pivot": [17, 7, -27], "rotation": [-22.5, 0, 0], "uv": [114, 216]},
						{"origin": [16, 5.4087, -35], "size": [3, 3.1826, 1], "pivot": [17, 7, -27], "rotation": [-45, 0, 0], "uv": [33, 216]},
						{"origin": [16, 5.4087, -20], "size": [3, 3.1826, 1], "pivot": [17, 7, -27], "rotation": [45, 0, 0], "uv": [215, 195]},
						{"origin": [16, 5.4087, -20], "size": [3, 3.1826, 1], "pivot": [17, 7, -27], "rotation": [22.5, 0, 0], "uv": [199, 214]},
						{"origin": [16, 3.4087, -20], "size": [3, 5.1826, 1], "uv": [149, 134]},
						{"origin": [16, 14, -28.5913], "size": [3, 1, 3.1826], "pivot": [17, 7, -27], "rotation": [22.5, 0, 0], "uv": [18, 179]},
						{"origin": [16, 14, -28.5913], "size": [3, 1, 3.1826], "uv": [0, 171]},
						{"origin": [16, 14, -28.5913], "size": [3, 1, 3.1826], "pivot": [17, 7, -27], "rotation": [-22.5, 0, 0], "uv": [32, 170]}
					]
				},
				{
					"name": "hexadecagon3",
					"parent": "fronttireguard",
					"pivot": [-10, -1, 2],
					"cubes": [
						{"origin": [-19, 3.4087, -35], "size": [3, 5.1826, 1], "uv": [142, 106]},
						{"origin": [-19, 5.4087, -35], "size": [3, 3.1826, 1], "pivot": [-18, 7, -27], "rotation": [-22.5, 0, 0], "uv": [159, 211]},
						{"origin": [-19, 5.4087, -35], "size": [3, 3.1826, 1], "pivot": [-18, 7, -27], "rotation": [-45, 0, 0], "uv": [43, 211]},
						{"origin": [-19, 5.4087, -20], "size": [3, 3.1826, 1], "pivot": [-18, 7, -27], "rotation": [45, 0, 0], "uv": [149, 210]},
						{"origin": [-19, 5.4087, -20], "size": [3, 3.1826, 1], "pivot": [-18, 7, -27], "rotation": [22.5, 0, 0], "uv": [123, 210]},
						{"origin": [-19, 3.4087, -20], "size": [3, 5.1826, 1], "uv": [56, 116]},
						{"origin": [-19, 14, -28.5913], "size": [3, 1, 3.1826], "pivot": [-18, 7, -27], "rotation": [22.5, 0, 0], "uv": [0, 167]},
						{"origin": [-19, 14, -28.5913], "size": [3, 1, 3.1826], "uv": [32, 166]},
						{"origin": [-19, 14, -28.5913], "size": [3, 1, 3.1826], "pivot": [-18, 7, -27], "rotation": [-22.5, 0, 0], "uv": [0, 163]}
					]
				},
				{
					"name": "hexadecagon2",
					"parent": "fronttireguard",
					"pivot": [22, -1, 2],
					"cubes": [
						{"origin": [-16, 3.4087, -35], "size": [32, 5.1826, 1], "uv": [0, 157]},
						{"origin": [16, 3.4087, -35], "size": [2, 1.1826, 1], "uv": [208, 108]},
						{"origin": [16, 3.4087, -20], "size": [2, 1.1826, 1], "uv": [110, 205]},
						{"origin": [-18, 3.4087, -20], "size": [2, 1.1826, 1], "uv": [162, 204]},
						{"origin": [-18, 3.4087, -35], "size": [2, 1.1826, 1], "uv": [119, 192]},
						{"origin": [-16, 5.4087, -35], "size": [32, 3.1826, 1], "pivot": [14, 7, -27], "rotation": [-22.5, 0, 0], "uv": [159, 75]},
						{"origin": [-16, 5.4087, -35], "size": [32, 3.1826, 1], "pivot": [14, 7, -27], "rotation": [-45, 0, 0], "uv": [159, 71]},
						{"origin": [-16, 5.4087, -20], "size": [32, 3.1826, 1], "pivot": [14, 7, -27], "rotation": [45, 0, 0], "uv": [159, 67]},
						{"origin": [-16, 5.4087, -20], "size": [32, 3.1826, 1], "pivot": [14, 7, -27], "rotation": [22.5, 0, 0], "uv": [159, 63]},
						{"origin": [-16, 3.4087, -20], "size": [32, 5.1826, 1], "uv": [149, 153]},
						{"origin": [-16, 14, -28.5913], "size": [32, 1, 3.1826], "pivot": [14, 7, -27], "rotation": [22.5, 0, 0], "uv": [0, 153]},
						{"origin": [-16, 14, -28.5913], "size": [32, 1, 3.1826], "uv": [149, 144]},
						{"origin": [-16, 14, -28.5913], "size": [32, 1, 3.1826], "pivot": [14, 7, -27], "rotation": [-22.5, 0, 0], "uv": [149, 149]}
					]
				},
				{
					"name": "mid",
					"pivot": [0, 0, 0],
					"cubes": [
						{"origin": [17, 3, -19], "size": [2, 13, 7], "uv": [118, 134]},
						{"origin": [-19, 3, -19], "size": [2, 13, 7], "uv": [0, 59]},
						{"origin": [16, 4, -19], "size": [1, 12, 7], "uv": [133, 203]},
						{"origin": [-17, 4, -19], "size": [1, 12, 7], "uv": [17, 202]},
						{"origin": [17, 4, -12], "size": [1, 1, 28], "uv": [131, 30]},
						{"origin": [-18, 4, -12], "size": [1, 1, 28], "uv": [129, 59]},
						{"origin": [16, 4, -12], "size": [1, 1, 28], "uv": [56, 124]},
						{"origin": [-17, 4, -12], "size": [1, 1, 28], "uv": [26, 113]},
						{"origin": [18, 3, 14], "size": [1, 13, 2], "uv": [63, 59]},
						{"origin": [18, 4, 10], "size": [1, 1, 4], "pivot": [19, 4, 14], "rotation": [0, 15, 0], "uv": [44, 129]},
						{"origin": [-19, 4, 14], "size": [1, 12, 2], "uv": [103, 15]},
						{"origin": [16, 5, 14], "size": [1, 11, 2], "uv": [67, 87]},
						{"origin": [-17, 5, 14], "size": [1, 11, 2], "uv": [61, 87]},
						{"origin": [-17, 4, -19], "size": [34, 12, 3], "uv": [103, 0]},
						{"origin": [-19, 3, -12], "size": [2, 1, 27], "uv": [118, 135]},
						{"origin": [17, 3, -12], "size": [2, 1, 27], "uv": [87, 134]},
						{"origin": [-17, 3, -19], "size": [34, 1, 35], "uv": [0, 0]},
						{"origin": [-11, 3.5, -34], "size": [22, 1, 14], "uv": [103, 15]},
						{"origin": [-11, 3, 16], "size": [22, 1, 16], "pivot": [0, 3, 16], "rotation": [3.6, 0, 0], "uv": [53, 59]},
						{"origin": [-19.3, 3, -13], "size": [1, 1, 2], "pivot": [-19.3, 3, -11], "rotation": [0, -12.5, 0], "uv": [58, 222]},
						{"origin": [18.3, 3, -13], "size": [1, 1, 2], "pivot": [19.3, 4, -11], "rotation": [0, 12.5, 0], "uv": [52, 222]},
						{"origin": [18, 3, 14], "size": [2, 1, 2], "pivot": [19, 3, 14], "rotation": [0, -42.5, 0], "uv": [39, 107]},
						{"origin": [-20, 3, 15], "size": [2, 1, 2], "pivot": [-20, 3, 15], "rotation": [0, 42.5, 0], "uv": [28, 107]}
					]
				},
				{
					"name": "cabinex",
					"parent": "mid",
					"pivot": [0, 0, -2],
					"cubes": [
						{"origin": [16, 16, -15], "size": [1, 20, 1], "pivot": [17, 16, -15], "rotation": [-60, 0, 0], "uv": [167, 207]},
						{"origin": [-17, 16, -15], "size": [1, 20, 1], "pivot": [-16, 16, -15], "rotation": [-60, 0, 0], "uv": [124, 50]},
						{"origin": [-16, 35, -15], "size": [32, 1, 1], "pivot": [-15, 16, -15], "rotation": [-60, 0, 0], "uv": [159, 85]},
						{"origin": [15, 19, -15], "size": [1, 15, 1], "pivot": [47, 16, -15], "rotation": [-60, 0, 0], "uv": [94, 162]},
						{"origin": [-16, 19, -15], "size": [1, 15, 1], "pivot": [16, 16, -15], "rotation": [-60, 0, 0], "uv": [90, 162]},
						{"origin": [-16, 34, -15], "size": [32, 1, 1], "pivot": [16, 16, -15], "rotation": [-60, 0, 0], "uv": [159, 83]},
						{"origin": [-16, 17, -15], "size": [32, 2, 1], "pivot": [16, 16, -15], "rotation": [-60, 0, 0], "uv": [92, 47]},
						{"origin": [16, 35.2, -15], "size": [1, 1, 1], "pivot": [17, 16, -15], "rotation": [-60, 0, 0], "uv": [222, 22]},
						{"origin": [-17, 35.2, -15], "size": [1, 1, 1], "pivot": [-16, 16, -15], "rotation": [-60, 0, 0], "uv": [222, 20]},
						{"origin": [-16, 35.2, -15], "size": [32, 1, 1], "pivot": [-15, 16, -15], "rotation": [-60, 0, 0], "uv": [159, 81]},
						{"origin": [16, 24.8, 1.805], "size": [1, 1, 1], "pivot": [17, 25, 3], "rotation": [-75, 0, 0], "uv": [222, 17]},
						{"origin": [-17, 24.8, 1.805], "size": [1, 1, 1], "pivot": [-16, 25, 3], "rotation": [-75, 0, 0], "uv": [222, 2]},
						{"origin": [-16, 24.8, 1.805], "size": [32, 1, 1], "pivot": [-15, 25, 3], "rotation": [-75, 0, 0], "uv": [159, 79]},
						{"origin": [16, 26, 7], "size": [1, 2, 1], "pivot": [17, 18, 6], "rotation": [-90, 0, 0], "uv": [50, 129]},
						{"origin": [-17, 26, 7], "size": [1, 2, 1], "pivot": [-16, 18, 6], "rotation": [-90, 0, 0], "uv": [125, 71]},
						{"origin": [16, 25.94562, 11.53541], "size": [1, 1, 8], "pivot": [17, 25, 11], "rotation": [-77.5, 0, 0], "uv": [207, 25]},
						{"origin": [-17, 25.94562, 11.53541], "size": [1, 1, 8], "pivot": [-16, 25, 11], "rotation": [-77.5, 0, 0], "uv": [207, 207]},
						{"origin": [16, 25.94562, 11.09], "size": [1, 1, 1], "pivot": [17, 25, 11], "rotation": [-77.5, 0, 0], "uv": [195, 222]},
						{"origin": [-17, 25.94562, 11.09], "size": [1, 1, 1], "pivot": [-16, 25, 11], "rotation": [-77.5, 0, 0], "uv": [191, 222]},
						{"origin": [16, 25.94562, 19], "size": [1, 1, 1], "pivot": [17, 25, 11], "rotation": [-77.5, 0, 0], "uv": [187, 222]},
						{"origin": [-17, 25.94562, 19], "size": [1, 1, 1], "pivot": [-16, 25, 11], "rotation": [-77.5, 0, 0], "uv": [143, 222]},
						{"origin": [16, 24.465, 2.638], "size": [1, 1, 1], "pivot": [17, 25, 4], "rotation": [-90, 0, 0], "uv": [139, 222]},
						{"origin": [-17, 24.465, 2.638], "size": [1, 1, 1], "pivot": [-16, 25, 4], "rotation": [-90, 0, 0], "uv": [135, 222]},
						{"origin": [-16, 24.465, 2.638], "size": [32, 1, 1], "pivot": [-15, 25, 4], "rotation": [-90, 0, 0], "uv": [149, 159]},
						{"origin": [16, 24.465, 3.638], "size": [1, 8, 1], "pivot": [17, 25, 5], "rotation": [-90, 0, 0], "uv": [46, 169]},
						{"origin": [16, 31.465, 4.638], "size": [1, 1, 1], "pivot": [17, 25, 5], "rotation": [-90, 0, 0], "uv": [131, 222]},
						{"origin": [-17, 31.465, 4.638], "size": [1, 1, 1], "pivot": [-16, 25, 5], "rotation": [-90, 0, 0], "uv": [106, 222]},
						{"origin": [-17, 24.465, 3.638], "size": [1, 8, 1], "pivot": [-16, 25, 5], "rotation": [-90, 0, 0], "uv": [66, 157]},
						{"origin": [-16, 24.465, 3.638], "size": [32, 8, 1], "pivot": [16, 25, 5], "rotation": [-90, 0, 0], "uv": [0, 142]},
						{"origin": [16, 24.44, 13.77], "size": [1, 3, 1], "pivot": [17, 26, 14], "rotation": [-95, 0, 0], "uv": [32, 124]},
						{"origin": [15.99, 24.44, 14.77], "size": [1, 1, 1], "pivot": [17, 26, 14], "rotation": [-95, 0, 0], "uv": [102, 222]},
						{"origin": [-16.99, 24.44, 14.77], "size": [1, 1, 1], "pivot": [17, 26, 14], "rotation": [-95, 0, 0], "uv": [98, 222]},
						{"origin": [-16, 24.44, 13.77], "size": [32, 3, 1], "pivot": [16, 26, 14], "rotation": [-95, 0, 0], "uv": [159, 59]},
						{"origin": [-17, 24.44, 13.77], "size": [1, 3, 1], "pivot": [-16, 26, 14], "rotation": [-95, 0, 0], "uv": [119, 59]},
						{"origin": [16, 24.675, 17.8], "size": [1, 16, 1], "pivot": [17, 26, 17], "rotation": [-125, 0, 0], "uv": [183, 213]},
						{"origin": [-17, 24.675, 17.8], "size": [1, 16, 1], "pivot": [-16, 26, 17], "rotation": [-125, 0, 0], "uv": [179, 208]},
						{"origin": [-16, 24.675, 17.8], "size": [1, 16, 1], "pivot": [-15, 26, 17], "rotation": [-125, 0, 0], "uv": [175, 208]},
						{"origin": [15, 24.675, 17.8], "size": [1, 16, 1], "pivot": [16, 26, 17], "rotation": [-125, 0, 0], "uv": [171, 208]},
						{"origin": [-15, 24.675, 17.8], "size": [30, 2, 1], "pivot": [15, 26, 17], "rotation": [-125, 0, 0], "uv": [161, 18]},
						{"origin": [-15, 38.675, 17.8], "size": [30, 2, 1], "pivot": [15, 26, 17], "rotation": [-125, 0, 0], "uv": [161, 15]},
						{"origin": [-15, 37.675, 17.8], "size": [30, 1, 1], "pivot": [15, 26, 17], "rotation": [-125, 0, 0], "uv": [161, 23]},
						{"origin": [-15, 26.675, 17.8], "size": [30, 1, 1], "pivot": [15, 26, 17], "rotation": [-125, 0, 0], "uv": [161, 21]},
						{"origin": [14, 27.675, 17.8], "size": [1, 10, 1], "pivot": [15, 26, 17], "rotation": [-125, 0, 0], "uv": [113, 15]},
						{"origin": [-15, 27.675, 17.8], "size": [1, 10, 1], "pivot": [-14, 26, 17], "rotation": [-125, 0, 0], "uv": [109, 15]},
						{"origin": [16, 23.675, 18.8], "size": [1, 17, 1], "pivot": [17, 26, 17], "rotation": [-125, 0, 0], "uv": [12, 208]},
						{"origin": [-17, 23.675, 18.8], "size": [1, 17, 1], "pivot": [-16, 26, 17], "rotation": [-125, 0, 0], "uv": [8, 208]},
						{"origin": [16, 23, 18.8], "size": [1, 1, 1], "pivot": [17, 26, 17], "rotation": [-125, 0, 0], "uv": [92, 222]},
						{"origin": [-17, 23, 18.8], "size": [1, 1, 1], "pivot": [-16, 26, 17], "rotation": [-125, 0, 0], "uv": [86, 222]},
						{"origin": [16, 23.2, 19.8], "size": [1, 1, 1], "pivot": [17, 26, 17], "rotation": [-125, 0, 0], "uv": [80, 222]},
						{"origin": [-17, 23.2, 19.8], "size": [1, 1, 1], "pivot": [17, 26, 17], "rotation": [-125, 0, 0], "uv": [74, 222]},
						{"origin": [16, 24, 19.79688], "size": [1, 14, 1], "pivot": [17, 26, 17], "rotation": [-125, 0, 0], "uv": [102, 162]},
						{"origin": [-17, 24, 19.79688], "size": [1, 14, 1], "pivot": [-16, 26, 17], "rotation": [-125, 0, 0], "uv": [98, 162]},
						{"origin": [16, 17, 15], "size": [1, 1, 9], "pivot": [17, 17, 27], "rotation": [5, 0, 0], "uv": [186, 204]},
						{"origin": [-17, 17, 15], "size": [1, 1, 9], "pivot": [-16, 17, 27], "rotation": [5, 0, 0], "uv": [203, 174]},
						{"origin": [-19, 4, 10], "size": [1, 1, 4], "pivot": [-19, 4, 14], "rotation": [0, -15, 0], "uv": [44, 124]},
						{"origin": [-17, 15, 15], "size": [1, 2, 9], "pivot": [-16, 17, 27], "rotation": [5, 0, 0], "uv": [86, 196]},
						{"origin": [16, 15, 15], "size": [1, 2, 9], "pivot": [17, 17, 27], "rotation": [5, 0, 0], "uv": [28, 101]},
						{"origin": [-16, 16, 23], "size": [32, 1, 4], "pivot": [-15, 17, 27], "rotation": [5, 0, 0], "uv": [104, 94]}
					]
				},
				{
					"name": "leftdoor",
					"parent": "cabinex",
					"pivot": [18, 13, -12],
					"cubes": [
						{"origin": [17, 5, -12], "size": [1, 11, 26], "uv": [103, 50]},
						{"origin": [16, 5, -12], "size": [1, 11, 26], "uv": [76, 87]},
						{"origin": [16, 3, 5], "size": [1, 25, 1], "pivot": [17, 18, 4], "rotation": [-90, 0, 0], "uv": [140, 134]},
						{"origin": [16, 18, -14], "size": [1, 18, 1], "pivot": [17, 16, -15], "rotation": [-60, 0, 0], "uv": [4, 208]},
						{"origin": [16, 24.8, 2.805], "size": [1, 1, 1], "pivot": [17, 25, 3], "rotation": [-75, 0, 0], "uv": [68, 222]},
						{"origin": [16, 23.465, 2.638], "size": [1, 1, 1], "pivot": [17, 24, 4], "rotation": [-90, 0, 0], "uv": [62, 222]},
						{"origin": [16, 23.465, 3.638], "size": [1, 7, 1], "pivot": [17, 24, 5], "rotation": [-90, 0, 0], "uv": [50, 169]},
						{"origin": [16, 29.87, 3.638], "size": [1, 1, 1], "pivot": [17, 24, 5], "rotation": [-90, 0, 0], "uv": [56, 222]},
						{"origin": [16, 24.94562, 11.53541], "size": [1, 1, 8], "pivot": [17, 25, 11], "rotation": [-77.5, 0, 0], "uv": [149, 207]},
						{"origin": [16, 24.94562, 10.84], "size": [1, 1, 1], "pivot": [17, 25, 11], "rotation": [-77.5, 0, 0], "uv": [221, 93]},
						{"origin": [18, 5, 10], "size": [1, 11, 4], "pivot": [19, 5, 14], "rotation": [0, 15, 0], "uv": [113, 59]}
					]
				},
				{
					"name": "sml",
					"parent": "leftdoor",
					"pivot": [0, 0, -2],
					"cubes": [
						{"origin": [17, 16, -12], "size": [1, 1, 1], "uv": [213, 221]},
						{"origin": [18, 16, -12], "size": [2, 2, 1], "pivot": [18, 16, -12], "rotation": [0, -22.5, 0], "uv": [46, 222]}
					]
				},
				{
					"name": "rightdoor",
					"parent": "cabinex",
					"pivot": [-18, 13, -12],
					"cubes": [
						{"origin": [-17, 5, -12], "size": [1, 11, 26], "uv": [0, 87]},
						{"origin": [-18, 5, -12], "size": [1, 11, 26], "uv": [48, 76]},
						{"origin": [-17, 3, 5], "size": [1, 25, 1], "pivot": [-16, 18, 4], "rotation": [-90, 0, 0], "uv": [136, 134]},
						{"origin": [-17, 18, -14], "size": [1, 18, 1], "pivot": [-16, 16, -15], "rotation": [-60, 0, 0], "uv": [0, 208]},
						{"origin": [-17, 24.8, 2.805], "size": [1, 1, 1], "pivot": [-16, 25, 3], "rotation": [-75, 0, 0], "uv": [207, 221]},
						{"origin": [-17, 23.465, 2.638], "size": [1, 1, 1], "pivot": [-16, 24, 4], "rotation": [-90, 0, 0], "uv": [158, 221]},
						{"origin": [-17, 23.465, 3.638], "size": [1, 7, 1], "pivot": [-16, 24, 5], "rotation": [-90, 0, 0], "uv": [155, 50]},
						{"origin": [-17, 29.87, 3.638], "size": [1, 1, 1], "pivot": [-16, 24, 5], "rotation": [-90, 0, 0], "uv": [107, 214]},
						{"origin": [-17, 24.94562, 11.53541], "size": [1, 1, 8], "pivot": [-16, 25, 11], "rotation": [-77.5, 0, 0], "uv": [113, 207]},
						{"origin": [-17, 24.94562, 10.84], "size": [1, 1, 1], "pivot": [-16, 25, 11], "rotation": [-77.5, 0, 0], "uv": [97, 214]},
						{"origin": [-19, 5, 10], "size": [1, 11, 4], "pivot": [-19, 5, 14], "rotation": [0, -15, 0], "uv": [53, 59]}
					]
				},
				{
					"name": "smr",
					"parent": "rightdoor",
					"pivot": [-35, 0, -2],
					"cubes": [
						{"origin": [-18, 16, -12], "size": [1, 1, 1], "uv": [79, 214]},
						{"origin": [-20, 16, -12], "size": [2, 2, 1], "pivot": [-17, 16, -12], "rotation": [0, 22.5, 0], "uv": [40, 222]}
					]
				},
				{
					"name": "cabinin",
					"parent": "mid",
					"pivot": [0, 0, 0],
					"cubes": [
						{"origin": [3, 11, -18], "size": [13, 5, 8], "uv": [178, 161]},
						{"origin": [-16, 11, -18], "size": [13, 5, 8], "uv": [177, 0]},
						{"origin": [-3, 4, -18], "size": [6, 12, 8], "uv": [56, 116]},
						{"origin": [-3, 4, -10], "size": [6, 4, 24], "uv": [106, 106]},
						{"origin": [11, 4, 15], "size": [5, 11, 1], "uv": [28, 87]},
						{"origin": [-16, 4, 15], "size": [5, 11, 1], "uv": [0, 36]},
						{"origin": [12, 14.1, 16], "size": [4, 1, 16], "uv": [114, 163]},
						{"origin": [-16, 14.1, 16], "size": [4, 1, 16], "uv": [90, 162]},
						{"origin": [-9, 13, -9.5], "size": [1, 1, 3], "pivot": [-10, 14, -9], "rotation": [12.5, 0, 0], "uv": [197, 208]},
						{"origin": [-10, 12, -10.5], "size": [3, 3, 1], "uv": [33, 208]}
					]
				},
				{
					"name": "driverseat",
					"parent": "cabinin",
					"pivot": [-18, 0, 0],
					"cubes": [
						{"origin": [-14, 4, -1], "size": [10, 4, 12], "uv": [0, 163]},
						{"origin": [-15, 8, -1], "size": [1, 1, 13], "uv": [175, 182]},
						{"origin": [-15, 8, 4], "size": [1, 1, 5], "pivot": [-14, 8, 10], "rotation": [-102.5, 0, 0], "uv": [86, 138]},
						{"origin": [-15, 8, 3.24], "size": [1, 1, 1], "pivot": [-14, 8, 10], "rotation": [-102.5, 0, 0], "uv": [61, 214]},
						{"origin": [-4, 8, 3.24], "size": [1, 1, 1], "pivot": [-3, 8, 10], "rotation": [-102.5, 0, 0], "uv": [191, 211]},
						{"origin": [-14, 9, 0.5], "size": [10, 1, 1], "pivot": [-13, 8, 10], "rotation": [-102.5, 0, 0], "uv": [101, 128]},
						{"origin": [-15, 9, 0.5], "size": [1, 1, 1], "pivot": [-13, 8, 10], "rotation": [-102.5, 0, 0], "uv": [210, 138]},
						{"origin": [-15, 17, 12.93598], "size": [1, 1, 2], "pivot": [-13, 17, 13], "rotation": [-122.5, 0, 0], "uv": [221, 197]},
						{"origin": [-4, 17, 12.93598], "size": [1, 1, 2], "pivot": [-2, 17, 13], "rotation": [-122.5, 0, 0], "uv": [221, 134]},
						{"origin": [-15, 17, 14.85], "size": [1, 1, 1], "pivot": [-13, 17, 13], "rotation": [-122.5, 0, 0], "uv": [117, 208]},
						{"origin": [-4, 17, 14.85], "size": [1, 1, 1], "pivot": [-2, 17, 13], "rotation": [-122.5, 0, 0], "uv": [207, 46]},
						{"origin": [-4, 9, 0.5], "size": [1, 1, 1], "pivot": [-2, 8, 10], "rotation": [-102.5, 0, 0], "uv": [135, 207]},
						{"origin": [-14, 9, 1], "size": [10, 1, 13], "pivot": [-13, 8, 10], "rotation": [-102.5, 0, 0], "uv": [161, 30]},
						{"origin": [-4, 8, 4], "size": [1, 1, 5], "pivot": [-3, 8, 10], "rotation": [-102.5, 0, 0], "uv": [86, 130]},
						{"origin": [-4, 9, 1], "size": [1, 1, 8], "pivot": [-3, 8, 10], "rotation": [-102.5, 0, 0], "uv": [33, 207]},
						{"origin": [-4, 9, 8.5], "size": [1, 1, 1], "pivot": [-3, 8, 10], "rotation": [-102.5, 0, 0], "uv": [206, 114]},
						{"origin": [-15, 9, 8.5], "size": [1, 1, 1], "pivot": [-14, 8, 10], "rotation": [-102.5, 0, 0], "uv": [153, 206]},
						{"origin": [-15, 9, 1], "size": [1, 1, 8], "pivot": [-14, 8, 10], "rotation": [-102.5, 0, 0], "uv": [205, 192]},
						{"origin": [-12, 17.99536, 9.21954], "size": [1, 1, 3], "pivot": [-2, 17, 12], "rotation": [-90, 0, 0], "uv": [207, 29]},
						{"origin": [-11, 17.99536, 9.21954], "size": [4, 1, 3], "pivot": [-1, 17, 12], "rotation": [-90, 0, 0], "uv": [138, 171]},
						{"origin": [-7, 17.99536, 15.21954], "size": [1, 1, 3], "pivot": [-6, 20, 15], "rotation": [-90, 0, -12.5], "uv": [207, 25]},
						{"origin": [-12, 17.99536, 15.21954], "size": [1, 1, 3], "pivot": [-12, 20, 15], "rotation": [-90, 0, 12.5], "uv": [207, 207]},
						{"origin": [-7, 25.99536, 7.21954], "size": [1, 1, 3], "pivot": [-1, 20, 7], "rotation": [-90, 0, 0], "uv": [159, 207]},
						{"origin": [-4, 8, -1], "size": [1, 1, 13], "uv": [65, 182]}
					]
				},
				{
					"name": "passengerseat",
					"parent": "cabinin",
					"pivot": [0, 0, 0],
					"cubes": [
						{"origin": [4, 4, -1], "size": [10, 4, 12], "uv": [0, 124]},
						{"origin": [3, 8, -1], "size": [1, 1, 13], "uv": [86, 138]},
						{"origin": [3, 8, 4], "size": [1, 1, 5], "pivot": [4, 8, 10], "rotation": [-102.5, 0, 0], "uv": [0, 130]},
						{"origin": [3, 8, 3.24], "size": [1, 1, 1], "pivot": [4, 8, 10], "rotation": [-102.5, 0, 0], "uv": [205, 142]},
						{"origin": [14, 8, 3.24], "size": [1, 1, 1], "pivot": [15, 8, 10], "rotation": [-102.5, 0, 0], "uv": [191, 205]},
						{"origin": [4, 9, 0.5], "size": [10, 1, 1], "pivot": [5, 8, 10], "rotation": [-102.5, 0, 0], "uv": [0, 111]},
						{"origin": [3, 9, 0.5], "size": [1, 1, 1], "pivot": [5, 8, 10], "rotation": [-102.5, 0, 0], "uv": [199, 196]},
						{"origin": [3, 17, 12.93598], "size": [1, 1, 2], "pivot": [5, 17, 13], "rotation": [-122.5, 0, 0], "uv": [221, 131]},
						{"origin": [14, 17, 12.93598], "size": [1, 1, 2], "pivot": [16, 17, 13], "rotation": [-122.5, 0, 0], "uv": [221, 98]},
						{"origin": [3, 17, 14.85], "size": [1, 1, 1], "pivot": [5, 17, 13], "rotation": [-122.5, 0, 0], "uv": [197, 182]},
						{"origin": [14, 17, 14.85], "size": [1, 1, 1], "pivot": [16, 17, 13], "rotation": [-122.5, 0, 0], "uv": [197, 180]},
						{"origin": [14, 9, 0.5], "size": [1, 1, 1], "pivot": [16, 8, 10], "rotation": [-102.5, 0, 0], "uv": [196, 174]},
						{"origin": [4, 9, 1], "size": [10, 1, 13], "pivot": [5, 8, 10], "rotation": [-102.5, 0, 0], "uv": [28, 87]},
						{"origin": [14, 8, 4], "size": [1, 1, 5], "pivot": [15, 8, 10], "rotation": [-102.5, 0, 0], "uv": [86, 124]},
						{"origin": [14, 9, 1], "size": [1, 1, 8], "pivot": [15, 8, 10], "rotation": [-102.5, 0, 0], "uv": [197, 204]},
						{"origin": [14, 9, 8.5], "size": [1, 1, 1], "pivot": [15, 8, 10], "rotation": [-102.5, 0, 0], "uv": [194, 134]},
						{"origin": [3, 9, 8.5], "size": [1, 1, 1], "pivot": [4, 8, 10], "rotation": [-102.5, 0, 0], "uv": [194, 130]},
						{"origin": [3, 9, 1], "size": [1, 1, 8], "pivot": [4, 8, 10], "rotation": [-102.5, 0, 0], "uv": [149, 134]},
						{"origin": [6, 17.99536, 9.21954], "size": [1, 1, 3], "pivot": [16, 17, 12], "rotation": [-90, 0, 0], "uv": [43, 207]},
						{"origin": [7, 17.99536, 9.21954], "size": [4, 1, 3], "pivot": [17, 17, 12], "rotation": [-90, 0, 0], "uv": [114, 171]},
						{"origin": [11, 17.99536, 15.21954], "size": [1, 1, 3], "pivot": [12, 20, 15], "rotation": [-90, 0, -12.5], "uv": [119, 202]},
						{"origin": [6, 17.99536, 15.21954], "size": [1, 1, 3], "pivot": [6, 20, 15], "rotation": [-90, 0, 12.5], "uv": [194, 196]},
						{"origin": [11, 25.99536, 7.21954], "size": [1, 1, 3], "pivot": [17, 20, 7], "rotation": [-90, 0, 0], "uv": [193, 176]},
						{"origin": [14, 8, -1], "size": [1, 1, 13], "uv": [86, 124]}
					]
				},
				{
					"name": "stickshift",
					"parent": "cabinin",
					"pivot": [0, 0, 0],
					"cubes": [
						{"origin": [-2, 8, -8], "size": [4, 1, 5], "uv": [138, 30]},
						{"origin": [-1.5, 8.5, -7.5], "size": [3, 1, 4], "uv": [40, 136]}
					]
				},
				{
					"name": "test",
					"parent": "stickshift",
					"pivot": [-0.1, 0, 0],
					"cubes": [
						{"origin": [-0.6, 9.5, -6], "size": [1, 3, 1], "pivot": [-0.3, 10, -9], "rotation": [-7.5, 0, 0], "uv": [113, 59]},
						{"origin": [-0.5, 12, -6], "size": [1, 1, 1], "pivot": [-0.1, 10, -9], "rotation": [-7.5, 0, 0], "uv": [166, 191]},
						{"origin": [-0.6, 9.5, -6.25], "size": [1, 3, 1], "pivot": [-0.1, 10, -9], "rotation": [-7.5, 0, 0], "uv": [104, 94]},
						{"origin": [-0.35, 9.5, -6.25], "size": [1, 3, 1], "pivot": [0, 10, -9], "rotation": [-7.5, 0, 0], "uv": [6, 99]},
						{"origin": [-0.6, 9.5, -6.25], "size": [1, 3, 1], "pivot": [-0.1, 10, -9], "rotation": [-7.5, 0, 0], "uv": [0, 99]}
					]
				},
				{
					"name": "handbrake",
					"parent": "cabinin",
					"pivot": [0, 0, 0],
					"cubes": [
						{"origin": [-1, 8, 6], "size": [2, 2, 3], "uv": [0, 105]},
						{"origin": [-0.5, 9, 3], "size": [1, 1, 3], "pivot": [0, 9, 6], "rotation": [-7.5, 0, 0], "uv": [101, 191]},
						{"origin": [-1, 8, 9], "size": [2, 2, 3], "pivot": [0, 10, 9], "rotation": [-45, 0, 0], "uv": [76, 94]}
					]
				},
				{
					"name": "steeringwheel",
					"parent": "cabinin",
					"pivot": [-8.5, 14, -5],
					"cubes": [
						{"origin": [-10, 12.5, -6.5], "size": [3, 3, 1], "uv": [205, 196]},
						{"origin": [-7, 13.5, -6.5], "size": [2, 1, 1], "uv": [72, 158]},
						{"origin": [-12, 13.5, -6.5], "size": [2, 1, 1], "uv": [154, 121]},
						{"origin": [-9, 10.5, -6.5], "size": [1, 2, 1], "uv": [120, 53]}
					]
				},
				{
					"name": "s1",
					"parent": "steeringwheel",
					"pivot": [-8.5, 14, -6],
					"cubes": [
						{"origin": [-9, 17.5, -6.5], "size": [1, 1, 1], "uv": [30, 191]},
						{"origin": [-9, 17.5, -6.5], "size": [1, 1, 1], "pivot": [-8.5, 14, -6], "rotation": [0, 0, 12.5], "uv": [12, 189]},
						{"origin": [-9, 17.5, -6.5], "size": [1, 1, 1], "pivot": [-8.5, 14, -6], "rotation": [0, 0, 25], "uv": [105, 188]},
						{"origin": [-9, 17.5, -6.5], "size": [1, 1, 1], "pivot": [-8.5, 14, -6], "rotation": [0, 0, 37.5], "uv": [26, 186]},
						{"origin": [-9, 17.5, -6.5], "size": [1, 1, 1], "pivot": [-8.5, 14, -6], "rotation": [0, 0, 50], "uv": [12, 186]},
						{"origin": [-9, 17.5, -6.5], "size": [1, 1, 1], "pivot": [-8.5, 14, -6], "rotation": [0, 0, 62.5], "uv": [105, 185]},
						{"origin": [-9, 17.5, -6.5], "size": [1, 1, 1], "pivot": [-8.5, 14, -6], "rotation": [0, 0, 75], "uv": [12, 183]},
						{"origin": [-9, 17.5, -6.5], "size": [1, 1, 1], "pivot": [-8.5, 14, -6], "rotation": [0, 0, 87.5], "uv": [105, 182]}
					]
				},
				{
					"name": "s2",
					"parent": "steeringwheel",
					"pivot": [-8.5, 14, -6],
					"rotation": [0, 0, 100],
					"cubes": [
						{"origin": [-9, 17.5, -6.5], "size": [1, 1, 1], "uv": [64, 180]},
						{"origin": [-9, 17.5, -6.5], "size": [1, 1, 1], "pivot": [-8.5, 14, -6], "rotation": [0, 0, 12.5], "uv": [12, 179]},
						{"origin": [-9, 17.5, -6.5], "size": [1, 1, 1], "pivot": [-8.5, 14, -6], "rotation": [0, 0, 25], "uv": [150, 175]},
						{"origin": [-9, 17.5, -6.5], "size": [1, 1, 1], "pivot": [-8.5, 14, -6], "rotation": [0, 0, 37.5], "uv": [126, 175]},
						{"origin": [-9, 17.5, -6.5], "size": [1, 1, 1], "pivot": [-8.5, 14, -6], "rotation": [0, 0, 50], "uv": [174, 101]},
						{"origin": [-9, 17.5, -6.5], "size": [1, 1, 1], "pivot": [-8.5, 14, -6], "rotation": [0, 0, 62.5], "uv": [149, 171]},
						{"origin": [-9, 17.5, -6.5], "size": [1, 1, 1], "pivot": [-8.5, 14, -6], "rotation": [0, 0, 75], "uv": [125, 171]},
						{"origin": [-9, 17.5, -6.5], "size": [1, 1, 1], "pivot": [-8.5, 14, -6], "rotation": [0, 0, 87.5], "uv": [170, 38]}
					]
				},
				{
					"name": "s3",
					"parent": "steeringwheel",
					"pivot": [-8.5, 14, -6],
					"rotation": [0, 0, -160],
					"cubes": [
						{"origin": [-9, 17.5, -6.5], "size": [1, 1, 1], "uv": [170, 34]},
						{"origin": [-9, 17.5, -6.5], "size": [1, 1, 1], "pivot": [-8.5, 14, -6], "rotation": [0, 0, 12.5], "uv": [170, 30]},
						{"origin": [-9, 17.5, -6.5], "size": [1, 1, 1], "pivot": [-8.5, 14, -6], "rotation": [0, 0, 25], "uv": [150, 167]},
						{"origin": [-9, 17.5, -6.5], "size": [1, 1, 1], "pivot": [-8.5, 14, -6], "rotation": [0, 0, 37.5], "uv": [126, 167]},
						{"origin": [-9, 17.5, -6.5], "size": [1, 1, 1], "pivot": [-8.5, 14, -6], "rotation": [0, 0, 50], "uv": [83, 165]},
						{"origin": [-9, 17.5, -6.5], "size": [1, 1, 1], "pivot": [-8.5, 14, -6], "rotation": [0, 0, 62.5], "uv": [163, 127]},
						{"origin": [-9, 17.5, -6.5], "size": [1, 1, 1], "pivot": [-8.5, 14, -6], "rotation": [0, 0, 75], "uv": [125, 163]},
						{"origin": [-9, 17.5, -6.5], "size": [1, 1, 1], "pivot": [-8.5, 14, -6], "rotation": [0, 0, 87.5], "uv": [62, 163]}
					]
				},
				{
					"name": "s4",
					"parent": "steeringwheel",
					"pivot": [-8.5, 14, -6],
					"rotation": [0, 0, -62.5],
					"cubes": [
						{"origin": [-9, 17.5, -6.5], "size": [1, 1, 1], "uv": [83, 161]},
						{"origin": [-9, 17.5, -6.5], "size": [1, 1, 1], "pivot": [-8.5, 14, -6], "rotation": [0, 0, 12.5], "uv": [110, 159]},
						{"origin": [-9, 17.5, -6.5], "size": [1, 1, 1], "pivot": [-8.5, 14, -6], "rotation": [0, 0, 25], "uv": [131, 156]},
						{"origin": [-9, 17.5, -6.5], "size": [1, 1, 1], "pivot": [-8.5, 14, -6], "rotation": [0, 0, 37.5], "uv": [118, 156]},
						{"origin": [-9, 17.5, -6.5], "size": [1, 1, 1], "pivot": [-8.5, 14, -6], "rotation": [0, 0, 50], "uv": [131, 154]}
					]
				},
				{
					"name": "rvm",
					"parent": "cabinin",
					"pivot": [0, 0, 0],
					"cubes": [
						{"origin": [-0.5, 24.5, 2], "size": [1, 1, 1], "uv": [118, 154]},
						{"origin": [-2.5, 22.5, 2], "size": [5, 2, 1], "uv": [215, 192]}
					]
				},
				{
					"name": "pedals",
					"parent": "cabinin",
					"pivot": [0, 0, 0]
				},
				{
					"name": "pecutan",
					"parent": "pedals",
					"pivot": [0, 0, 0],
					"cubes": [
						{"origin": [-15, 5, -16], "size": [2, 1, 3], "pivot": [-13, 5, -14], "rotation": [-5, 0, 0], "uv": [190, 181]},
						{"origin": [-14.5, 4, -16], "size": [1, 1, 2], "uv": [221, 95]}
					]
				},
				{
					"name": "brakes",
					"parent": "pedals",
					"pivot": [4, 0, 0],
					"cubes": [
						{"origin": [-11, 5, -16], "size": [2, 1, 3], "pivot": [-9, 5, -14], "rotation": [-5, 0, 0], "uv": [187, 134]},
						{"origin": [-10.5, 4, -16], "size": [1, 1, 2], "uv": [221, 34]}
					]
				},
				{
					"name": "clutch",
					"parent": "pedals",
					"pivot": [5, 0, 0],
					"cubes": [
						{"origin": [-7, 5, -16], "size": [2, 1, 3], "pivot": [-5, 5, -14], "rotation": [-5, 0, 0], "uv": [187, 130]},
						{"origin": [-6.5, 4, -16], "size": [1, 1, 2], "uv": [209, 221]}
					]
				},
				{
					"name": "back",
					"pivot": [0, 0, -2],
					"cubes": [
						{"origin": [-19, 4, 32], "size": [1, 1, 9], "pivot": [-18, 4, 32], "rotation": [10, 0, 0], "uv": [198, 48]},
						{"origin": [-18, 4, 32], "size": [36, 1, 9], "pivot": [-16, 4, 32], "rotation": [10, 0, 0], "uv": [0, 49]},
						{"origin": [18, 4, 32], "size": [1, 1, 9], "pivot": [19, 4, 32], "rotation": [10, 0, 0], "uv": [57, 142]},
						{"origin": [18, 5, 32], "size": [1, 1, 5], "uv": [0, 124]},
						{"origin": [-19, 5, 32], "size": [1, 1, 5], "uv": [13, 99]},
						{"origin": [18, 6, 32], "size": [1, 5, 8], "uv": [203, 125]},
						{"origin": [18, 6, 40], "size": [1, 4, 1], "uv": [7, 130]},
						{"origin": [-19, 6, 40], "size": [1, 4, 1], "uv": [0, 130]},
						{"origin": [-19, 9, 40.9], "size": [1, 1, 1], "uv": [153, 74]},
						{"origin": [18, 9, 40.9], "size": [1, 1, 1], "uv": [153, 71]},
						{"origin": [18, 5.2, 36.9], "size": [1, 1, 1], "uv": [153, 65]},
						{"origin": [-19, 5.2, 36.9], "size": [1, 1, 1], "uv": [86, 147]},
						{"origin": [-19, 6, 32], "size": [1, 5, 8], "uv": [156, 167]},
						{"origin": [-19, 11, 32], "size": [1, 5, 7], "uv": [18, 0]},
						{"origin": [18, 11, 32], "size": [1, 5, 7], "uv": [0, 0]},
						{"origin": [-19, 5.40438, 39.94789], "size": [38, 1, 2], "uv": [104, 91]},
						{"origin": [18, 6, 40], "size": [1, 5, 1], "pivot": [19, 6, 40], "rotation": [-17.5, 0, 0], "uv": [194, 118]},
						{"origin": [-19, 6, 40], "size": [1, 5, 1], "pivot": [-6, 6, 40], "rotation": [-17.5, 0, 0], "uv": [89, 88]},
						{"origin": [-18, 6, 40], "size": [14, 5, 1], "pivot": [-4, 6, 40], "rotation": [-17.5, 0, 0], "uv": [190, 186]},
						{"origin": [4, 6, 40], "size": [14, 5, 1], "pivot": [17, 6, 40], "rotation": [-17.5, 0, 0], "uv": [184, 88]},
						{"origin": [-4, 10, 40], "size": [8, 1, 1], "pivot": [3, 6, 40], "rotation": [-17.5, 0, 0], "uv": [53, 76]},
						{"origin": [-4, 6, 39.5], "size": [8, 4, 1], "pivot": [3, 6, 40.5], "rotation": [-17.5, 0, 0], "uv": [178, 174]},
						{"origin": [-19, 10, 40], "size": [38, 1, 2], "uv": [104, 88]},
						{"origin": [-19, 10, 41.45], "size": [38, 1, 1], "uv": [104, 104]},
						{"origin": [-19, 11, 39], "size": [38, 5, 1], "uv": [80, 36]},
						{"origin": [18, 16, 39], "size": [1, 1, 1], "pivot": [19, 16, 40], "rotation": [47.5, 0, 0], "uv": [79, 147]},
						{"origin": [-18, 16, 39], "size": [36, 1, 1], "pivot": [17, 16, 40], "rotation": [47.5, 0, 0], "uv": [104, 99]},
						{"origin": [-19, 16, 39], "size": [1, 1, 1], "pivot": [-18, 16, 40], "rotation": [47.5, 0, 0], "uv": [101, 146]},
						{"origin": [17, 16, 25], "size": [2, 1, 14], "uv": [111, 180]},
						{"origin": [-17, 16, 27], "size": [34, 1, 12], "uv": [0, 36]},
						{"origin": [-19, 16, 25], "size": [2, 1, 14], "uv": [46, 180]},
						{"origin": [17, 16, 14], "size": [2, 1, 11], "pivot": [18, 17, 25], "rotation": [5, 0, 0], "uv": [0, 87]},
						{"origin": [18, 15, 16], "size": [1, 1, 16], "uv": [93, 179]},
						{"origin": [-19, 15, 16], "size": [1, 1, 16], "uv": [0, 179]},
						{"origin": [-19, 16, 14], "size": [2, 1, 11], "pivot": [-17, 17, 25], "rotation": [5, 0, 0], "uv": [76, 76]},
						{"origin": [18, 16, 39], "size": [1, 1, 1], "pivot": [19, 17, 39], "rotation": [-45, 0, 0], "uv": [144, 61]},
						{"origin": [-18, 16, 39], "size": [36, 1, 1], "pivot": [17, 17, 39], "rotation": [-45, 0, 0], "uv": [0, 85]},
						{"origin": [-19, 16, 39], "size": [1, 1, 1], "pivot": [-18, 17, 39], "rotation": [-45, 0, 0], "uv": [144, 59]},
						{"origin": [11, 4, 16], "size": [1, 11, 16], "uv": [54, 153]},
						{"origin": [-12, 4, 16], "size": [1, 11, 16], "uv": [0, 0]},
						{"origin": [-11, 4, 23], "size": [22, 12, 1], "uv": [161, 44]},
						{"origin": [-16, 15, 23], "size": [5, 1, 1], "uv": [99, 158]},
						{"origin": [11, 15, 23], "size": [5, 1, 1], "uv": [14, 140]},
						{"origin": [12, 6, 23], "size": [5, 2, 2], "uv": [138, 167]},
						{"origin": [-17, 6, 23], "size": [5, 2, 2], "uv": [114, 167]}
					]
				},
				{
					"name": "wing",
					"parent": "back",
					"pivot": [0, 0, -2],
					"cubes": [
						{"origin": [17, 17, 38], "size": [1, 3, 1], "pivot": [18, 17, 38], "rotation": [-20, 0, 0], "uv": [21, 93]},
						{"origin": [-18, 17, 38], "size": [1, 3, 1], "pivot": [-17, 17, 38], "rotation": [-20, 0, 0], "uv": [15, 93]},
						{"origin": [17, 16.8, 33], "size": [1, 4, 1], "pivot": [18, 17, 33], "rotation": [-40, 0, 0], "uv": [86, 124]},
						{"origin": [-18, 16.8, 33], "size": [1, 4, 1], "pivot": [-17, 17, 33], "rotation": [-40, 0, 0], "uv": [7, 124]},
						{"origin": [17, 19.9, 33], "size": [1, 1, 1], "pivot": [18, 17, 33], "rotation": [-40, 0, 0], "uv": [101, 144]},
						{"origin": [-18, 19.9, 33], "size": [1, 1, 1], "pivot": [-17, 17, 33], "rotation": [-40, 0, 0], "uv": [119, 50]},
						{"origin": [17, 19, 36], "size": [1, 1, 4], "uv": [15, 93]},
						{"origin": [-18, 19, 36], "size": [1, 1, 4], "uv": [0, 93]},
						{"origin": [17, 19, 35.5], "size": [1, 1, 1], "uv": [22, 111]},
						{"origin": [-18, 19, 35.5], "size": [1, 1, 1], "uv": [65, 87]},
						{"origin": [17, 17, 34.4], "size": [1, 1, 1], "uv": [83, 84]},
						{"origin": [-18, 17, 34.4], "size": [1, 1, 1], "uv": [82, 76]},
						{"origin": [-17, 19, 36], "size": [34, 1, 4], "uv": [80, 42]},
						{"origin": [-17, 17, 36], "size": [34, 1, 3], "uv": [0, 81]},
						{"origin": [-17, 19, 39], "size": [34, 1, 1], "pivot": [16, 20, 39], "rotation": [60, 0, 0], "uv": [104, 101]},
						{"origin": [14, 18, 36], "size": [1, 1, 3], "uv": [122, 125]},
						{"origin": [-15, 18, 36], "size": [1, 1, 3], "uv": [120, 71]},
						{"origin": [-18, 17, 35], "size": [1, 2, 4], "uv": [32, 124]},
						{"origin": [17, 17, 35], "size": [1, 2, 4], "uv": [0, 99]}
					]
				},
				{
					"name": "backtireguard",
					"parent": "back",
					"pivot": [0, 0, -2],
					"cubes": [
						{"origin": [18, 9, 16], "size": [1, 6, 1], "uv": [128, 216]},
						{"origin": [-19, 9, 16], "size": [1, 6, 1], "uv": [101, 208]},
						{"origin": [-19, 9, 31], "size": [1, 6, 1], "uv": [83, 208]},
						{"origin": [18, 9, 31], "size": [1, 6, 1], "uv": [65, 208]},
						{"origin": [18, 11, 30], "size": [1, 4, 1], "uv": [0, 124]},
						{"origin": [18, 11, 17], "size": [1, 4, 1], "uv": [13, 99]},
						{"origin": [-19, 11, 30], "size": [1, 4, 1], "uv": [98, 76]},
						{"origin": [-19, 11, 17], "size": [1, 4, 1], "uv": [91, 76]},
						{"origin": [18, 12, 18], "size": [1, 3, 1], "uv": [6, 93]},
						{"origin": [-19, 12, 18], "size": [1, 3, 1], "uv": [0, 93]},
						{"origin": [-19, 12, 29], "size": [1, 3, 1], "uv": [80, 42]},
						{"origin": [18, 12, 29], "size": [1, 3, 1], "uv": [53, 59]},
						{"origin": [18, 13, 28], "size": [1, 2, 1], "uv": [22, 105]},
						{"origin": [18, 13, 19], "size": [1, 2, 1], "uv": [7, 105]},
						{"origin": [-19, 13, 19], "size": [1, 2, 1], "uv": [83, 94]},
						{"origin": [-19, 13, 28], "size": [1, 2, 1], "uv": [11, 12]},
						{"origin": [18, 14, 20], "size": [1, 1, 2], "uv": [203, 221]},
						{"origin": [-19, 14, 20], "size": [1, 1, 2], "uv": [160, 221]},
						{"origin": [-19, 14, 26], "size": [1, 1, 2], "uv": [220, 101]},
						{"origin": [18, 14, 26], "size": [1, 1, 2], "uv": [29, 12]}
					]
				},
				{
					"name": "hexadecagon4",
					"parent": "backtireguard",
					"pivot": [25, -1, 0],
					"cubes": [
						{"origin": [16, 3.4087, 16], "size": [3, 5.1826, 1], "uv": [39, 101]},
						{"origin": [16, 5.4087, 16], "size": [3, 3.1826, 1], "pivot": [17, 7, 24], "rotation": [-22.5, 0, 0], "uv": [205, 192]},
						{"origin": [16, 5.4087, 16], "size": [3, 3.1826, 1], "pivot": [17, 7, 24], "rotation": [-45, 0, 0], "uv": [197, 204]},
						{"origin": [16, 5.4087, 31], "size": [3, 3.1826, 1], "pivot": [17, 7, 24], "rotation": [45, 0, 0], "uv": [203, 178]},
						{"origin": [16, 5.4087, 31], "size": [3, 3.1826, 1], "pivot": [17, 7, 24], "rotation": [22.5, 0, 0], "uv": [203, 174]},
						{"origin": [16, 3.4087, 31], "size": [3, 5.1826, 1], "uv": [28, 101]},
						{"origin": [16, 14, 22.4087], "size": [3, 1, 3.1826], "pivot": [17, 7, 24], "rotation": [22.5, 0, 0], "uv": [161, 38]},
						{"origin": [16, 14, 22.4087], "size": [3, 1, 3.1826], "uv": [161, 34]},
						{"origin": [16, 14, 22.4087], "size": [3, 1, 3.1826], "pivot": [17, 7, 24], "rotation": [-22.5, 0, 0], "uv": [161, 30]}
					]
				},
				{
					"name": "hexadecagon5",
					"parent": "backtireguard",
					"pivot": [-10, -1, 0],
					"cubes": [
						{"origin": [-19, 3.4087, 16], "size": [3, 5.1826, 1], "uv": [27, 0]},
						{"origin": [-19, 5.4087, 16], "size": [3, 3.1826, 1], "pivot": [-18, 7, 24], "rotation": [-22.5, 0, 0], "uv": [184, 202]},
						{"origin": [-19, 5.4087, 16], "size": [3, 3.1826, 1], "pivot": [-18, 7, 24], "rotation": [-45, 0, 0], "uv": [38, 202]},
						{"origin": [-19, 5.4087, 31], "size": [3, 3.1826, 1], "pivot": [-18, 7, 24], "rotation": [45, 0, 0], "uv": [86, 200]},
						{"origin": [-19, 5.4087, 31], "size": [3, 3.1826, 1], "pivot": [-18, 7, 24], "rotation": [22.5, 0, 0], "uv": [86, 196]},
						{"origin": [-19, 3.4087, 31], "size": [3, 5.1826, 1], "uv": [27, 27]},
						{"origin": [-19, 14, 22.4087], "size": [3, 1, 3.1826], "pivot": [-18, 7, 24], "rotation": [22.5, 0, 0], "uv": [144, 65]},
						{"origin": [-19, 14, 22.4087], "size": [3, 1, 3.1826], "uv": [13, 105]},
						{"origin": [-19, 14, 22.4087], "size": [3, 1, 3.1826], "pivot": [-18, 7, 24], "rotation": [-22.5, 0, 0], "uv": [91, 83]}
					]
				},
				{
					"name": "hexadecagon6",
					"parent": "backtireguard",
					"pivot": [22, -1, 0],
					"cubes": [
						{"origin": [12, 3.4087, 16], "size": [4, 5.1826, 1], "uv": [76, 88]},
						{"origin": [12, 5.4087, 16], "size": [4, 3.1826, 1], "pivot": [14, 7, 24], "rotation": [-22.5, 0, 0], "uv": [187, 125]},
						{"origin": [12, 5.4087, 16], "size": [4, 3.1826, 1], "pivot": [14, 7, 24], "rotation": [-45, 0, 0], "uv": [80, 186]},
						{"origin": [12, 5.4087, 31], "size": [4, 3.1826, 1], "pivot": [14, 7, 24], "rotation": [45, 0, 0], "uv": [129, 184]},
						{"origin": [12, 5.4087, 31], "size": [4, 3.1826, 1], "pivot": [14, 7, 24], "rotation": [22.5, 0, 0], "uv": [80, 182]},
						{"origin": [12, 3.4087, 31], "size": [4, 5.1826, 1], "uv": [15, 87]},
						{"origin": [16, 3.4087, 31], "size": [2, 1.1826, 1], "uv": [129, 139]},
						{"origin": [16, 3.4087, 16], "size": [2, 1.1826, 1], "uv": [118, 139]},
						{"origin": [12, 14, 22.4087], "size": [4, 1, 3.1826], "pivot": [14, 7, 24], "rotation": [22.5, 0, 0], "uv": [72, 165]},
						{"origin": [12, 14, 22.4087], "size": [4, 1, 3.1826], "uv": [114, 163]},
						{"origin": [12, 14, 22.4087], "size": [4, 1, 3.1826], "pivot": [14, 7, 24], "rotation": [-22.5, 0, 0], "uv": [72, 161]}
					]
				},
				{
					"name": "hexadecagon7",
					"parent": "backtireguard",
					"pivot": [-6, -1, 0],
					"cubes": [
						{"origin": [-16, 3.4087, 16], "size": [4, 5.1826, 1], "uv": [0, 87]},
						{"origin": [-16, 5.4087, 16], "size": [4, 3.1826, 1], "pivot": [-14, 7, 24], "rotation": [-22.5, 0, 0], "uv": [129, 180]},
						{"origin": [-16, 5.4087, 16], "size": [4, 3.1826, 1], "pivot": [-14, 7, 24], "rotation": [-45, 0, 0], "uv": [166, 171]},
						{"origin": [-16, 5.4087, 31], "size": [4, 3.1826, 1], "pivot": [-14, 7, 24], "rotation": [45, 0, 0], "uv": [166, 167]},
						{"origin": [-16, 5.4087, 31], "size": [4, 3.1826, 1], "pivot": [-14, 7, 24], "rotation": [22.5, 0, 0], "uv": [32, 130]},
						{"origin": [-16, 3.4087, 31], "size": [4, 5.1826, 1], "uv": [11, 59]},
						{"origin": [-18, 3.4087, 31], "size": [2, 1.1826, 1], "uv": [67, 78]},
						{"origin": [-18, 3.4087, 16], "size": [2, 1.1826, 1], "uv": [59, 59]},
						{"origin": [-16, 14, 22.4087], "size": [4, 1, 3.1826], "pivot": [-14, 7, 24], "rotation": [22.5, 0, 0], "uv": [68, 147]},
						{"origin": [-16, 14, 22.4087], "size": [4, 1, 3.1826], "uv": [18, 12]},
						{"origin": [-16, 14, 22.4087], "size": [4, 1, 3.1826], "pivot": [-14, 7, 24], "rotation": [-22.5, 0, 0], "uv": [0, 12]}
					]
				},
				{
					"name": "exmain",
					"parent": "back",
					"pivot": [15, -1.8, 3],
					"rotation": [0, 37.5, 0],
					"cubes": [
						{"origin": [11.5, 1.9, 2], "size": [4, 2, 5], "uv": [118, 154]},
						{"origin": [12, 2.5, -10], "size": [3, 2, 12], "uv": [180, 104]},
						{"origin": [12, 2.5, -22], "size": [3, 2, 12], "pivot": [12.58368, -1.8, -10.26042], "rotation": [0, -37.5, 0], "uv": [158, 181]}
					]
				},
				{
					"name": "exhaust",
					"parent": "exmain",
					"pivot": [13.99456, 3.2, 5.93414],
					"rotation": [-2.5, 0, 0],
					"cubes": [
						{"origin": [14, 2.2, 2], "size": [1, 1, 11], "pivot": [14.5, 2.7, 12], "rotation": [0, 0, -37.5], "uv": [171, 196]},
						{"origin": [14, 2.2, 2], "size": [1, 1, 11], "pivot": [14.5, 2.7, 12], "rotation": [0, 0, -75], "uv": [97, 196]},
						{"origin": [14, 2.2, 2], "size": [1, 1, 11], "pivot": [14.5, 2.7, 12], "rotation": [0, 0, -112.5], "uv": [73, 196]},
						{"origin": [14, 2.2, 2], "size": [1, 1, 11], "pivot": [14.5, 2.7, 12], "rotation": [0, 0, -150], "uv": [49, 196]},
						{"origin": [14, 2.2, 2], "size": [1, 1, 11], "pivot": [14.5, 2.7, 12], "rotation": [0, 0, 172.5], "uv": [0, 196]},
						{"origin": [14, 2.2, 12.1], "size": [1, 1, 1], "pivot": [14.5, 2.7, 12], "rotation": [0, 0, -180], "uv": [17, 78]},
						{"origin": [14, 2.2, 2], "size": [1, 1, 11], "pivot": [14.5, 2.7, 12], "rotation": [0, 0, 135], "uv": [158, 195]},
						{"origin": [14, 2.2, 2], "size": [1, 1, 11], "pivot": [14.5, 2.7, 12], "rotation": [0, 0, 97.5], "uv": [116, 195]},
						{"origin": [14, 2.2, 2], "size": [1, 1, 11], "pivot": [14.5, 2.7, 12], "rotation": [0, 0, 60], "uv": [36, 195]},
						{"origin": [14, 2.2, 2], "size": [1, 1, 11], "pivot": [14.5, 2.7, 12], "rotation": [0, 0, 22.5], "uv": [194, 25]},
						{"origin": [14, 2.2, 2], "size": [1, 1, 11], "pivot": [14.5, 2.7, 12], "rotation": [0, 0, -12.5], "uv": [192, 192]}
					]
				},
				{
					"name": "exhaust2",
					"parent": "exmain",
					"pivot": [12.30652, 3.2, 6.65562],
					"rotation": [-2.5, 0, 0],
					"cubes": [
						{"origin": [12.31196, 2.2, 2.72148], "size": [1, 1, 11], "pivot": [12.81196, 2.7, 12.72148], "rotation": [0, 0, -37.5], "uv": [145, 192]},
						{"origin": [12.31196, 2.2, 2.72148], "size": [1, 1, 11], "pivot": [12.81196, 2.7, 12.72148], "rotation": [0, 0, -75], "uv": [132, 191]},
						{"origin": [12.31196, 2.2, 2.72148], "size": [1, 1, 11], "pivot": [12.81196, 2.7, 12.72148], "rotation": [0, 0, -112.5], "uv": [190, 174]},
						{"origin": [12.31196, 2.2, 2.72148], "size": [1, 1, 11], "pivot": [12.81196, 2.7, 12.72148], "rotation": [0, 0, -150], "uv": [23, 190]},
						{"origin": [12.31196, 2.2, 2.72148], "size": [1, 1, 11], "pivot": [12.81196, 2.7, 12.72148], "rotation": [0, 0, 172.5], "uv": [187, 130]},
						{"origin": [12.31196, 2.2, 2.72148], "size": [1, 1, 11], "pivot": [12.81196, 2.7, 12.72148], "rotation": [0, 0, 135], "uv": [187, 118]},
						{"origin": [12.31196, 2.2, 2.72148], "size": [1, 1, 11], "pivot": [12.81196, 2.7, 12.72148], "rotation": [0, 0, 97.5], "uv": [80, 182]},
						{"origin": [12.31196, 2.2, 12.8215], "size": [1, 1, 1], "pivot": [12.81196, 2.7, 12.72148], "rotation": [0, 0, 90], "uv": [59, 61]},
						{"origin": [12.31196, 2.2, 2.72148], "size": [1, 1, 11], "pivot": [12.81196, 2.7, 12.72148], "rotation": [0, 0, 60], "uv": [131, 59]},
						{"origin": [12.31196, 2.2, 2.72148], "size": [1, 1, 11], "pivot": [12.81196, 2.7, 12.72148], "rotation": [0, 0, 22.5], "uv": [0, 99]},
						{"origin": [12.31196, 2.2, 2.72148], "size": [1, 1, 11], "pivot": [12.81196, 2.7, 12.72148], "rotation": [0, 0, -12.5], "uv": [76, 88]}
					]
				},
				{
					"name": "fronttires",
					"pivot": [0, 0, 0]
				},
				{
					"name": "fronttire1",
					"parent": "fronttires",
					"pivot": [17.9, 7, -27]
				},
				{
					"name": "ftl",
					"parent": "fronttire1",
					"pivot": [26.9, -1, -35],
					"cubes": [
						{"origin": [14.4, 5.60761, -34], "size": [5, 2.78477, 1.6], "pivot": [18.9, 7, -27], "rotation": [45, 0, 0], "uv": [215, 156]},
						{"origin": [14.4, 5.60761, -34], "size": [5, 2.78477, 1.6], "pivot": [18.9, 7, -27], "rotation": [22.5, 0, 0], "uv": [215, 153]},
						{"origin": [14.4, 5.60761, -34], "size": [5, 2.78477, 1.6], "uv": [214, 180]},
						{"origin": [14.4, 5.60761, -34], "size": [5, 2.78477, 1.6], "pivot": [18.9, 7, -27], "rotation": [-22.5, 0, 0], "uv": [214, 177]},
						{"origin": [14.4, 5.60761, -34], "size": [5, 2.78477, 1.6], "pivot": [18.9, 7, -27], "rotation": [-45, 0, 0], "uv": [214, 174]},
						{"origin": [14.4, 5.60761, -21.6], "size": [5, 2.78477, 1.6], "pivot": [18.9, 7, -27], "rotation": [45, 0, 0], "uv": [214, 90]},
						{"origin": [14.4, 5.60761, -21.6], "size": [5, 2.78477, 1.6], "pivot": [18.9, 7, -27], "rotation": [22.5, 0, 0], "uv": [214, 87]},
						{"origin": [14.4, 5.60761, -21.6], "size": [5, 2.78477, 1.6], "uv": [187, 214]},
						{"origin": [14.4, 5.60761, -21.6], "size": [5, 2.78477, 1.6], "pivot": [18.9, 7, -27], "rotation": [-22.5, 0, 0], "uv": [213, 128]},
						{"origin": [14.4, 5.60761, -21.6], "size": [5, 2.78477, 1.6], "pivot": [18.9, 7, -27], "rotation": [-45, 0, 0], "uv": [213, 125]},
						{"origin": [14.4, 0, -28.39239], "size": [5, 1.6, 2.78477], "pivot": [18.9, 7, -27], "rotation": [22.5, 0, 0], "uv": [129, 191]},
						{"origin": [14.4, 0, -28.39239], "size": [5, 1.6, 2.78477], "uv": [64, 191]},
						{"origin": [14.4, 0, -28.39239], "size": [5, 1.6, 2.78477], "pivot": [18.9, 7, -27], "rotation": [-22.5, 0, 0], "uv": [18, 191]},
						{"origin": [14.4, 12.4, -28.39239], "size": [5, 1.6, 2.78477], "pivot": [18.9, 7, -27], "rotation": [22.5, 0, 0], "uv": [36, 190]},
						{"origin": [14.4, 12.4, -28.39239], "size": [5, 1.6, 2.78477], "uv": [111, 189]},
						{"origin": [14.4, 12.4, -28.39239], "size": [5, 1.6, 2.78477], "pivot": [18.9, 7, -27], "rotation": [-22.5, 0, 0], "uv": [0, 189]}
					]
				},
				{
					"name": "frl",
					"parent": "fronttire1",
					"pivot": [25.9, -1, -35],
					"cubes": [
						{"origin": [14.9, 5.92587, -32.4], "size": [4, 2.14825, 1], "pivot": [17.9, 7, -27], "rotation": [45, 0, 0], "uv": [129, 203]},
						{"origin": [14.9, 5.92587, -32.4], "size": [4, 2.14825, 1], "pivot": [17.9, 7, -27], "rotation": [22.5, 0, 0], "uv": [171, 202]},
						{"origin": [14.9, 5.92587, -32.4], "size": [4, 2.14825, 1], "uv": [97, 202]},
						{"origin": [14.9, 5.92587, -32.4], "size": [4, 2.14825, 1], "pivot": [17.9, 7, -27], "rotation": [-22.5, 0, 0], "uv": [74, 202]},
						{"origin": [14.9, 5.92587, -32.4], "size": [4, 2.14825, 1], "pivot": [17.9, 7, -27], "rotation": [-45, 0, 0], "uv": [62, 202]},
						{"origin": [14.9, 5.92587, -22.6], "size": [4, 2.14825, 1], "pivot": [17.9, 7, -27], "rotation": [45, 0, 0], "uv": [13, 202]},
						{"origin": [14.9, 5.92587, -22.6], "size": [4, 2.14825, 1], "pivot": [17.9, 7, -27], "rotation": [22.5, 0, 0], "uv": [0, 202]},
						{"origin": [14.9, 5.92587, -22.6], "size": [4, 2.14825, 1], "uv": [49, 201]},
						{"origin": [14.9, 5.92587, -22.6], "size": [4, 2.14825, 1], "pivot": [17.9, 7, -27], "rotation": [-22.5, 0, 0], "uv": [200, 130]},
						{"origin": [14.9, 5.92587, -22.6], "size": [4, 2.14825, 1], "pivot": [17.9, 7, -27], "rotation": [-45, 0, 0], "uv": [200, 125]},
						{"origin": [14.9, 1.6, -28.07413], "size": [4, 1, 2.14825], "pivot": [17.9, 7, -27], "rotation": [22.5, 0, 0], "uv": [212, 164]},
						{"origin": [14.9, 1.6, -28.07413], "size": [4, 1, 2.14825], "uv": [212, 161]},
						{"origin": [14.9, 1.6, -28.07413], "size": [4, 1, 2.14825], "pivot": [17.9, 7, -27], "rotation": [-22.5, 0, 0], "uv": [212, 138]},
						{"origin": [14.9, 11.4, -28.07413], "size": [4, 1, 2.14825], "pivot": [17.9, 7, -27], "rotation": [22.5, 0, 0], "uv": [212, 114]},
						{"origin": [14.9, 11.4, -28.07413], "size": [4, 1, 2.14825], "uv": [212, 111]},
						{"origin": [14.9, 11.4, -28.07413], "size": [4, 1, 2.14825], "pivot": [17.9, 7, -27], "rotation": [-22.5, 0, 0], "uv": [212, 108]}
					]
				},
				{
					"name": "fal",
					"parent": "fronttire1",
					"pivot": [-0.1, 0, 0]
				},
				{
					"name": "a1",
					"parent": "fal",
					"pivot": [15.9, 7, -27],
					"cubes": [
						{"origin": [15.9, 8, -27.7], "size": [2, 4, 1], "uv": [219, 201]},
						{"origin": [15.9, 8, -27.3], "size": [2, 4, 1], "uv": [219, 43]}
					]
				},
				{
					"name": "a2",
					"parent": "fal",
					"pivot": [15.9, 7, -27],
					"rotation": [67.5, 0, 0],
					"cubes": [
						{"origin": [15.9, 8, -27.7], "size": [2, 4, 1], "uv": [219, 6]},
						{"origin": [15.9, 8, -27.3], "size": [2, 4, 1], "uv": [219, 219]}
					]
				},
				{
					"name": "a5",
					"parent": "fal",
					"pivot": [15.9, 7, -27],
					"rotation": [-67.5, 0, 0],
					"cubes": [
						{"origin": [15.9, 8, -27.7], "size": [2, 4, 1], "uv": [218, 147]},
						{"origin": [15.9, 8, -27.3], "size": [2, 4, 1], "uv": [199, 218]}
					]
				},
				{
					"name": "a3",
					"parent": "fal",
					"pivot": [15.9, 7, -27],
					"rotation": [142.5, 0, 0],
					"cubes": [
						{"origin": [15.9, 8, -27.7], "size": [2, 4, 1], "uv": [217, 207]},
						{"origin": [15.9, 8, -27.3], "size": [2, 4, 1], "uv": [217, 25]}
					]
				},
				{
					"name": "a4",
					"parent": "fal",
					"pivot": [15.9, 7, -27],
					"rotation": [-142.5, 0, 0],
					"cubes": [
						{"origin": [15.9, 8, -27.7], "size": [2, 4, 1], "uv": [193, 217]},
						{"origin": [15.9, 8, -27.3], "size": [2, 4, 1], "uv": [187, 217]}
					]
				},
				{
					"name": "fbl",
					"parent": "fronttire1",
					"pivot": [23.9, -1, -35],
					"cubes": [
						{"origin": [14.4, 6.42315, -29.9], "size": [3, 1.15369, 1], "pivot": [15.9, 7, -27], "rotation": [45, 0, 0], "uv": [148, 221]},
						{"origin": [14.4, 6.42315, -29.9], "size": [3, 1.15369, 1], "pivot": [15.9, 7, -27], "rotation": [22.5, 0, 0], "uv": [24, 221]},
						{"origin": [14.4, 6.42315, -29.9], "size": [3, 1.15369, 1], "uv": [16, 221]},
						{"origin": [14.4, 6.42315, -29.9], "size": [3, 1.15369, 1], "pivot": [15.9, 7, -27], "rotation": [-22.5, 0, 0], "uv": [220, 190]},
						{"origin": [14.4, 6.42315, -29.9], "size": [3, 1.15369, 1], "pivot": [15.9, 7, -27], "rotation": [-45, 0, 0], "uv": [220, 188]},
						{"origin": [14.4, 6.42315, -25.1], "size": [3, 1.15369, 1], "pivot": [15.9, 7, -27], "rotation": [45, 0, 0], "uv": [220, 186]},
						{"origin": [14.4, 6.42315, -25.1], "size": [3, 1.15369, 1], "pivot": [15.9, 7, -27], "rotation": [22.5, 0, 0], "uv": [219, 216]},
						{"origin": [14.4, 6.42315, -25.1], "size": [3, 1.15369, 1], "uv": [219, 52]},
						{"origin": [14.4, 6.42315, -25.1], "size": [3, 1.15369, 1], "pivot": [15.9, 7, -27], "rotation": [-22.5, 0, 0], "uv": [219, 49]},
						{"origin": [14.4, 6.42315, -25.1], "size": [3, 1.15369, 1], "pivot": [15.9, 7, -27], "rotation": [-45, 0, 0], "uv": [219, 11]},
						{"origin": [14.4, 4.1, -27.57685], "size": [3, 1, 1.15369], "pivot": [15.9, 7, -27], "rotation": [22.5, 0, 0], "uv": [217, 212]},
						{"origin": [14.4, 4.1, -27.57685], "size": [3, 1, 1.15369], "uv": [217, 57]},
						{"origin": [14.4, 4.1, -27.57685], "size": [3, 1, 1.15369], "pivot": [15.9, 7, -27], "rotation": [-22.5, 0, 0], "uv": [217, 55]},
						{"origin": [14.4, 8.9, -27.57685], "size": [3, 1, 1.15369], "pivot": [15.9, 7, -27], "rotation": [22.5, 0, 0], "uv": [217, 30]},
						{"origin": [14.4, 8.9, -27.57685], "size": [3, 1, 1.15369], "uv": [217, 13]},
						{"origin": [14.4, 8.9, -27.57685], "size": [3, 1, 1.15369], "pivot": [15.9, 7, -27], "rotation": [-22.5, 0, 0], "uv": [216, 144]}
					]
				},
				{
					"name": "fronttire2",
					"parent": "fronttires",
					"pivot": [-17.9, 7, -27]
				},
				{
					"name": "ftr",
					"parent": "fronttire2",
					"pivot": [-6.9, -1, -35],
					"cubes": [
						{"origin": [-19.4, 5.60761, -34], "size": [5, 2.78477, 1.6], "pivot": [-14.9, 7, -27], "rotation": [45, 0, 0], "uv": [211, 3]},
						{"origin": [-19.4, 5.60761, -34], "size": [5, 2.78477, 1.6], "pivot": [-14.9, 7, -27], "rotation": [22.5, 0, 0], "uv": [211, 0]},
						{"origin": [-19.4, 5.60761, -34], "size": [5, 2.78477, 1.6], "uv": [107, 211]},
						{"origin": [-19.4, 5.60761, -34], "size": [5, 2.78477, 1.6], "pivot": [-14.9, 7, -27], "rotation": [-22.5, 0, 0], "uv": [89, 211]},
						{"origin": [-19.4, 5.60761, -34], "size": [5, 2.78477, 1.6], "pivot": [-14.9, 7, -27], "rotation": [-45, 0, 0], "uv": [71, 211]},
						{"origin": [-19.4, 5.60761, -21.6], "size": [5, 2.78477, 1.6], "pivot": [-14.9, 7, -27], "rotation": [45, 0, 0], "uv": [53, 211]},
						{"origin": [-19.4, 5.60761, -21.6], "size": [5, 2.78477, 1.6], "pivot": [-14.9, 7, -27], "rotation": [22.5, 0, 0], "uv": [210, 141]},
						{"origin": [-19.4, 5.60761, -21.6], "size": [5, 2.78477, 1.6], "uv": [210, 100]},
						{"origin": [-19.4, 5.60761, -21.6], "size": [5, 2.78477, 1.6], "pivot": [-14.9, 7, -27], "rotation": [-22.5, 0, 0], "uv": [210, 97]},
						{"origin": [-19.4, 5.60761, -21.6], "size": [5, 2.78477, 1.6], "pivot": [-14.9, 7, -27], "rotation": [-45, 0, 0], "uv": [210, 94]},
						{"origin": [-19.4, 0, -28.39239], "size": [5, 1.6, 2.78477], "pivot": [-14.9, 7, -27], "rotation": [22.5, 0, 0], "uv": [93, 188]},
						{"origin": [-19.4, 0, -28.39239], "size": [5, 1.6, 2.78477], "uv": [64, 188]},
						{"origin": [-19.4, 0, -28.39239], "size": [5, 1.6, 2.78477], "pivot": [-14.9, 7, -27], "rotation": [-22.5, 0, 0], "uv": [18, 188]},
						{"origin": [-19.4, 12.4, -28.39239], "size": [5, 1.6, 2.78477], "pivot": [-14.9, 7, -27], "rotation": [22.5, 0, 0], "uv": [111, 186]},
						{"origin": [-19.4, 12.4, -28.39239], "size": [5, 1.6, 2.78477], "uv": [0, 186]},
						{"origin": [-19.4, 12.4, -28.39239], "size": [5, 1.6, 2.78477], "pivot": [-14.9, 7, -27], "rotation": [-22.5, 0, 0], "uv": [93, 185]}
					]
				},
				{
					"name": "frr",
					"parent": "fronttire2",
					"pivot": [-7.9, -1, -35],
					"cubes": [
						{"origin": [-18.9, 5.92587, -32.4], "size": [4, 2.14825, 1], "pivot": [-15.9, 7, -27], "rotation": [45, 0, 0], "uv": [171, 199]},
						{"origin": [-18.9, 5.92587, -32.4], "size": [4, 2.14825, 1], "pivot": [-15.9, 7, -27], "rotation": [22.5, 0, 0], "uv": [97, 199]},
						{"origin": [-18.9, 5.92587, -32.4], "size": [4, 2.14825, 1], "uv": [74, 199]},
						{"origin": [-18.9, 5.92587, -32.4], "size": [4, 2.14825, 1], "pivot": [-15.9, 7, -27], "rotation": [-22.5, 0, 0], "uv": [62, 199]},
						{"origin": [-18.9, 5.92587, -32.4], "size": [4, 2.14825, 1], "pivot": [-15.9, 7, -27], "rotation": [-45, 0, 0], "uv": [13, 199]},
						{"origin": [-18.9, 5.92587, -22.6], "size": [4, 2.14825, 1], "pivot": [-15.9, 7, -27], "rotation": [45, 0, 0], "uv": [0, 199]},
						{"origin": [-18.9, 5.92587, -22.6], "size": [4, 2.14825, 1], "pivot": [-15.9, 7, -27], "rotation": [22.5, 0, 0], "uv": [158, 198]},
						{"origin": [-18.9, 5.92587, -22.6], "size": [4, 2.14825, 1], "uv": [49, 198]},
						{"origin": [-18.9, 5.92587, -22.6], "size": [4, 2.14825, 1], "pivot": [-15.9, 7, -27], "rotation": [-22.5, 0, 0], "uv": [24, 198]},
						{"origin": [-18.9, 5.92587, -22.6], "size": [4, 2.14825, 1], "pivot": [-15.9, 7, -27], "rotation": [-45, 0, 0], "uv": [145, 197]},
						{"origin": [-18.9, 1.6, -28.07413], "size": [4, 1, 2.14825], "pivot": [-15.9, 7, -27], "rotation": [22.5, 0, 0], "uv": [209, 52]},
						{"origin": [-18.9, 1.6, -28.07413], "size": [4, 1, 2.14825], "uv": [209, 49]},
						{"origin": [-18.9, 1.6, -28.07413], "size": [4, 1, 2.14825], "pivot": [-15.9, 7, -27], "rotation": [-22.5, 0, 0], "uv": [209, 46]},
						{"origin": [-18.9, 11.4, -28.07413], "size": [4, 1, 2.14825], "pivot": [-15.9, 7, -27], "rotation": [22.5, 0, 0], "uv": [183, 208]},
						{"origin": [-18.9, 11.4, -28.07413], "size": [4, 1, 2.14825], "uv": [107, 208]},
						{"origin": [-18.9, 11.4, -28.07413], "size": [4, 1, 2.14825], "pivot": [-15.9, 7, -27], "rotation": [-22.5, 0, 0], "uv": [26, 205]}
					]
				},
				{
					"name": "fbr",
					"parent": "fronttire2",
					"pivot": [-6.9, -1, -35],
					"cubes": [
						{"origin": [-17.4, 6.42315, -29.9], "size": [3, 1.15369, 1], "pivot": [-14.9, 7, -27], "rotation": [45, 0, 0], "uv": [215, 159]},
						{"origin": [-17.4, 6.42315, -29.9], "size": [3, 1.15369, 1], "pivot": [-14.9, 7, -27], "rotation": [22.5, 0, 0], "uv": [215, 34]},
						{"origin": [-17.4, 6.42315, -29.9], "size": [3, 1.15369, 1], "uv": [214, 184]},
						{"origin": [-17.4, 6.42315, -29.9], "size": [3, 1.15369, 1], "pivot": [-14.9, 7, -27], "rotation": [-22.5, 0, 0], "uv": [89, 214]},
						{"origin": [-17.4, 6.42315, -29.9], "size": [3, 1.15369, 1], "pivot": [-14.9, 7, -27], "rotation": [-45, 0, 0], "uv": [71, 214]},
						{"origin": [-17.4, 6.42315, -25.1], "size": [3, 1.15369, 1], "pivot": [-14.9, 7, -27], "rotation": [45, 0, 0], "uv": [53, 214]},
						{"origin": [-17.4, 6.42315, -25.1], "size": [3, 1.15369, 1], "pivot": [-14.9, 7, -27], "rotation": [22.5, 0, 0], "uv": [213, 131]},
						{"origin": [-17.4, 6.42315, -25.1], "size": [3, 1.15369, 1], "uv": [206, 213]},
						{"origin": [-17.4, 6.42315, -25.1], "size": [3, 1.15369, 1], "pivot": [-14.9, 7, -27], "rotation": [-22.5, 0, 0], "uv": [212, 167]},
						{"origin": [-17.4, 6.42315, -25.1], "size": [3, 1.15369, 1], "pivot": [-14.9, 7, -27], "rotation": [-45, 0, 0], "uv": [33, 212]},
						{"origin": [-17.4, 4.1, -27.57685], "size": [3, 1, 1.15369], "pivot": [-14.9, 7, -27], "rotation": [22.5, 0, 0], "uv": [211, 6]},
						{"origin": [-17.4, 4.1, -27.57685], "size": [3, 1, 1.15369], "uv": [183, 211]},
						{"origin": [-17.4, 4.1, -27.57685], "size": [3, 1, 1.15369], "pivot": [-14.9, 7, -27], "rotation": [-22.5, 0, 0], "uv": [209, 55]},
						{"origin": [-17.4, 8.9, -27.57685], "size": [3, 1, 1.15369], "pivot": [-14.9, 7, -27], "rotation": [22.5, 0, 0], "uv": [209, 13]},
						{"origin": [-17.4, 8.9, -27.57685], "size": [3, 1, 1.15369], "uv": [207, 34]},
						{"origin": [-17.4, 8.9, -27.57685], "size": [3, 1, 1.15369], "pivot": [-14.9, 7, -27], "rotation": [-22.5, 0, 0], "uv": [205, 201]}
					]
				},
				{
					"name": "far",
					"parent": "fronttire2",
					"pivot": [-0.9, 0, 51]
				},
				{
					"name": "a16",
					"parent": "far",
					"pivot": [15.1, 7, 24],
					"cubes": [
						{"origin": [-17.9, 8, -27.7], "size": [2, 4, 1], "uv": [107, 217]},
						{"origin": [-17.9, 8, -27.3], "size": [2, 4, 1], "uv": [101, 217]}
					]
				},
				{
					"name": "a17",
					"parent": "far",
					"pivot": [15.1, 7, 24],
					"rotation": [67.5, 0, 0],
					"cubes": [
						{"origin": [-17.9, 55.11786, 3.78314], "size": [2, 4, 1], "uv": [95, 217]},
						{"origin": [-17.9, 55.11786, 4.18314], "size": [2, 4, 1], "uv": [89, 217]}
					]
				},
				{
					"name": "a18",
					"parent": "far",
					"pivot": [15.1, 7, 24],
					"rotation": [-67.5, 0, 0],
					"cubes": [
						{"origin": [-17.9, -39.11786, 3.78314], "size": [2, 4, 1], "uv": [83, 217]},
						{"origin": [-17.9, -39.11786, 4.18314], "size": [2, 4, 1], "uv": [77, 217]}
					]
				},
				{
					"name": "a19",
					"parent": "far",
					"pivot": [15.1, 7, 24],
					"rotation": [142.5, 0, 0],
					"cubes": [
						{"origin": [-17.9, 39.04683, 63.76102], "size": [2, 4, 1], "uv": [71, 217]},
						{"origin": [-17.9, 39.04683, 64.16102], "size": [2, 4, 1], "uv": [65, 217]}
					]
				},
				{
					"name": "a20",
					"parent": "far",
					"pivot": [15.1, 7, 24],
					"rotation": [-142.5, 0, 0],
					"cubes": [
						{"origin": [-17.9, -23.04683, 63.76102], "size": [2, 4, 1], "uv": [59, 217]},
						{"origin": [-17.9, -23.04683, 64.16102], "size": [2, 4, 1], "uv": [53, 217]}
					]
				},
				{
					"name": "backtires",
					"pivot": [0, 7, 24]
				},
				{
					"name": "backtire1",
					"parent": "backtires",
					"pivot": [17.9, 7, 24]
				},
				{
					"name": "btl",
					"parent": "backtire1",
					"pivot": [26.9, -1, 16],
					"cubes": [
						{"origin": [14.4, 5.60761, 17], "size": [5, 2.78477, 1.6], "pivot": [18.9, 7, 24], "rotation": [45, 0, 0], "uv": [89, 208]},
						{"origin": [14.4, 5.60761, 17], "size": [5, 2.78477, 1.6], "pivot": [18.9, 7, 24], "rotation": [22.5, 0, 0], "uv": [71, 208]},
						{"origin": [14.4, 5.60761, 17], "size": [5, 2.78477, 1.6], "uv": [53, 208]},
						{"origin": [14.4, 5.60761, 17], "size": [5, 2.78477, 1.6], "pivot": [18.9, 7, 24], "rotation": [-22.5, 0, 0], "uv": [207, 204]},
						{"origin": [14.4, 5.60761, 17], "size": [5, 2.78477, 1.6], "pivot": [18.9, 7, 24], "rotation": [-45, 0, 0], "uv": [207, 43]},
						{"origin": [14.4, 5.60761, 29.4], "size": [5, 2.78477, 1.6], "pivot": [18.9, 7, 24], "rotation": [45, 0, 0], "uv": [142, 207]},
						{"origin": [14.4, 5.60761, 29.4], "size": [5, 2.78477, 1.6], "pivot": [18.9, 7, 24], "rotation": [22.5, 0, 0], "uv": [123, 207]},
						{"origin": [14.4, 5.60761, 29.4], "size": [5, 2.78477, 1.6], "uv": [142, 204]},
						{"origin": [14.4, 5.60761, 29.4], "size": [5, 2.78477, 1.6], "pivot": [18.9, 7, 24], "rotation": [-22.5, 0, 0], "uv": [110, 202]},
						{"origin": [14.4, 5.60761, 29.4], "size": [5, 2.78477, 1.6], "pivot": [18.9, 7, 24], "rotation": [-45, 0, 0], "uv": [26, 202]},
						{"origin": [14.4, 0, 22.60761], "size": [5, 1.6, 2.78477], "pivot": [18.9, 7, 24], "rotation": [22.5, 0, 0], "uv": [64, 185]},
						{"origin": [14.4, 0, 22.60761], "size": [5, 1.6, 2.78477], "uv": [111, 183]},
						{"origin": [14.4, 0, 22.60761], "size": [5, 1.6, 2.78477], "pivot": [18.9, 7, 24], "rotation": [-22.5, 0, 0], "uv": [0, 183]},
						{"origin": [14.4, 12.4, 22.60761], "size": [5, 1.6, 2.78477], "pivot": [18.9, 7, 24], "rotation": [22.5, 0, 0], "uv": [93, 182]},
						{"origin": [14.4, 12.4, 22.60761], "size": [5, 1.6, 2.78477], "uv": [64, 182]},
						{"origin": [14.4, 12.4, 22.60761], "size": [5, 1.6, 2.78477], "pivot": [18.9, 7, 24], "rotation": [-22.5, 0, 0], "uv": [180, 121]}
					]
				},
				{
					"name": "brl",
					"parent": "backtire1",
					"pivot": [25.9, -1, 16],
					"cubes": [
						{"origin": [14.9, 5.92587, 18.6], "size": [4, 2.14825, 1], "pivot": [17.9, 7, 24], "rotation": [45, 0, 0], "uv": [171, 196]},
						{"origin": [14.9, 5.92587, 18.6], "size": [4, 2.14825, 1], "pivot": [17.9, 7, 24], "rotation": [22.5, 0, 0], "uv": [97, 196]},
						{"origin": [14.9, 5.92587, 18.6], "size": [4, 2.14825, 1], "uv": [74, 196]},
						{"origin": [14.9, 5.92587, 18.6], "size": [4, 2.14825, 1], "pivot": [17.9, 7, 24], "rotation": [-22.5, 0, 0], "uv": [62, 196]},
						{"origin": [14.9, 5.92587, 18.6], "size": [4, 2.14825, 1], "pivot": [17.9, 7, 24], "rotation": [-45, 0, 0], "uv": [36, 196]},
						{"origin": [14.9, 5.92587, 28.4], "size": [4, 2.14825, 1], "pivot": [17.9, 7, 24], "rotation": [45, 0, 0], "uv": [0, 196]},
						{"origin": [14.9, 5.92587, 28.4], "size": [4, 2.14825, 1], "pivot": [17.9, 7, 24], "rotation": [22.5, 0, 0], "uv": [195, 25]},
						{"origin": [14.9, 5.92587, 28.4], "size": [4, 2.14825, 1], "uv": [158, 195]},
						{"origin": [14.9, 5.92587, 28.4], "size": [4, 2.14825, 1], "pivot": [17.9, 7, 24], "rotation": [-22.5, 0, 0], "uv": [49, 195]},
						{"origin": [14.9, 5.92587, 28.4], "size": [4, 2.14825, 1], "pivot": [17.9, 7, 24], "rotation": [-45, 0, 0], "uv": [194, 33]},
						{"origin": [14.9, 1.6, 22.92587], "size": [4, 1, 2.14825], "pivot": [17.9, 7, 24], "rotation": [22.5, 0, 0], "uv": [200, 138]},
						{"origin": [14.9, 1.6, 22.92587], "size": [4, 1, 2.14825], "uv": [184, 199]},
						{"origin": [14.9, 1.6, 22.92587], "size": [4, 1, 2.14825], "pivot": [17.9, 7, 24], "rotation": [-22.5, 0, 0], "uv": [110, 199]},
						{"origin": [14.9, 11.4, 22.92587], "size": [4, 1, 2.14825], "pivot": [17.9, 7, 24], "rotation": [22.5, 0, 0], "uv": [198, 111]},
						{"origin": [14.9, 11.4, 22.92587], "size": [4, 1, 2.14825], "uv": [198, 108]},
						{"origin": [14.9, 11.4, 22.92587], "size": [4, 1, 2.14825], "pivot": [17.9, 7, 24], "rotation": [-22.5, 0, 0], "uv": [48, 191]}
					]
				},
				{
					"name": "bbl",
					"parent": "backtire1",
					"pivot": [24.9, -1, 16],
					"cubes": [
						{"origin": [14.4, 6.42315, 21.1], "size": [3, 1.15369, 1], "pivot": [16.9, 7, 24], "rotation": [45, 0, 0], "uv": [13, 205]},
						{"origin": [14.4, 6.42315, 21.1], "size": [3, 1.15369, 1], "pivot": [16.9, 7, 24], "rotation": [22.5, 0, 0], "uv": [0, 205]},
						{"origin": [14.4, 6.42315, 21.1], "size": [3, 1.15369, 1], "uv": [154, 204]},
						{"origin": [14.4, 6.42315, 21.1], "size": [3, 1.15369, 1], "pivot": [16.9, 7, 24], "rotation": [-22.5, 0, 0], "uv": [49, 204]},
						{"origin": [14.4, 6.42315, 21.1], "size": [3, 1.15369, 1], "pivot": [16.9, 7, 24], "rotation": [-45, 0, 0], "uv": [201, 13]},
						{"origin": [14.4, 6.42315, 25.9], "size": [3, 1.15369, 1], "pivot": [16.9, 7, 24], "rotation": [45, 0, 0], "uv": [195, 201]},
						{"origin": [14.4, 6.42315, 25.9], "size": [3, 1.15369, 1], "pivot": [16.9, 7, 24], "rotation": [22.5, 0, 0], "uv": [158, 201]},
						{"origin": [14.4, 6.42315, 25.9], "size": [3, 1.15369, 1], "uv": [145, 200]},
						{"origin": [14.4, 6.42315, 25.9], "size": [3, 1.15369, 1], "pivot": [16.9, 7, 24], "rotation": [-22.5, 0, 0], "uv": [36, 199]},
						{"origin": [14.4, 6.42315, 25.9], "size": [3, 1.15369, 1], "pivot": [16.9, 7, 24], "rotation": [-45, 0, 0], "uv": [198, 114]},
						{"origin": [14.4, 4.1, 23.42315], "size": [3, 1, 1.15369], "pivot": [16.9, 7, 24], "rotation": [22.5, 0, 0], "uv": [25, 196]},
						{"origin": [14.4, 4.1, 23.42315], "size": [3, 1, 1.15369], "uv": [193, 13]},
						{"origin": [14.4, 4.1, 23.42315], "size": [3, 1, 1.15369], "pivot": [16.9, 7, 24], "rotation": [-22.5, 0, 0], "uv": [111, 192]},
						{"origin": [14.4, 8.9, 23.42315], "size": [3, 1, 1.15369], "pivot": [16.9, 7, 24], "rotation": [22.5, 0, 0], "uv": [158, 191]},
						{"origin": [14.4, 8.9, 23.42315], "size": [3, 1, 1.15369], "uv": [93, 191]},
						{"origin": [14.4, 8.9, 23.42315], "size": [3, 1, 1.15369], "pivot": [16.9, 7, 24], "rotation": [-22.5, 0, 0], "uv": [189, 57]}
					]
				},
				{
					"name": "bal",
					"parent": "backtire1",
					"pivot": [-0.1, 0, 51]
				},
				{
					"name": "a6",
					"parent": "bal",
					"pivot": [15.9, 7, 24],
					"cubes": [
						{"origin": [15.9, 8, 23.3], "size": [2, 4, 1], "uv": [47, 217]},
						{"origin": [15.9, 8, 23.7], "size": [2, 4, 1], "uv": [41, 217]}
					]
				},
				{
					"name": "a7",
					"parent": "bal",
					"pivot": [15.9, 7, 24],
					"rotation": [67.5, 0, 0],
					"cubes": [
						{"origin": [15.9, 8, 23.3], "size": [2, 4, 1], "uv": [213, 216]},
						{"origin": [15.9, 8, 23.7], "size": [2, 4, 1], "uv": [207, 216]}
					]
				},
				{
					"name": "a8",
					"parent": "bal",
					"pivot": [15.9, 7, 24],
					"rotation": [-67.5, 0, 0],
					"cubes": [
						{"origin": [15.9, 8, 23.3], "size": [2, 4, 1], "uv": [161, 216]},
						{"origin": [15.9, 8, 23.7], "size": [2, 4, 1], "uv": [155, 216]}
					]
				},
				{
					"name": "a9",
					"parent": "bal",
					"pivot": [15.9, 7, 24],
					"rotation": [142.5, 0, 0],
					"cubes": [
						{"origin": [15.9, 8, 23.3], "size": [2, 4, 1], "uv": [149, 216]},
						{"origin": [15.9, 8, 23.7], "size": [2, 4, 1], "uv": [122, 216]}
					]
				},
				{
					"name": "a10",
					"parent": "bal",
					"pivot": [15.9, 7, 24],
					"rotation": [-142.5, 0, 0],
					"cubes": [
						{"origin": [15.9, 8, 23.3], "size": [2, 4, 1], "uv": [72, 153]},
						{"origin": [15.9, 8, 23.7], "size": [2, 4, 1], "uv": [151, 59]}
					]
				},
				{
					"name": "backtire2",
					"parent": "backtires",
					"pivot": [-17.9, 7, 24]
				},
				{
					"name": "btr",
					"parent": "backtire2",
					"pivot": [-6.9, -1, 16],
					"cubes": [
						{"origin": [-19.4, 5.60761, 17], "size": [5, 2.78477, 1.6], "pivot": [-14.9, 7, 24], "rotation": [45, 0, 0], "uv": [129, 198]},
						{"origin": [-19.4, 5.60761, 17], "size": [5, 2.78477, 1.6], "pivot": [-14.9, 7, 24], "rotation": [22.5, 0, 0], "uv": [184, 196]},
						{"origin": [-19.4, 5.60761, 17], "size": [5, 2.78477, 1.6], "uv": [110, 196]},
						{"origin": [-19.4, 5.60761, 17], "size": [5, 2.78477, 1.6], "pivot": [-14.9, 7, 24], "rotation": [-22.5, 0, 0], "uv": [13, 196]},
						{"origin": [-19.4, 5.60761, 17], "size": [5, 2.78477, 1.6], "pivot": [-14.9, 7, 24], "rotation": [-45, 0, 0], "uv": [190, 192]},
						{"origin": [-19.4, 5.60761, 29.4], "size": [5, 2.78477, 1.6], "pivot": [-14.9, 7, 24], "rotation": [45, 0, 0], "uv": [176, 190]},
						{"origin": [-19.4, 5.60761, 29.4], "size": [5, 2.78477, 1.6], "pivot": [-14.9, 7, 24], "rotation": [22.5, 0, 0], "uv": [176, 187]},
						{"origin": [-19.4, 5.60761, 29.4], "size": [5, 2.78477, 1.6], "uv": [176, 184]},
						{"origin": [-19.4, 5.60761, 29.4], "size": [5, 2.78477, 1.6], "pivot": [-14.9, 7, 24], "rotation": [-22.5, 0, 0], "uv": [18, 183]},
						{"origin": [-19.4, 5.60761, 29.4], "size": [5, 2.78477, 1.6], "pivot": [-14.9, 7, 24], "rotation": [-45, 0, 0], "uv": [176, 181]},
						{"origin": [-19.4, 0, 22.60761], "size": [5, 1.6, 2.78477], "pivot": [-14.9, 7, 24], "rotation": [22.5, 0, 0], "uv": [180, 118]},
						{"origin": [-19.4, 0, 22.60761], "size": [5, 1.6, 2.78477], "uv": [111, 180]},
						{"origin": [-19.4, 0, 22.60761], "size": [5, 1.6, 2.78477], "pivot": [-14.9, 7, 24], "rotation": [-22.5, 0, 0], "uv": [114, 175]},
						{"origin": [-19.4, 12.4, 22.60761], "size": [5, 1.6, 2.78477], "pivot": [-14.9, 7, 24], "rotation": [22.5, 0, 0], "uv": [46, 166]},
						{"origin": [-19.4, 12.4, 22.60761], "size": [5, 1.6, 2.78477], "uv": [142, 121]},
						{"origin": [-19.4, 12.4, 22.60761], "size": [5, 1.6, 2.78477], "pivot": [-14.9, 7, 24], "rotation": [-22.5, 0, 0], "uv": [56, 113]}
					]
				},
				{
					"name": "brr",
					"parent": "backtire2",
					"pivot": [-7.9, -1, 16],
					"cubes": [
						{"origin": [-18.9, 5.92587, 18.6], "size": [4, 2.14825, 1], "pivot": [-15.9, 7, 24], "rotation": [45, 0, 0], "uv": [194, 30]},
						{"origin": [-18.9, 5.92587, 18.6], "size": [4, 2.14825, 1], "pivot": [-15.9, 7, 24], "rotation": [22.5, 0, 0], "uv": [145, 194]},
						{"origin": [-18.9, 5.92587, 18.6], "size": [4, 2.14825, 1], "uv": [36, 193]},
						{"origin": [-18.9, 5.92587, 18.6], "size": [4, 2.14825, 1], "pivot": [-15.9, 7, 24], "rotation": [-22.5, 0, 0], "uv": [145, 191]},
						{"origin": [-18.9, 5.92587, 18.6], "size": [4, 2.14825, 1], "pivot": [-15.9, 7, 24], "rotation": [-45, 0, 0], "uv": [80, 190]},
						{"origin": [-18.9, 5.92587, 28.4], "size": [4, 2.14825, 1], "pivot": [-15.9, 7, 24], "rotation": [45, 0, 0], "uv": [129, 188]},
						{"origin": [-18.9, 5.92587, 28.4], "size": [4, 2.14825, 1], "pivot": [-15.9, 7, 24], "rotation": [22.5, 0, 0], "uv": [187, 138]},
						{"origin": [-18.9, 5.92587, 28.4], "size": [4, 2.14825, 1], "uv": [174, 0]},
						{"origin": [-18.9, 5.92587, 28.4], "size": [4, 2.14825, 1], "pivot": [-15.9, 7, 24], "rotation": [-22.5, 0, 0], "uv": [60, 166]},
						{"origin": [-18.9, 5.92587, 28.4], "size": [4, 2.14825, 1], "pivot": [-15.9, 7, 24], "rotation": [-45, 0, 0], "uv": [165, 163]},
						{"origin": [-18.9, 1.6, 22.92587], "size": [4, 1, 2.14825], "pivot": [-15.9, 7, 24], "rotation": [22.5, 0, 0], "uv": [180, 113]},
						{"origin": [-18.9, 1.6, 22.92587], "size": [4, 1, 2.14825], "uv": [180, 110]},
						{"origin": [-18.9, 1.6, 22.92587], "size": [4, 1, 2.14825], "pivot": [-15.9, 7, 24], "rotation": [-22.5, 0, 0], "uv": [180, 107]},
						{"origin": [-18.9, 11.4, 22.92587], "size": [4, 1, 2.14825], "pivot": [-15.9, 7, 24], "rotation": [22.5, 0, 0], "uv": [180, 104]},
						{"origin": [-18.9, 11.4, 22.92587], "size": [4, 1, 2.14825], "uv": [101, 134]},
						{"origin": [-18.9, 11.4, 22.92587], "size": [4, 1, 2.14825], "pivot": [-15.9, 7, 24], "rotation": [-22.5, 0, 0], "uv": [89, 96]}
					]
				},
				{
					"name": "bbr",
					"parent": "backtire2",
					"pivot": [-6.9, -1, 16],
					"cubes": [
						{"origin": [-17.4, 6.42315, 21.1], "size": [3, 1.15369, 1], "pivot": [-14.9, 7, 24], "rotation": [45, 0, 0], "uv": [18, 186]},
						{"origin": [-17.4, 6.42315, 21.1], "size": [3, 1.15369, 1], "pivot": [-14.9, 7, 24], "rotation": [22.5, 0, 0], "uv": [185, 13]},
						{"origin": [-17.4, 6.42315, 21.1], "size": [3, 1.15369, 1], "uv": [98, 179]},
						{"origin": [-17.4, 6.42315, 21.1], "size": [3, 1.15369, 1], "pivot": [-14.9, 7, 24], "rotation": [-22.5, 0, 0], "uv": [90, 179]},
						{"origin": [-17.4, 6.42315, 21.1], "size": [3, 1.15369, 1], "pivot": [-14.9, 7, 24], "rotation": [-45, 0, 0], "uv": [178, 166]},
						{"origin": [-17.4, 6.42315, 25.9], "size": [3, 1.15369, 1], "pivot": [-14.9, 7, 24], "rotation": [45, 0, 0], "uv": [46, 178]},
						{"origin": [-17.4, 6.42315, 25.9], "size": [3, 1.15369, 1], "pivot": [-14.9, 7, 24], "rotation": [22.5, 0, 0], "uv": [177, 13]},
						{"origin": [-17.4, 6.42315, 25.9], "size": [3, 1.15369, 1], "uv": [156, 172]},
						{"origin": [-17.4, 6.42315, 25.9], "size": [3, 1.15369, 1], "pivot": [-14.9, 7, 24], "rotation": [-22.5, 0, 0], "uv": [156, 128]},
						{"origin": [-17.4, 6.42315, 25.9], "size": [3, 1.15369, 1], "pivot": [-14.9, 7, 24], "rotation": [-45, 0, 0], "uv": [152, 112]},
						{"origin": [-17.4, 4.1, 23.42315], "size": [3, 1, 1.15369], "pivot": [-14.9, 7, 24], "rotation": [22.5, 0, 0], "uv": [48, 151]},
						{"origin": [-17.4, 4.1, 23.42315], "size": [3, 1, 1.15369], "uv": [149, 140]},
						{"origin": [-17.4, 4.1, 23.42315], "size": [3, 1, 1.15369], "pivot": [-14.9, 7, 24], "rotation": [-22.5, 0, 0], "uv": [142, 112]},
						{"origin": [-17.4, 8.9, 23.42315], "size": [3, 1, 1.15369], "pivot": [-14.9, 7, 24], "rotation": [22.5, 0, 0], "uv": [56, 122]},
						{"origin": [-17.4, 8.9, 23.42315], "size": [3, 1, 1.15369], "uv": [68, 113]},
						{"origin": [-17.4, 8.9, 23.42315], "size": [3, 1, 1.15369], "pivot": [-14.9, 7, 24], "rotation": [-22.5, 0, 0], "uv": [76, 85]}
					]
				},
				{
					"name": "bar",
					"parent": "backtire2",
					"pivot": [-0.9, 0, 51]
				},
				{
					"name": "a11",
					"parent": "bar",
					"pivot": [15.1, 7, 24],
					"cubes": [
						{"origin": [-17.9, 8, 23.3], "size": [2, 4, 1], "uv": [108, 144]},
						{"origin": [-17.9, 8, 23.7], "size": [2, 4, 1], "uv": [93, 144]}
					]
				},
				{
					"name": "a12",
					"parent": "bar",
					"pivot": [15.1, 7, 24],
					"rotation": [67.5, 0, 0],
					"cubes": [
						{"origin": [-17.9, 8, 23.3], "size": [2, 4, 1], "uv": [108, 138]},
						{"origin": [-17.9, 8, 23.7], "size": [2, 4, 1], "uv": [93, 138]}
					]
				},
				{
					"name": "a13",
					"parent": "bar",
					"pivot": [15.1, 7, 24],
					"rotation": [-67.5, 0, 0],
					"cubes": [
						{"origin": [-17.9, 8, 23.3], "size": [2, 4, 1], "uv": [78, 136]},
						{"origin": [-17.9, 8, 23.7], "size": [2, 4, 1], "uv": [129, 134]}
					]
				},
				{
					"name": "a14",
					"parent": "bar",
					"pivot": [15.1, 7, 24],
					"rotation": [142.5, 0, 0],
					"cubes": [
						{"origin": [-17.9, 8, 23.3], "size": [2, 4, 1], "uv": [118, 134]},
						{"origin": [-17.9, 8, 23.7], "size": [2, 4, 1], "uv": [93, 130]}
					]
				},
				{
					"name": "a15",
					"parent": "bar",
					"pivot": [15.1, 7, 24],
					"rotation": [-142.5, 0, 0],
					"cubes": [
						{"origin": [-17.9, 8, 23.3], "size": [2, 4, 1], "uv": [93, 124]},
						{"origin": [-17.9, 8, 23.7], "size": [2, 4, 1], "uv": [20, 99]}
					]
				}
			]
		}
	]
}