{
	"format_version": "1.12.0",
	"minecraft:geometry": [
		{
			"description": {
				"identifier": "geometry.jdmrx7fcmod",
				"texture_width": 256,
				"texture_height": 256,
				"visible_bounds_width": 7,
				"visible_bounds_height": 4,
				"visible_bounds_offset": [0, 1, 0]
			},
			"bones": [
				{
					"name": "front",
					"pivot": [0, 0, -1],
					"cubes": [
						{"origin": [-8, 3, -43], "size": [16, 1, 1], "uv": [46, 76]},
						{"origin": [8, 3, -43], "size": [10, 1, 1], "uv": [203, 155]},
						{"origin": [17.4, 3, -43], "size": [1, 1, 10], "uv": [199, 199]},
						{"origin": [17.4, 3, -43.5], "size": [1, 1, 1], "uv": [152, 215]},
						{"origin": [-18.4, 3, -43.5], "size": [1, 1, 1], "uv": [103, 214]},
						{"origin": [-18.4, 3, -43], "size": [1, 1, 10], "uv": [100, 192]},
						{"origin": [17, 4, -42], "size": [1, 9, 8], "uv": [153, 192]},
						{"origin": [17, 13, -39], "size": [1, 1, 5], "uv": [32, 125]},
						{"origin": [17, 13.5, -35], "size": [1, 1, 1], "uv": [56, 212]},
						{"origin": [-18, 13.5, -35], "size": [1, 1, 1], "uv": [94, 211]},
						{"origin": [-18, 14.5, -28], "size": [1, 1, 1], "uv": [82, 211]},
						{"origin": [-18, 14.5, -25], "size": [1, 1, 1], "uv": [146, 209]},
						{"origin": [17, 14.5, -25], "size": [1, 1, 1], "uv": [59, 209]},
						{"origin": [17, 14.5, -28], "size": [1, 1, 1], "uv": [101, 208]},
						{"origin": [-18, 13, -39], "size": [1, 1, 5], "uv": [29, 36]},
						{"origin": [-18, 4, -42], "size": [1, 9, 8], "uv": [135, 192]},
						{"origin": [17, 6, -43], "size": [1, 6, 1], "uv": [12, 223]},
						{"origin": [17, 11.2, -43], "size": [1, 1, 1], "uv": [32, 208]},
						{"origin": [-18, 11.2, -43], "size": [1, 1, 1], "uv": [20, 208]},
						{"origin": [17, 5.2, -42.7], "size": [1, 1, 1], "uv": [207, 32]},
						{"origin": [-18, 5.2, -42.7], "size": [1, 1, 1], "uv": [206, 98]},
						{"origin": [-18, 6, -43], "size": [1, 6, 1], "uv": [8, 223]},
						{"origin": [17, 4, -18], "size": [1, 13, 6], "uv": [185, 200]},
						{"origin": [-18, 4, -18], "size": [1, 13, 6], "uv": [171, 200]},
						{"origin": [8, 3, -43.5], "size": [10, 1, 1], "uv": [203, 153]},
						{"origin": [-18, 3, -43.5], "size": [10, 1, 1], "uv": [203, 151]},
						{"origin": [-17, 3, -42], "size": [34, 1, 8], "uv": [103, 17]},
						{"origin": [-8, 3, -43.5], "size": [16, 1, 1], "uv": [0, 76]},
						{"origin": [8, 3, -43], "size": [10, 1, 1], "pivot": [16, 4, -43], "rotation": [62.5, 0, 0], "uv": [203, 149]},
						{"origin": [-18, 3, -43], "size": [10, 1, 1], "pivot": [-10, 4, -43], "rotation": [62.5, 0, 0], "uv": [203, 147]},
						{"origin": [-8, 3, -43], "size": [16, 1, 1], "pivot": [0, 4, -43], "rotation": [62.5, 0, 0], "uv": [46, 71]},
						{"origin": [-8, 3.685, -43.88701], "size": [1, 1, 3], "pivot": [0, 5, -43], "rotation": [125, 0, 0], "uv": [176, 222]},
						{"origin": [7, 3.685, -43.88701], "size": [1, 1, 3], "pivot": [15, 5, -43], "rotation": [125, 0, 0], "uv": [168, 222]},
						{"origin": [-18, 3.685, -43.88701], "size": [2, 1, 3], "pivot": [-10, 5, -43], "rotation": [125, 0, 0], "uv": [46, 218]},
						{"origin": [-16, 3.685, -43.88701], "size": [6, 1, 1], "pivot": [-8, 5, -43], "rotation": [125, 0, 0], "uv": [144, 72]},
						{"origin": [10, 3.685, -43.88701], "size": [6, 1, 1], "pivot": [18, 5, -43], "rotation": [125, 0, 0], "uv": [143, 65]},
						{"origin": [-7, 3.685, -43.88701], "size": [14, 1, 1], "pivot": [9, 5, -43], "rotation": [125, 0, 0], "uv": [39, 109]},
						{"origin": [-16, 2.685, -43.88701], "size": [6, 1, 4], "pivot": [-8, 5, -43], "rotation": [125, 0, 0], "uv": [203, 88]},
						{"origin": [10, 2.685, -43.88701], "size": [6, 1, 4], "pivot": [18, 5, -43], "rotation": [125, 0, 0], "uv": [62, 55]},
						{"origin": [-7, 2.685, -43.88701], "size": [14, 1, 4], "pivot": [9, 5, -43], "rotation": [125, 0, 0], "uv": [90, 82]},
						{"origin": [-10, 3.685, -43.88701], "size": [2, 1, 3], "pivot": [-2, 5, -43], "rotation": [125, 0, 0], "uv": [63, 206]},
						{"origin": [8, 3.685, -43.88701], "size": [2, 1, 3], "pivot": [16, 5, -43], "rotation": [125, 0, 0], "uv": [124, 199]},
						{"origin": [16, 3.685, -43.88701], "size": [2, 1, 3], "pivot": [24, 5, -43], "rotation": [125, 0, 0], "uv": [75, 196]},
						{"origin": [-8, 6.013, -44.09889], "size": [1, 1, 1], "pivot": [0, 7, -44], "rotation": [102.5, 0, 0], "uv": [206, 96]},
						{"origin": [7, 6.013, -44.09889], "size": [1, 1, 1], "pivot": [15, 7, -44], "rotation": [102.5, 0, 0], "uv": [206, 94]},
						{"origin": [-18, 6.013, -43.09889], "size": [36, 1, 1], "pivot": [1, 7, -44], "rotation": [102.5, 0, 0], "uv": [160, 67]},
						{"origin": [8, 6.013, -44.09889], "size": [2, 1, 1], "pivot": [15, 7, -44], "rotation": [102.5, 0, 0], "uv": [224, 81]},
						{"origin": [16, 6.013, -44.09889], "size": [2, 1, 1], "pivot": [23, 7, -44], "rotation": [102.5, 0, 0], "uv": [223, 224]},
						{"origin": [-18, 6.013, -44.09889], "size": [2, 1, 1], "pivot": [-11, 7, -44], "rotation": [102.5, 0, 0], "uv": [217, 224]},
						{"origin": [-10, 6.013, -44.09889], "size": [2, 1, 1], "pivot": [-3, 7, -44], "rotation": [102.5, 0, 0], "uv": [150, 224]},
						{"origin": [-8, 7.42, -45.16], "size": [16, 1, 2], "pivot": [0, 9, -45], "rotation": [90, 0, 0], "uv": [39, 112]},
						{"origin": [-8, 10.268, -44.36], "size": [16, 1, 2], "pivot": [0, 11, -44], "rotation": [57.5, 0, 0], "uv": [90, 107]},
						{"origin": [-8, 11.74, -43.52], "size": [16, 1, 2], "pivot": [0, 13, -43], "rotation": [27.5, 0, 0], "uv": [90, 87]},
						{"origin": [8, 11.74, -43.52], "size": [9, 1, 2], "pivot": [16, 13, -43], "rotation": [27.5, 0, 0], "uv": [203, 85]},
						{"origin": [-17, 11.74, -43.52], "size": [9, 1, 2], "pivot": [-9, 13, -43], "rotation": [27.5, 0, 0], "uv": [127, 188]},
						{"origin": [17, 11.74, -43.52], "size": [1, 1, 2], "pivot": [17, 13, -43], "rotation": [27.5, 0, 0], "uv": [222, 163]},
						{"origin": [-18, 11.74, -43.52], "size": [1, 1, 2], "pivot": [-18, 13, -43], "rotation": [27.5, 0, 0], "uv": [222, 109]},
						{"origin": [-8, 12.37, -41.7], "size": [16, 1, 13], "pivot": [0, 14, -42], "rotation": [12.5, 0, 0], "uv": [163, 0]},
						{"origin": [-8, 15.25, -28.86], "size": [4, 1, 7], "pivot": [0, 16, -29], "rotation": [5, 0, 0], "uv": [67, 203]},
						{"origin": [-4, 15.25, -28.86], "size": [8, 1, 7], "pivot": [-1, 16, -29], "rotation": [-2.5, 0, 0], "uv": [75, 182]},
						{"origin": [-4, 14.6, -28.86], "size": [8, 1, 7], "pivot": [4, 16, -29], "rotation": [5, 0, 0], "uv": [0, 144]},
						{"origin": [4, 15.25, -28.86], "size": [4, 1, 7], "pivot": [12, 16, -29], "rotation": [5, 0, 0], "uv": [202, 174]},
						{"origin": [8, 15.25, -28.86], "size": [9, 1, 7], "pivot": [16, 16, -29], "rotation": [5, 0, 0], "uv": [75, 174]},
						{"origin": [17, 15.25, -28.86], "size": [1, 1, 7], "pivot": [17, 16, -29], "rotation": [5, 0, 0], "uv": [103, 8]},
						{"origin": [-18, 15.25, -28.86], "size": [1, 1, 7], "pivot": [-18, 16, -29], "rotation": [5, 0, 0], "uv": [103, 0]},
						{"origin": [17, 15.8639, -21.92052], "size": [1, 1, 8], "pivot": [16, 17, -22], "rotation": [2.5, 0, 0], "uv": [203, 94]},
						{"origin": [-18, 15.8639, -21.92052], "size": [1, 1, 8], "pivot": [-18, 17, -22], "rotation": [2.5, 0, 0], "uv": [141, 175]},
						{"origin": [-17, 15.8639, -21.92052], "size": [9, 1, 8], "pivot": [-17, 17, -22], "rotation": [2.5, 0, 0], "uv": [0, 104]},
						{"origin": [-8, 15.8639, -21.92052], "size": [4, 1, 8], "pivot": [-8, 17, -22], "rotation": [2.5, 0, 0], "uv": [195, 106]},
						{"origin": [4, 15.8639, -21.92052], "size": [4, 1, 8], "pivot": [4, 17, -22], "rotation": [2.5, 0, 0], "uv": [13, 192]},
						{"origin": [-4, 15.21285, -24.9129], "size": [8, 2, 11], "uv": [161, 175]},
						{"origin": [8, 15.8639, -21.92052], "size": [9, 1, 8], "pivot": [8, 17, -22], "rotation": [2.5, 0, 0], "uv": [46, 36]},
						{"origin": [17, 16.21285, -13.9129], "size": [1, 1, 3], "uv": [47, 222]},
						{"origin": [17, 16.21285, -10.9129], "size": [1, 1, 3], "pivot": [18, 17.2, -10.9], "rotation": [-5, 0, 0], "uv": [221, 105]},
						{"origin": [-18, 16.21285, -10.9129], "size": [1, 1, 3], "pivot": [-17, 17.2, -10.9], "rotation": [-5, 0, 0], "uv": [35, 221]},
						{"origin": [-18, 16.21285, -13.9129], "size": [1, 1, 3], "uv": [220, 217]},
						{"origin": [-17, 16.21285, -13.9129], "size": [9, 1, 3], "uv": [203, 81]},
						{"origin": [-8, 16.21285, -13.9129], "size": [17, 1, 3], "uv": [110, 153]},
						{"origin": [9, 16.21285, -13.9129], "size": [9, 1, 3], "uv": [199, 183]},
						{"origin": [-17, 15.25, -28.86], "size": [9, 1, 7], "pivot": [-10, 16, -29], "rotation": [5, 0, 0], "uv": [0, 27]},
						{"origin": [8, 12.37, -41.7], "size": [9, 1, 13], "pivot": [16, 14, -42], "rotation": [12.5, 0, 0], "uv": [110, 139]},
						{"origin": [-17, 12.37, -41.7], "size": [9, 1, 13], "pivot": [-9, 14, -42], "rotation": [12.5, 0, 0], "uv": [78, 112]},
						{"origin": [17, 12.37, -41.7], "size": [1, 1, 13], "pivot": [17, 14, -42], "rotation": [12.5, 0, 0], "uv": [41, 174]},
						{"origin": [-18, 12.37, -41.7], "size": [1, 1, 13], "pivot": [-18, 14, -42], "rotation": [12.5, 0, 0], "uv": [78, 128]},
						{"origin": [8, 10.268, -44.36], "size": [2, 1, 1], "pivot": [16, 11, -44], "rotation": [57.5, 0, 0], "uv": [144, 224]},
						{"origin": [-10, 10.268, -44.36], "size": [2, 1, 1], "pivot": [-2, 11, -44], "rotation": [57.5, 0, 0], "uv": [27, 224]},
						{"origin": [-18, 10.268, -44.36], "size": [2, 1, 1], "pivot": [-10, 11, -44], "rotation": [57.5, 0, 0], "uv": [223, 215]},
						{"origin": [16, 10.268, -44.36], "size": [2, 1, 1], "pivot": [24, 11, -44], "rotation": [57.5, 0, 0], "uv": [223, 207]},
						{"origin": [10, 10.1, -44.36], "size": [6, 1, 1], "pivot": [22, 11, -44], "rotation": [57.5, 0, 0], "uv": [141, 139]},
						{"origin": [-16, 10.1, -44.36], "size": [6, 1, 1], "pivot": [-4, 11, -44], "rotation": [57.5, 0, 0], "uv": [110, 104]},
						{"origin": [8, 10.268, -43.36], "size": [10, 1, 1], "pivot": [18, 11, -44], "rotation": [57.5, 0, 0], "uv": [203, 123]},
						{"origin": [-18, 10.268, -43.36], "size": [10, 1, 1], "pivot": [-10, 11, -44], "rotation": [57.5, 0, 0], "uv": [203, 121]},
						{"origin": [8, 7.42, -44.16], "size": [10, 1, 1], "pivot": [16, 9, -45], "rotation": [90, 0, 0], "uv": [203, 103]},
						{"origin": [-18, 7.42, -44.16], "size": [10, 1, 1], "pivot": [-10, 9, -45], "rotation": [90, 0, 0], "uv": [41, 188]},
						{"origin": [-18, 6.42, -44.16], "size": [2, 1, 1], "pivot": [-10, 8, -45], "rotation": [90, 0, 0], "uv": [223, 185]},
						{"origin": [16, 6.42, -44.16], "size": [2, 1, 1], "pivot": [24, 8, -45], "rotation": [90, 0, 0], "uv": [223, 112]},
						{"origin": [16, 5.5, -46.05], "size": [2, 1, 5], "pivot": [24, 8, -45], "rotation": [90, 0, 0], "uv": [143, 59]},
						{"origin": [-18, 5.5, -46.05], "size": [2, 1, 5], "pivot": [-10, 8, -45], "rotation": [90, 0, 0], "uv": [143, 53]},
						{"origin": [-10, 6.42, -44.16], "size": [2, 1, 1], "pivot": [-2, 8, -45], "rotation": [90, 0, 0], "uv": [223, 99]},
						{"origin": [8, 6.42, -44.16], "size": [2, 1, 1], "pivot": [16, 8, -45], "rotation": [90, 0, 0], "uv": [223, 96]},
						{"origin": [-16, 6, -44.16], "size": [6, 1, 1], "pivot": [-4, 8, -45], "rotation": [90, 0, 0], "uv": [69, 109]},
						{"origin": [10, 6, -44.16], "size": [6, 1, 1], "pivot": [22, 8, -45], "rotation": [90, 0, 0], "uv": [71, 89]},
						{"origin": [17.15, 4, -41.16], "size": [1, 3, 1], "pivot": [24, 8, -42], "rotation": [90, 0, 0], "uv": [39, 79]},
						{"origin": [17.15, 5, 36.84], "size": [1, 2, 1], "pivot": [24, 8, 36], "rotation": [90, 0, 0], "uv": [119, 139]},
						{"origin": [-18.15, 5, 36.84], "size": [1, 2, 1], "pivot": [-12, 8, 36], "rotation": [90, 0, 0], "uv": [40, 131]},
						{"origin": [-18.15, 4, -41.16], "size": [1, 3, 1], "pivot": [24, 8, -42], "rotation": [90, 0, 0], "uv": [33, 79]},
						{"origin": [-18, 3, -43], "size": [10, 1, 1], "uv": [84, 155]},
						{"origin": [-12, 3, -33], "size": [1, 11, 14], "uv": [0, 79]},
						{"origin": [11, 3, -33], "size": [1, 11, 14], "uv": [46, 46]},
						{"origin": [11.5, 6, -27], "size": [5, 2, 2], "uv": [110, 204]},
						{"origin": [-16.5, 6, -27], "size": [5, 2, 2], "uv": [40, 204]},
						{"origin": [17.1, 8.84, -44], "size": [1, 1, 11], "uv": [111, 192]},
						{"origin": [16.1, 8.84, -44.45], "size": [2, 1, 1], "uv": [223, 93]},
						{"origin": [-18.1, 8.84, -44.45], "size": [2, 1, 1], "uv": [223, 91]},
						{"origin": [-10, 8.84, -44.45], "size": [20, 1, 1], "uv": [46, 74]},
						{"origin": [-18.1, 8.84, -44], "size": [1, 1, 11], "uv": [87, 192]}
					]
				},
				{
					"name": "fronttireguard",
					"parent": "front",
					"pivot": [0, 0, 0],
					"cubes": [
						{"origin": [-18, 9, -34], "size": [1, 6, 1], "uv": [208, 222]},
						{"origin": [17, 9, -34], "size": [1, 6, 1], "uv": [204, 222]},
						{"origin": [17, 9, -19], "size": [1, 7, 1], "uv": [4, 222]},
						{"origin": [-18, 9, -19], "size": [1, 7, 1], "uv": [156, 221]},
						{"origin": [17, 11, -20], "size": [1, 5, 1], "uv": [136, 192]},
						{"origin": [-18, 11, -20], "size": [1, 5, 1], "uv": [26, 104]},
						{"origin": [17, 11, -33], "size": [1, 4, 1], "uv": [129, 95]},
						{"origin": [-18, 11, -33], "size": [1, 4, 1], "uv": [39, 125]},
						{"origin": [17, 12, -32], "size": [1, 3, 1], "uv": [27, 79]},
						{"origin": [-18, 12, -32], "size": [1, 3, 1], "uv": [78, 55]},
						{"origin": [17, 12, -21], "size": [1, 4, 1], "uv": [32, 125]},
						{"origin": [-18, 12, -21], "size": [1, 4, 1], "uv": [79, 44]},
						{"origin": [17, 13, -22], "size": [1, 3, 1], "uv": [78, 36]},
						{"origin": [-18, 13, -22], "size": [1, 3, 1], "uv": [73, 45]},
						{"origin": [17, 13, -31], "size": [1, 2, 1], "uv": [32, 131]},
						{"origin": [-18, 13, -31], "size": [1, 2, 1], "uv": [72, 130]},
						{"origin": [17, 14, -30], "size": [1, 1, 2], "uv": [222, 16]},
						{"origin": [-18, 14, -30], "size": [1, 1, 2], "uv": [52, 222]},
						{"origin": [17, 14, -24], "size": [1, 2, 2], "uv": [124, 192]},
						{"origin": [-18, 14, -24], "size": [1, 2, 2], "uv": [119, 174]},
						{"origin": [17, 15, -30], "size": [1, 1, 6], "uv": [32, 142]},
						{"origin": [-18, 15, -30], "size": [1, 1, 6], "uv": [93, 128]}
					]
				},
				{
					"name": "hexadecagon",
					"parent": "fronttireguard",
					"pivot": [26, -1, -1],
					"cubes": [
						{"origin": [16, 3.4087, -34], "size": [3, 5.1826, 1], "pivot": [19, 8.6, -34], "rotation": [0, 0, 7.5], "uv": [80, 80]},
						{"origin": [16, 3.4087, -19], "size": [3, 5.1826, 1], "pivot": [19, 8.6, -19], "rotation": [0, 0, 7.5], "uv": [16, 79]},
						{"origin": [16, 5.4087, -34], "size": [3, 3.1826, 1], "pivot": [18, 7, -26], "rotation": [-22.5, 0, 0], "uv": [132, 218]},
						{"origin": [16, 5.4087, -34], "size": [3, 3.1826, 1], "pivot": [18, 7, -26], "rotation": [-45, 0, 0], "uv": [122, 218]},
						{"origin": [16, 5.4087, -19], "size": [3, 3.1826, 1], "pivot": [18, 7, -26], "rotation": [45, 0, 0], "uv": [163, 209]},
						{"origin": [16, 5.4087, -19], "size": [3, 3.1826, 1], "pivot": [18, 7, -26], "rotation": [22.5, 0, 0], "uv": [163, 196]},
						{"origin": [16, 14, -27.5913], "size": [3, 1, 3.1826], "pivot": [18, 7, -26], "rotation": [22.5, 0, 0], "uv": [41, 182]},
						{"origin": [16, 14, -27.5913], "size": [3, 1, 3.1826], "uv": [127, 179]},
						{"origin": [16, 14, -27.5913], "size": [3, 1, 3.1826], "pivot": [18, 7, -26], "rotation": [-22.5, 0, 0], "uv": [41, 178]}
					]
				},
				{
					"name": "hexadecagon5",
					"parent": "fronttireguard",
					"pivot": [23, -1, -1],
					"cubes": [
						{"origin": [-18, 3.4087, -34], "size": [36, 5.1826, 1], "uv": [129, 120]},
						{"origin": [-18, 3.4087, -19], "size": [36, 5.1826, 1], "uv": [0, 117]},
						{"origin": [-16, 5.4087, -34], "size": [32, 3.1826, 1], "pivot": [15, 7, -26], "rotation": [-22.5, 0, 0], "uv": [66, 170]},
						{"origin": [-16, 5.4087, -34], "size": [32, 3.1826, 1], "pivot": [15, 7, -26], "rotation": [-45, 0, 0], "uv": [0, 168]},
						{"origin": [-16, 5.4087, -19], "size": [32, 3.1826, 1], "pivot": [15, 7, -26], "rotation": [45, 0, 0], "uv": [139, 166]},
						{"origin": [-16, 5.4087, -19], "size": [32, 3.1826, 1], "pivot": [15, 7, -26], "rotation": [22.5, 0, 0], "uv": [161, 46]},
						{"origin": [-16, 14, -27.5913], "size": [32, 1, 3.1826], "pivot": [15, 7, -26], "rotation": [22.5, 0, 0], "uv": [160, 77]},
						{"origin": [-16, 14, -27.5913], "size": [32, 1, 3.1826], "uv": [160, 73]},
						{"origin": [-16, 14, -27.5913], "size": [32, 1, 3.1826], "pivot": [15, 7, -26], "rotation": [-22.5, 0, 0], "uv": [160, 69]}
					]
				},
				{
					"name": "hexadecagon4",
					"parent": "fronttireguard",
					"pivot": [-9, -1, -1],
					"cubes": [
						{"origin": [-19, 3.4087, -34], "size": [3, 5.1826, 1], "pivot": [-19, 8.6, -34], "rotation": [0, 0, -7.5], "uv": [62, 45]},
						{"origin": [-19, 3.4087, -19], "size": [3, 5.1826, 1], "pivot": [-19, 8.6, -19], "rotation": [0, 0, -7.5], "uv": [46, 36]},
						{"origin": [-19, 5.4087, -34], "size": [3, 3.1826, 1], "pivot": [-17, 7, -26], "rotation": [-22.5, 0, 0], "uv": [29, 196]},
						{"origin": [-19, 5.4087, -34], "size": [3, 3.1826, 1], "pivot": [-17, 7, -26], "rotation": [-45, 0, 0], "uv": [13, 196]},
						{"origin": [-19, 5.4087, -19], "size": [3, 3.1826, 1], "pivot": [-17, 7, -26], "rotation": [45, 0, 0], "uv": [195, 110]},
						{"origin": [-19, 5.4087, -19], "size": [3, 3.1826, 1], "pivot": [-17, 7, -26], "rotation": [22.5, 0, 0], "uv": [195, 106]},
						{"origin": [-19, 14, -27.5913], "size": [3, 1, 3.1826], "pivot": [-17, 7, -26], "rotation": [22.5, 0, 0], "uv": [127, 175]},
						{"origin": [-19, 14, -27.5913], "size": [3, 1, 3.1826], "uv": [41, 174]},
						{"origin": [-19, 14, -27.5913], "size": [3, 1, 3.1826], "pivot": [-17, 7, -26], "rotation": [-22.5, 0, 0], "uv": [163, 8]}
					]
				},
				{
					"name": "popups",
					"parent": "front",
					"pivot": [0, -4, -1]
				},
				{
					"name": "ppl",
					"parent": "popups",
					"pivot": [1, -4, -1],
					"cubes": [
						{"origin": [11, 9, -41], "size": [6, 3, 1], "uv": [96, 204]},
						{"origin": [16, 9, -40], "size": [1, 3, 1], "uv": [72, 36]},
						{"origin": [11, 9, -40], "size": [1, 3, 1], "uv": [6, 68]},
						{"origin": [16, 9, -39], "size": [1, 2, 2], "uv": [72, 157]},
						{"origin": [11, 9, -39], "size": [1, 2, 2], "uv": [122, 82]},
						{"origin": [11, 10.5, -39], "size": [1, 1, 1], "uv": [199, 206]},
						{"origin": [16, 10.5, -39], "size": [1, 1, 1], "uv": [70, 206]},
						{"origin": [11, 12, -41], "size": [6, 1, 1], "uv": [0, 49]},
						{"origin": [11, 12, -40], "size": [6, 1, 5], "pivot": [17, 13, -40], "rotation": [-27.5, 0, 0], "uv": [202, 115]}
					]
				},
				{
					"name": "ppr",
					"parent": "popups",
					"pivot": [-27, -4, -1],
					"cubes": [
						{"origin": [-17, 9, -41], "size": [6, 3, 1], "uv": [82, 204]},
						{"origin": [-12, 9, -40], "size": [1, 3, 1], "uv": [0, 68]},
						{"origin": [-17, 9, -40], "size": [1, 3, 1], "uv": [6, 63]},
						{"origin": [-12, 9, -39], "size": [1, 2, 2], "uv": [84, 112]},
						{"origin": [-17, 9, -39], "size": [1, 2, 2], "uv": [45, 79]},
						{"origin": [-17, 10.5, -39], "size": [1, 1, 1], "uv": [205, 205]},
						{"origin": [-12, 10.5, -39], "size": [1, 1, 1], "uv": [204, 135]},
						{"origin": [-17, 12, -41], "size": [6, 1, 1], "uv": [0, 13]},
						{"origin": [-17, 12, -40], "size": [6, 1, 5], "pivot": [-11, 13, -40], "rotation": [-27.5, 0, 0], "uv": [187, 132]}
					]
				},
				{
					"name": "mid",
					"pivot": [0, 0, -1],
					"cubes": [
						{"origin": [-18, 4, -12], "size": [1, 13, 29], "uv": [129, 53]},
						{"origin": [-17, 4, -13], "size": [1, 13, 30], "uv": [0, 125]},
						{"origin": [-16, 4, 16], "size": [5, 12, 1], "uv": [0, 36]},
						{"origin": [11, 4, 16], "size": [5, 12, 1], "uv": [0, 0]},
						{"origin": [17, 4, -12], "size": [1, 13, 29], "uv": [79, 128]},
						{"origin": [16, 4, -13], "size": [1, 13, 30], "uv": [46, 112]},
						{"origin": [-16, 4, -14], "size": [32, 13, 1], "uv": [129, 106]},
						{"origin": [-18.4, 3, -19], "size": [1, 1, 37], "uv": [90, 90]},
						{"origin": [-17, 3, -18], "size": [34, 1, 35], "uv": [0, 0]},
						{"origin": [-11, 3, -33], "size": [22, 1, 14], "uv": [85, 53]},
						{"origin": [-11, 3, 17], "size": [22, 1, 16], "pivot": [-9, 3, 16], "rotation": [3.25, 0, 0], "uv": [103, 0]},
						{"origin": [17.4, 3, -19], "size": [1, 1, 37], "uv": [0, 79]},
						{"origin": [17.1, 8.84, -19], "size": [1, 1, 37], "uv": [51, 74]},
						{"origin": [-18.1, 8.84, -19], "size": [1, 1, 37], "uv": [46, 36]},
						{"origin": [17.1, 14, 6], "size": [1, 1, 4], "uv": [136, 218]},
						{"origin": [-18.1, 14, 6], "size": [1, 1, 4], "uv": [126, 218]}
					]
				},
				{
					"name": "cabinex",
					"parent": "mid",
					"pivot": [0, 0, 0],
					"cubes": [
						{"origin": [-16, 33, -11], "size": [32, 1, 1], "pivot": [16, 17, -11], "rotation": [-57.5, 0, 0], "uv": [173, 139]},
						{"origin": [-16, 17, -11], "size": [32, 2, 1], "pivot": [16, 17, -11], "rotation": [-57.5, 0, 0], "uv": [132, 170]},
						{"origin": [-16, 32, -11], "size": [32, 1, 1], "pivot": [16, 17, -11], "rotation": [-57.5, 0, 0], "uv": [131, 173]},
						{"origin": [-16, 18, -11], "size": [1, 14, 1], "pivot": [16, 17, -11], "rotation": [-57.5, 0, 0], "uv": [86, 126]},
						{"origin": [15, 18, -11], "size": [1, 14, 1], "pivot": [47, 17, -11], "rotation": [-57.5, 0, 0], "uv": [82, 126]},
						{"origin": [16, 17, -11], "size": [1, 17, 1], "pivot": [17, 17, -11], "rotation": [-57.5, 0, 0], "uv": [4, 204]},
						{"origin": [16, 18, -10], "size": [1, 16, 1], "pivot": [17, 17, -11], "rotation": [-57.5, 0, 0], "uv": [4, 174]},
						{"origin": [-17, 18, -10], "size": [1, 16, 1], "pivot": [-16, 17, -11], "rotation": [-57.5, 0, 0], "uv": [0, 174]},
						{"origin": [-17, 17, -11], "size": [1, 17, 1], "pivot": [-16, 17, -11], "rotation": [-57.5, 0, 0], "uv": [33, 92]},
						{"origin": [16, 26.4, 2.95], "size": [1, 1, 1], "pivot": [17, 26, 3], "rotation": [-75, 0, 0], "uv": [199, 204]},
						{"origin": [16, 26.4, 3.95], "size": [1, 1, 1], "pivot": [17, 26, 3], "rotation": [-75, 0, 0], "uv": [38, 204]},
						{"origin": [-17, 26.4, 3.95], "size": [1, 1, 1], "pivot": [-16, 26, 3], "rotation": [-75, 0, 0], "uv": [20, 204]},
						{"origin": [-17, 26.4, 2.95], "size": [1, 1, 1], "pivot": [-16, 26, 3], "rotation": [-75, 0, 0], "uv": [203, 90]},
						{"origin": [-16, 26.4, 2.95], "size": [32, 1, 1], "pivot": [-15, 26, 3], "rotation": [-75, 0, 0], "uv": [0, 172]},
						{"origin": [16, 26.395, 3.635], "size": [1, 1, 1], "pivot": [17, 26, 4], "rotation": [-82.5, 0, 0], "uv": [203, 88]},
						{"origin": [16, 26.395, 4.635], "size": [1, 1, 1], "pivot": [17, 26, 4], "rotation": [-82.5, 0, 0], "uv": [19, 201]},
						{"origin": [-17, 26.395, 4.635], "size": [1, 1, 1], "pivot": [-16, 26, 4], "rotation": [-82.5, 0, 0], "uv": [131, 199]},
						{"origin": [-16, 26.395, 3.635], "size": [32, 1, 1], "pivot": [16, 26, 4], "rotation": [-82.5, 0, 0], "uv": [166, 126]},
						{"origin": [-17, 26.395, 3.635], "size": [1, 1, 1], "pivot": [-16, 26, 4], "rotation": [-82.5, 0, 0], "uv": [118, 199]},
						{"origin": [16, 27.345, 5.455], "size": [1, 8, 1], "pivot": [17, 27, 5], "rotation": [-90, 0, 0], "uv": [145, 141]},
						{"origin": [16, 26.345, 5.455], "size": [1, 8, 1], "pivot": [17, 26, 5], "rotation": [-90, 0, 0], "uv": [141, 141]},
						{"origin": [-17, 26.345, 5.455], "size": [1, 8, 1], "pivot": [-16, 26, 5], "rotation": [-90, 0, 0], "uv": [8, 79]},
						{"origin": [16, 7, 6], "size": [1, 24, 1], "pivot": [17, 19, 5], "rotation": [-90, 0, 0], "uv": [0, 204]},
						{"origin": [-17, 7, 6], "size": [1, 24, 1], "pivot": [-16, 19, 5], "rotation": [-90, 0, 0], "uv": [24, 125]},
						{"origin": [-17, 17, 21], "size": [1, 14, 1], "pivot": [-17, 17, 22], "rotation": [-90, 8.5, 0], "uv": [78, 126]},
						{"origin": [16, 17, 21], "size": [1, 14, 1], "pivot": [17, 17, 22], "rotation": [-90, -8.5, 0], "uv": [54, 45]},
						{"origin": [-16, 27.345, 5.455], "size": [32, 7, 1], "pivot": [16, 27, 5], "rotation": [-90, 0, 0], "uv": [90, 74]},
						{"origin": [-17, 27.345, 5.455], "size": [1, 8, 1], "pivot": [-16, 27, 5], "rotation": [-90, 0, 0], "uv": [76, 60]},
						{"origin": [16, 27.345, 13.44], "size": [1, 6, 1], "pivot": [17, 27, 13], "rotation": [-92.5, 0, 0], "uv": [200, 222]},
						{"origin": [16, 27.345, 14.44], "size": [1, 1, 1], "pivot": [17, 27, 13], "rotation": [-92.5, 0, 0], "uv": [112, 199]},
						{"origin": [-17, 27.345, 14.44], "size": [1, 1, 1], "pivot": [-16, 27, 13], "rotation": [-92.5, 0, 0], "uv": [6, 199]},
						{"origin": [-17, 27.5, 14.44], "size": [1, 1, 1], "pivot": [-16, 27, 13], "rotation": [-92.5, 0, 0], "uv": [0, 199]},
						{"origin": [16, 27.5, 14.44], "size": [1, 1, 1], "pivot": [17, 27, 13], "rotation": [-92.5, 0, 0], "uv": [106, 198]},
						{"origin": [-16, 27.345, 12.44], "size": [32, 6, 1], "pivot": [16, 27, 12], "rotation": [-92.5, 0, 0], "uv": [161, 35]},
						{"origin": [-17, 27.345, 13.44], "size": [1, 6, 1], "pivot": [-16, 27, 13], "rotation": [-92.5, 0, 0], "uv": [196, 222]},
						{"origin": [16, 33.345, 13.44], "size": [1, 1, 1], "pivot": [17, 27, 13], "rotation": [-92.5, 0, 0], "uv": [100, 198]},
						{"origin": [-16, 33.345, 13.44], "size": [32, 1, 1], "pivot": [16, 27, 13], "rotation": [-92.5, 0, 0], "uv": [163, 14]},
						{"origin": [-16, 33.345, 12.44], "size": [32, 1, 1], "pivot": [16, 27, 12], "rotation": [-92.5, 0, 0], "uv": [161, 50]},
						{"origin": [-17, 33.345, 13.44], "size": [1, 1, 1], "pivot": [-16, 27, 13], "rotation": [-92.5, 0, 0], "uv": [93, 198]},
						{"origin": [16, 26.30804, 19.65], "size": [1, 21, 1], "pivot": [17, 26, 20], "rotation": [-117.5, -7.5, 0], "uv": [32, 51]},
						{"origin": [-14, 42.30804, 19.8], "size": [28, 5, 1], "pivot": [14, 26, 20], "rotation": [-117.5, 0, 0], "uv": [173, 141]},
						{"origin": [-17, 26.30804, 19.65], "size": [1, 21, 1], "pivot": [-17, 26, 20], "rotation": [-117.5, 7.5, 0], "uv": [38, 50]},
						{"origin": [16, 25.30328, 16.52819], "size": [1, 5, 10], "pivot": [17, 26, 15], "rotation": [-70, 0, 0], "uv": [52, 191]},
						{"origin": [16, 24.30328, 15.52819], "size": [1, 1, 9], "pivot": [17, 26, 15], "rotation": [-70, 0, 0], "uv": [15, 201]},
						{"origin": [-17, 24.30328, 15.52819], "size": [1, 1, 9], "pivot": [-16, 26, 15], "rotation": [-70, 0, 0], "uv": [64, 191]},
						{"origin": [-17, 24.30328, 15.286], "size": [1, 1, 1], "pivot": [-16, 26, 15], "rotation": [-70, 0, 0], "uv": [87, 198]},
						{"origin": [16, 24.30328, 15.286], "size": [1, 1, 1], "pivot": [17, 26, 15], "rotation": [-70, 0, 0], "uv": [118, 197]},
						{"origin": [-17, 25.30328, 16.52819], "size": [1, 5, 10], "pivot": [-17, 26, 15], "rotation": [-70, 0, 0], "uv": [17, 36]},
						{"origin": [16, 25.30328, 15.52819], "size": [1, 3, 1], "pivot": [17, 26, 15], "rotation": [-70, 0, 0], "uv": [0, 63]},
						{"origin": [16, 25.30328, 15], "size": [1, 1, 1], "pivot": [17, 26, 15], "rotation": [-70, 0, 0], "uv": [112, 197]},
						{"origin": [-17, 25.30328, 15], "size": [1, 1, 1], "pivot": [-16, 26, 15], "rotation": [-70, 0, 0], "uv": [6, 197]},
						{"origin": [-17, 25.30328, 15.52819], "size": [1, 3, 1], "pivot": [-16, 26, 15], "rotation": [-70, 0, 0], "uv": [62, 55]}
					]
				},
				{
					"name": "sml",
					"parent": "cabinex",
					"pivot": [0, 0, 0],
					"cubes": [
						{"origin": [17, 17, -8], "size": [1, 1, 1], "uv": [0, 197]},
						{"origin": [17, 17.8, -8], "size": [1, 1, 1], "uv": [106, 196]},
						{"origin": [18, 17, -8], "size": [2, 2, 1], "pivot": [18, 17, -8], "rotation": [0, -32.5, 0], "uv": [173, 222]}
					]
				},
				{
					"name": "smr",
					"parent": "cabinex",
					"pivot": [-35, 0, 0],
					"cubes": [
						{"origin": [-18, 17, -8], "size": [1, 1, 1], "uv": [100, 196]},
						{"origin": [-18, 17.8, -8], "size": [1, 1, 1], "uv": [93, 196]},
						{"origin": [-20, 17, -8], "size": [2, 2, 1], "pivot": [-18, 17, -8], "rotation": [0, 32.5, 0], "uv": [8, 208]}
					]
				},
				{
					"name": "cabinin",
					"parent": "mid",
					"pivot": [0, 0, -1],
					"cubes": [
						{"origin": [3, 11, -13], "size": [13, 6, 6], "uv": [171, 188]},
						{"origin": [-16, 11, -13], "size": [13, 6, 6], "uv": [181, 20]},
						{"origin": [-7, 5, -14], "size": [2, 1, 4], "pivot": [-3, -2, -12], "rotation": [-2.5, 0, 0], "uv": [32, 131]},
						{"origin": [-6.5, 4.5, -14], "size": [1, 1, 4], "uv": [116, 218]},
						{"origin": [-9.5, 4.5, -14], "size": [1, 1, 4], "uv": [40, 218]},
						{"origin": [-10, 5, -14], "size": [2, 1, 4], "pivot": [-6, -2, -12], "rotation": [-2.5, 0, 0], "uv": [64, 130]},
						{"origin": [-3, 4, -13], "size": [6, 13, 6], "uv": [0, 125]},
						{"origin": [-3, 4, -7], "size": [6, 5, 22], "uv": [139, 139]}
					]
				},
				{
					"name": "pecutan",
					"parent": "cabinin",
					"pivot": [0, 0, 0],
					"cubes": [
						{"origin": [-12.5, 4.5, -14], "size": [1, 1, 4], "uv": [215, 131]},
						{"origin": [-13, 5, -14], "size": [2, 1, 4], "pivot": [-9, -2, -12], "rotation": [-2.5, 0, 0], "uv": [64, 125]}
					]
				},
				{
					"name": "driversseat",
					"parent": "cabinin",
					"pivot": [0, 0, -1],
					"cubes": [
						{"origin": [-4, 9, 0], "size": [1, 1, 12], "uv": [26, 191]},
						{"origin": [-15, 9, 0], "size": [1, 1, 12], "uv": [189, 81]},
						{"origin": [-14, 4, 0], "size": [10, 5, 12], "uv": [32, 125]},
						{"origin": [-4, 9, 2], "size": [1, 1, 9], "pivot": [-3, 9, 11], "rotation": [-100, 0, 0], "uv": [40, 191]},
						{"origin": [-4, 9, 1.75], "size": [1, 1, 1], "pivot": [-3, 9, 11], "rotation": [-100, 0, 0], "uv": [87, 196]},
						{"origin": [-15, 9, 1.75], "size": [1, 1, 1], "pivot": [-14, 9, 11], "rotation": [-100, 0, 0], "uv": [45, 195]},
						{"origin": [-14, 10, 1.75], "size": [10, 1, 1], "pivot": [-14, 9, 11], "rotation": [-100, 0, 0], "uv": [62, 155]},
						{"origin": [-4, 17.59322, 11.21057], "size": [1, 1, 2], "pivot": [-3, 18, 13], "rotation": [-90, 0, 0], "uv": [171, 203]},
						{"origin": [-15, 17.59322, 11.21057], "size": [1, 1, 2], "pivot": [-14, 18, 13], "rotation": [-90, 0, 0], "uv": [171, 200]},
						{"origin": [-14, 17.59322, 12.21057], "size": [10, 1, 2], "pivot": [-13, 18, 14], "rotation": [-90, 0, 0], "uv": [185, 32]},
						{"origin": [-14, 18.59322, 11.21057], "size": [3, 1, 1], "pivot": [-13, 19, 13], "rotation": [-90, 0, 0], "uv": [103, 22]},
						{"origin": [-15.55, 20.59322, 13.15], "size": [1, 1, 1], "pivot": [-14, 21, 13], "rotation": [-90, 0, -45], "uv": [118, 194]},
						{"origin": [-12.55, 21.59322, 13.15], "size": [1, 1, 1], "pivot": [-11, 22, 13], "rotation": [-90, 0, -45], "uv": [112, 194]},
						{"origin": [-15.15, 20.59322, 13.15], "size": [1, 1, 1], "pivot": [-14, 21, 13], "rotation": [-90, 0, -45], "uv": [6, 194]},
						{"origin": [-12.15, 21.59322, 13.15], "size": [1, 1, 1], "pivot": [-11, 22, 13], "rotation": [-90, 0, -45], "uv": [0, 194]},
						{"origin": [-7, 18.59322, 11.21057], "size": [3, 1, 1], "pivot": [-7, 19, 13], "rotation": [-90, 0, 0], "uv": [80, 76]},
						{"origin": [-3.45, 20.59322, 13.15], "size": [1, 1, 1], "pivot": [-4, 21, 13], "rotation": [-90, 0, 45], "uv": [106, 193]},
						{"origin": [-6.45, 21.59322, 13.15], "size": [1, 1, 1], "pivot": [-7, 22, 13], "rotation": [-90, 0, 45], "uv": [100, 193]},
						{"origin": [-3.85, 20.59322, 13.15], "size": [1, 1, 1], "pivot": [-4, 21, 13], "rotation": [-90, 0, 45], "uv": [93, 193]},
						{"origin": [-6.85, 21.59322, 13.15], "size": [1, 1, 1], "pivot": [-7, 22, 13], "rotation": [-90, 0, 45], "uv": [87, 193]},
						{"origin": [-11, 19.59322, 11.21057], "size": [4, 1, 1], "pivot": [-10, 20, 13], "rotation": [-90, 0, 0], "uv": [78, 123]},
						{"origin": [-15, 9, 2], "size": [1, 1, 9], "pivot": [-14, 9, 11], "rotation": [-100, 0, 0], "uv": [141, 141]},
						{"origin": [-14, 10, 2], "size": [10, 1, 10], "pivot": [-13, 9, 11], "rotation": [-100, 0, 0], "uv": [173, 147]},
						{"origin": [-7, 10, 4], "size": [1, 1, 1], "pivot": [-13, 9, 13], "rotation": [-90, 0, 0], "uv": [81, 193]},
						{"origin": [-11, -3, 11], "size": [5, 2, 1], "pivot": [-13, -4, 20], "rotation": [-90, 0, 0], "uv": [32, 218]},
						{"origin": [-7, 18, 15], "size": [1, 15, 1], "pivot": [-6, 18, 15], "rotation": [-150, 0, 0], "uv": [25, 174]},
						{"origin": [-11.8, 18, 15], "size": [1, 15, 1], "pivot": [-11, 18, 15], "rotation": [-150, 0, 0], "uv": [21, 174]},
						{"origin": [-11.8, 10, 4], "size": [1, 1, 1], "pivot": [-18, 9, 13], "rotation": [-90, 0, 0], "uv": [75, 193]}
					]
				},
				{
					"name": "passengerseat",
					"parent": "cabinin",
					"pivot": [18, 0, -1],
					"cubes": [
						{"origin": [14, 9, 0], "size": [1, 1, 12], "uv": [188, 170]},
						{"origin": [3, 9, 0], "size": [1, 1, 12], "uv": [127, 175]},
						{"origin": [4, 4, 0], "size": [10, 5, 12], "uv": [39, 79]},
						{"origin": [14, 9, 2], "size": [1, 1, 9], "pivot": [15, 9, 11], "rotation": [-100, 0, 0], "uv": [16, 79]},
						{"origin": [14, 9, 1.75], "size": [1, 1, 1], "pivot": [15, 9, 11], "rotation": [-100, 0, 0], "uv": [57, 193]},
						{"origin": [3, 9, 1.75], "size": [1, 1, 1], "pivot": [4, 9, 11], "rotation": [-100, 0, 0], "uv": [51, 193]},
						{"origin": [4, 10, 1.75], "size": [10, 1, 1], "pivot": [4, 9, 11], "rotation": [-100, 0, 0], "uv": [122, 72]},
						{"origin": [14, 17.59322, 11.21057], "size": [1, 1, 2], "pivot": [15, 18, 13], "rotation": [-90, 0, 0], "uv": [67, 187]},
						{"origin": [3, 17.59322, 11.21057], "size": [1, 1, 2], "pivot": [4, 18, 13], "rotation": [-90, 0, 0], "uv": [98, 186]},
						{"origin": [4, 17.59322, 12.21057], "size": [10, 1, 2], "pivot": [5, 18, 14], "rotation": [-90, 0, 0], "uv": [0, 152]},
						{"origin": [4, 18.59322, 11.21057], "size": [3, 1, 1], "pivot": [5, 19, 13], "rotation": [-90, 0, 0], "uv": [34, 76]},
						{"origin": [2.45, 20.59322, 13.15], "size": [1, 1, 1], "pivot": [4, 21, 13], "rotation": [-90, 0, -45], "uv": [118, 192]},
						{"origin": [5.45, 21.59322, 13.15], "size": [1, 1, 1], "pivot": [7, 22, 13], "rotation": [-90, 0, -45], "uv": [112, 192]},
						{"origin": [2.85, 20.59322, 13.15], "size": [1, 1, 1], "pivot": [4, 21, 13], "rotation": [-90, 0, -45], "uv": [6, 192]},
						{"origin": [5.85, 21.59322, 13.15], "size": [1, 1, 1], "pivot": [7, 22, 13], "rotation": [-90, 0, -45], "uv": [0, 192]},
						{"origin": [11, 18.59322, 11.21057], "size": [3, 1, 1], "pivot": [11, 19, 13], "rotation": [-90, 0, 0], "uv": [46, 42]},
						{"origin": [14.55, 20.59322, 13.15], "size": [1, 1, 1], "pivot": [14, 21, 13], "rotation": [-90, 0, 45], "uv": [106, 191]},
						{"origin": [11.55, 21.59322, 13.15], "size": [1, 1, 1], "pivot": [11, 22, 13], "rotation": [-90, 0, 45], "uv": [100, 191]},
						{"origin": [14.15, 20.59322, 13.15], "size": [1, 1, 1], "pivot": [14, 21, 13], "rotation": [-90, 0, 45], "uv": [93, 191]},
						{"origin": [11.15, 21.59322, 13.15], "size": [1, 1, 1], "pivot": [11, 22, 13], "rotation": [-90, 0, 45], "uv": [87, 191]},
						{"origin": [7, 19.59322, 11.21057], "size": [4, 1, 1], "pivot": [8, 20, 13], "rotation": [-90, 0, 0], "uv": [25, 32]},
						{"origin": [3, 9, 2], "size": [1, 1, 9], "pivot": [4, 9, 11], "rotation": [-100, 0, 0], "uv": [62, 45]},
						{"origin": [4, 10, 2], "size": [10, 1, 10], "pivot": [5, 9, 11], "rotation": [-100, 0, 0], "uv": [0, 63]},
						{"origin": [10.8, 10, 4], "size": [1, 1, 1], "pivot": [5, 9, 13], "rotation": [-90, 0, 0], "uv": [81, 191]},
						{"origin": [6, -3, 11], "size": [5, 2, 1], "pivot": [4, -4, 20], "rotation": [-90, 0, 0], "uv": [217, 191]},
						{"origin": [10.8, 18, 15], "size": [1, 15, 1], "pivot": [12, 18, 15], "rotation": [-150, 0, 0], "uv": [12, 174]},
						{"origin": [6, 18, 15], "size": [1, 15, 1], "pivot": [7, 18, 15], "rotation": [-150, 0, 0], "uv": [8, 174]},
						{"origin": [6, 10, 4], "size": [1, 1, 1], "pivot": [0, 9, 13], "rotation": [-90, 0, 0], "uv": [75, 191]},
						{"origin": [-10, 13, -7.5], "size": [3, 3, 1], "uv": [64, 195]},
						{"origin": [-9, 14.5, -7], "size": [1, 1, 3], "pivot": [-8, 15, -4], "rotation": [10, 0, 0], "uv": [40, 195]},
						{"origin": [-8, 14.1527, -6.03038], "size": [3, 1, 1], "pivot": [-8, 15, -6], "rotation": [10, 0, -5], "uv": [27, 6]},
						{"origin": [-12, 14.1527, -6.03038], "size": [3, 1, 1], "pivot": [-9, 15, -6], "rotation": [10, 0, 5], "uv": [17, 6]}
					]
				},
				{
					"name": "stickshift",
					"parent": "cabinin",
					"pivot": [0, 0, -1],
					"cubes": [
						{"origin": [-2, 9, -5], "size": [4, 1, 5], "uv": [17, 9]},
						{"origin": [-1.5, 9.6, -4.5], "size": [3, 1, 4], "uv": [109, 174]},
						{"origin": [-0.5, 10.6, -3], "size": [1, 3, 1], "pivot": [1, 11, -3], "rotation": [-17.5, 0, 0], "uv": [23, 41]}
					]
				},
				{
					"name": "handbrake",
					"parent": "cabinin",
					"pivot": [0, 0, -1],
					"cubes": [
						{"origin": [-2, 9, 7], "size": [2, 2, 2], "uv": [163, 192]},
						{"origin": [-1.5, 10, 3], "size": [1, 1, 4], "pivot": [0, 10, 7], "rotation": [-2.5, 0, 0], "uv": [162, 215]},
						{"origin": [-2, 9, 9], "size": [2, 2, 3], "pivot": [0, 11, 9], "rotation": [-42.5, 0, 0], "uv": [110, 216]}
					]
				},
				{
					"name": "steeringwheel",
					"parent": "cabinin",
					"pivot": [-8.5, 15, -1],
					"cubes": [
						{"origin": [-10, 13.5, -4.5], "size": [3, 3, 1], "uv": [29, 192]},
						{"origin": [-7, 14.5, -4.5], "size": [2, 1, 1], "uv": [223, 85]},
						{"origin": [-12, 14.5, -4.5], "size": [2, 1, 1], "uv": [223, 22]},
						{"origin": [-9, 11.5, -4.5], "size": [1, 2, 1], "uv": [64, 130]}
					]
				},
				{
					"name": "sw1",
					"parent": "steeringwheel",
					"pivot": [-8.5, 15, -1],
					"cubes": [
						{"origin": [-9, 18.5, -4.5], "size": [1, 1, 1], "uv": [69, 191]},
						{"origin": [-9, 18.5, -4.5], "size": [1, 1, 1], "pivot": [-8.5, 15, -4], "rotation": [0, 0, 12.5], "uv": [57, 191]},
						{"origin": [-9, 18.5, -4.5], "size": [1, 1, 1], "pivot": [-8.5, 15, -4], "rotation": [0, 0, 37.5], "uv": [51, 191]},
						{"origin": [-9, 18.5, -4.5], "size": [1, 1, 1], "pivot": [-8.5, 15, -4], "rotation": [0, 0, 50], "uv": [45, 191]},
						{"origin": [-9, 18.5, -4.5], "size": [1, 1, 1], "pivot": [-8.5, 15, -4], "rotation": [0, 0, 62.5], "uv": [173, 188]},
						{"origin": [-9, 18.5, -4.5], "size": [1, 1, 1], "pivot": [-8.5, 15, -4], "rotation": [0, 0, 75], "uv": [63, 188]},
						{"origin": [-9, 18.5, -4.5], "size": [1, 1, 1], "pivot": [-8.5, 15, -4], "rotation": [0, 0, 25], "uv": [121, 187]}
					]
				},
				{
					"name": "sw2",
					"parent": "steeringwheel",
					"pivot": [-8.5, 15, -1],
					"rotation": [0, 0, 87.5],
					"cubes": [
						{"origin": [-9, 18.5, -4.5], "size": [1, 1, 1], "uv": [102, 186]},
						{"origin": [-9, 18.5, -4.5], "size": [1, 1, 1], "pivot": [-8.5, 15, -1], "rotation": [0, 0, 12.5], "uv": [167, 182]},
						{"origin": [-9, 18.5, -4.5], "size": [1, 1, 1], "pivot": [-8.5, 15, -1], "rotation": [0, 0, 37.5], "uv": [161, 182]},
						{"origin": [-9, 18.5, -4.5], "size": [1, 1, 1], "pivot": [-8.5, 15, -1], "rotation": [0, 0, 50], "uv": [103, 182]},
						{"origin": [-9, 18.5, -4.5], "size": [1, 1, 1], "pivot": [-8.5, 15, -1], "rotation": [0, 0, 62.5], "uv": [50, 182]},
						{"origin": [-9, 18.5, -4.5], "size": [1, 1, 1], "pivot": [-8.5, 15, -1], "rotation": [0, 0, 75], "uv": [167, 180]},
						{"origin": [-9, 18.5, -4.5], "size": [1, 1, 1], "pivot": [-8.5, 15, -1], "rotation": [0, 0, 25], "uv": [161, 180]}
					]
				},
				{
					"name": "sw3",
					"parent": "steeringwheel",
					"pivot": [-8.5, 15, -1],
					"rotation": [0, 0, 175],
					"cubes": [
						{"origin": [-9, 18.5, -4.5], "size": [1, 1, 1], "uv": [179, 154]},
						{"origin": [-9, 18.5, -4.5], "size": [1, 1, 1], "pivot": [-8.5, 15, -1], "rotation": [0, 0, 12.5], "uv": [179, 152]},
						{"origin": [-9, 18.5, -4.5], "size": [1, 1, 1], "pivot": [-8.5, 15, -1], "rotation": [0, 0, 37.5], "uv": [179, 149]},
						{"origin": [-9, 18.5, -4.5], "size": [1, 1, 1], "pivot": [-8.5, 15, -1], "rotation": [0, 0, 50], "uv": [179, 147]},
						{"origin": [-9, 18.5, -4.5], "size": [1, 1, 1], "pivot": [-8.5, 15, -1], "rotation": [0, 0, 62.5], "uv": [120, 179]},
						{"origin": [-9, 18.5, -4.5], "size": [1, 1, 1], "pivot": [-8.5, 15, -1], "rotation": [0, 0, 75], "uv": [50, 178]},
						{"origin": [-9, 18.5, -4.5], "size": [1, 1, 1], "pivot": [-8.5, 15, -1], "rotation": [0, 0, 25], "uv": [167, 177]}
					]
				},
				{
					"name": "sw4",
					"parent": "steeringwheel",
					"pivot": [-8.5, 15, -1],
					"rotation": [0, 0, -97.5],
					"cubes": [
						{"origin": [-9, 18.5, -4.5], "size": [1, 1, 1], "uv": [161, 177]},
						{"origin": [-9, 18.5, -4.5], "size": [1, 1, 1], "pivot": [-8.5, 15, -1], "rotation": [0, 0, 12.5], "uv": [109, 176]},
						{"origin": [-9, 18.5, -4.5], "size": [1, 1, 1], "pivot": [-8.5, 15, -1], "rotation": [0, 0, 37.5], "uv": [167, 175]},
						{"origin": [-9, 18.5, -4.5], "size": [1, 1, 1], "pivot": [-8.5, 15, -1], "rotation": [0, 0, 50], "uv": [161, 175]},
						{"origin": [-9, 18.5, -4.5], "size": [1, 1, 1], "pivot": [-8.5, 15, -1], "rotation": [0, 0, 62.5], "uv": [109, 174]},
						{"origin": [-9, 18.5, -4.5], "size": [1, 1, 1], "pivot": [-8.5, 15, -1], "rotation": [0, 0, 75], "uv": [50, 174]},
						{"origin": [-9, 18.5, -4.5], "size": [1, 1, 1], "pivot": [-8.5, 15, -1], "rotation": [0, 0, 87.5], "uv": [173, 154]},
						{"origin": [-9, 18.5, -4.5], "size": [1, 1, 1], "pivot": [-8.5, 15, -1], "rotation": [0, 0, 25], "uv": [173, 152]}
					]
				},
				{
					"name": "rvm",
					"parent": "cabinin",
					"pivot": [0, 0, -1],
					"cubes": [
						{"origin": [-0.5, 24.6, 3], "size": [1, 1, 1], "uv": [173, 149]},
						{"origin": [-2.5, 22.6, 3], "size": [5, 2, 1], "uv": [217, 177]}
					]
				},
				{
					"name": "back",
					"pivot": [0, 0, 2],
					"cubes": [
						{"origin": [17, 4, 33], "size": [1, 1, 3], "uv": [13, 192]},
						{"origin": [17, 5, 33], "size": [1, 11, 3], "uv": [0, 79]},
						{"origin": [-18, 5, 33], "size": [1, 11, 3], "uv": [46, 46]},
						{"origin": [-18, 9, 36], "size": [1, 7, 4], "uv": [78, 112]},
						{"origin": [17, 9, 36], "size": [1, 7, 4], "uv": [39, 79]},
						{"origin": [-18, 4, 33], "size": [1, 1, 3], "uv": [64, 191]},
						{"origin": [-17, 4, 33], "size": [34, 1, 3], "uv": [160, 61]},
						{"origin": [17, 4, 36], "size": [1, 1, 7], "pivot": [18, 4, 36], "rotation": [15, 0, 0], "uv": [90, 98]},
						{"origin": [-17, 4, 36], "size": [34, 1, 7], "pivot": [17, 4, 36], "rotation": [15, 0, 0], "uv": [110, 128]},
						{"origin": [-18, 4, 36], "size": [1, 1, 7], "pivot": [-17, 4, 36], "rotation": [15, 0, 0], "uv": [90, 90]},
						{"origin": [-18, 6, 36], "size": [1, 3, 7], "uv": [85, 36]},
						{"origin": [-18, 5, 36], "size": [1, 1, 3], "uv": [40, 191]},
						{"origin": [17, 5, 36], "size": [1, 1, 3], "uv": [98, 182]},
						{"origin": [17, 5.5, 39], "size": [1, 1, 1], "uv": [173, 147]},
						{"origin": [-18, 5.5, 39], "size": [1, 1, 1], "uv": [172, 8]},
						{"origin": [17, 6, 36], "size": [1, 3, 7], "uv": [71, 79]},
						{"origin": [17, 4, 42.3], "size": [1, 1, 1], "pivot": [18, 4, 36], "rotation": [15, 0, 0], "uv": [172, 4]},
						{"origin": [-17, 4, 40.3], "size": [2, 1, 1], "pivot": [-16, 4, 34], "rotation": [15, 0, 0], "uv": [223, 19]},
						{"origin": [-10, 4, 42.3], "size": [20, 1, 1], "pivot": [-12, 4, 36], "rotation": [15, 0, 0], "uv": [0, 74]},
						{"origin": [15, 4, 40.3], "size": [2, 1, 1], "pivot": [17, 4, 34], "rotation": [15, 0, 0], "uv": [212, 223]},
						{"origin": [-18, 4, 42.3], "size": [1, 1, 1], "pivot": [-17, 4, 36], "rotation": [15, 0, 0], "uv": [172, 0]},
						{"origin": [17, 16, 17], "size": [1, 1, 16], "uv": [143, 175]},
						{"origin": [-18, 16, 17], "size": [1, 1, 16], "uv": [109, 175]},
						{"origin": [-15, 16, 23], "size": [30, 1, 16], "uv": [85, 36]},
						{"origin": [-11, 4, 23], "size": [22, 12, 1], "uv": [39, 96]},
						{"origin": [11, 16, 16], "size": [5, 1, 7], "uv": [202, 166]},
						{"origin": [-16, 16, 16], "size": [5, 1, 7], "uv": [198, 158]},
						{"origin": [-17, 16, 23], "size": [2, 1, 16], "uv": [21, 174]},
						{"origin": [15, 16, 23], "size": [2, 1, 16], "uv": [90, 90]},
						{"origin": [-18, 15, 17], "size": [1, 1, 16], "uv": [91, 174]},
						{"origin": [17, 15, 17], "size": [1, 1, 16], "uv": [57, 174]},
						{"origin": [17, 16, 33], "size": [1, 1, 8], "uv": [109, 112]},
						{"origin": [-18, 16, 33], "size": [1, 1, 8], "uv": [17, 0]},
						{"origin": [-17, 16, 38], "size": [34, 1, 3], "uv": [160, 57]},
						{"origin": [-18, 11, 42], "size": [36, 1, 2], "pivot": [23, 12, 40], "rotation": [90, 0, 0], "uv": [110, 136]},
						{"origin": [4, 8, 42], "size": [14, 1, 3], "pivot": [38, 9, 40], "rotation": [90, 0, 0], "uv": [185, 128]},
						{"origin": [-4, 8.2, 42], "size": [8, 1, 3], "pivot": [23, 9, 40], "rotation": [90, 0, 0], "uv": [139, 157]},
						{"origin": [-18, 8, 42], "size": [14, 1, 3], "pivot": [17, 9, 40], "rotation": [90, 0, 0], "uv": [179, 16]},
						{"origin": [-17, 10, 42], "size": [34, 3, 1], "pivot": [-17, 10, 43], "rotation": [67.5, 0, 0], "uv": [85, 68]},
						{"origin": [-17, 11, 38], "size": [34, 1, 1], "pivot": [23, 12, 40], "rotation": [90, 0, 0], "uv": [161, 44]},
						{"origin": [-17, 7, 41], "size": [34, 1, 3], "pivot": [23, 8, 42], "rotation": [90, 0, 0], "uv": [160, 53]},
						{"origin": [-17, 7, 40.2], "size": [34, 1, 1], "pivot": [23, 8, 42], "rotation": [90, 0, 0], "uv": [161, 42]},
						{"origin": [17, 10, 42], "size": [1, 2, 1], "pivot": [17, 10, 43], "rotation": [67.5, 0, 0], "uv": [129, 101]},
						{"origin": [17, 7, 41], "size": [1, 1, 3], "pivot": [24, 8, 42], "rotation": [90, 0, 0], "uv": [179, 20]},
						{"origin": [17, 7, 42], "size": [1, 1, 1], "pivot": [24, 8, 40], "rotation": [90, 0, 0], "uv": [75, 161]},
						{"origin": [17, 11.5, 42], "size": [1, 1, 1], "pivot": [17, 10, 43], "rotation": [67.5, 0, 0], "uv": [62, 159]},
						{"origin": [-18, 7, 41], "size": [1, 1, 3], "pivot": [-11, 8, 42], "rotation": [90, 0, 0], "uv": [151, 179]},
						{"origin": [-18, 10, 42], "size": [1, 2, 1], "pivot": [-18, 10, 43], "rotation": [67.5, 0, 0], "uv": [125, 86]},
						{"origin": [-18, 9, 42], "size": [1, 1, 1], "pivot": [-11, 9, 41], "rotation": [90, 0, 0], "uv": [62, 157]},
						{"origin": [-18, 7, 42], "size": [1, 2, 1], "pivot": [-11, 8, 41], "rotation": [90, 0, 0], "uv": [72, 125]},
						{"origin": [-18, 11.5, 42], "size": [1, 1, 1], "pivot": [-18, 10, 43], "rotation": [67.5, 0, 0], "uv": [22, 152]},
						{"origin": [17, 7, 42], "size": [1, 2, 1], "pivot": [24, 8, 41], "rotation": [90, 0, 0], "uv": [64, 125]},
						{"origin": [-12, 4, 17], "size": [1, 12, 15], "uv": [0, 36]},
						{"origin": [11, 4, 17], "size": [1, 12, 15], "uv": [0, 0]},
						{"origin": [-16.5, 6, 24], "size": [5, 2, 2], "uv": [26, 204]},
						{"origin": [11.5, 6, 24], "size": [5, 2, 2], "uv": [8, 204]},
						{"origin": [17.1, 8.84, 32], "size": [1, 1, 11], "uv": [0, 192]},
						{"origin": [-18.1, 8.84, 32], "size": [1, 1, 11], "uv": [74, 191]},
						{"origin": [-18.1, 8.84, 42.1], "size": [36, 1, 1], "uv": [160, 65]},
						{"origin": [17.1, 8.84, 42.1], "size": [1, 1, 1], "uv": [42, 151]}
					]
				},
				{
					"name": "spoiler",
					"parent": "back",
					"pivot": [0, -4, 1],
					"cubes": [
						{"origin": [16.1, 12, 32], "size": [1, 1, 2], "uv": [185, 132]},
						{"origin": [15.1, 12, 32], "size": [2, 1, 2], "uv": [16, 85]},
						{"origin": [-16.9, 12, 32], "size": [2, 1, 2], "uv": [62, 51]},
						{"origin": [-17.1, 12, 32], "size": [1, 1, 2], "uv": [153, 185]},
						{"origin": [-17.1, 12, 33], "size": [1, 1, 6], "pivot": [-17, 13, 33], "rotation": [10, -2.5, 0], "uv": [110, 97]},
						{"origin": [-17.1, 12, 38.05], "size": [1, 1, 1], "pivot": [-17, 13, 33], "rotation": [10, -2.5, 0], "uv": [32, 151]},
						{"origin": [16.1, 12, 33], "size": [1, 1, 6], "pivot": [17, 13, 33], "rotation": [10, 2.5, 0], "uv": [110, 90]},
						{"origin": [16.1, 12, 38.05], "size": [1, 1, 1], "pivot": [17, 13, 33], "rotation": [10, 2.5, 0], "uv": [42, 149]},
						{"origin": [-18, 6, 34], "size": [36, 1, 5], "pivot": [17, 6, 33], "rotation": [10, 0, 0], "uv": [129, 95]},
						{"origin": [-18, 6, 38.18], "size": [36, 1, 1], "pivot": [17, 6, 33], "rotation": [10, 0, 0], "uv": [0, 123]},
						{"origin": [-18, 7.05708, 38.91751], "size": [36, 1, 1], "uv": [103, 33]},
						{"origin": [16.4, 13.05708, 38.91751], "size": [1, 1, 1], "uv": [32, 149]},
						{"origin": [-17.4, 13.05708, 38.91751], "size": [1, 1, 1], "uv": [119, 147]},
						{"origin": [-17.5, 12, 34], "size": [35, 1, 4], "uv": [129, 101]}
					]
				},
				{
					"name": "wing",
					"parent": "back",
					"pivot": [0, 17, 40],
					"cubes": [
						{"origin": [13, 16, 41], "size": [1, 7, 1], "pivot": [14, 15, 41], "rotation": [-17.5, 0, 0], "uv": [33, 182]},
						{"origin": [13, 13.7456, 41.5], "size": [1, 2, 1], "pivot": [14, 16, 42], "rotation": [-60, 0, 0], "uv": [123, 96]},
						{"origin": [-14, 13.7456, 41.5], "size": [1, 2, 1], "pivot": [-13, 16, 42], "rotation": [-60, 0, 0], "uv": [123, 90]},
						{"origin": [13, 15.1, 41.5], "size": [1, 1, 1], "pivot": [14, 16, 42], "rotation": [-60, 0, 0], "uv": [143, 61]},
						{"origin": [-14, 15.1, 41.5], "size": [1, 1, 1], "pivot": [-13, 16, 42], "rotation": [-60, 0, 0], "uv": [143, 59]},
						{"origin": [-14, 16, 41], "size": [1, 7, 1], "pivot": [-13, 15, 41], "rotation": [-17.5, 0, 0], "uv": [29, 182]},
						{"origin": [-14, 16, 39], "size": [1, 2, 3], "uv": [118, 90]},
						{"origin": [13, 16, 39], "size": [1, 2, 3], "uv": [109, 112]},
						{"origin": [-14, 21, 39.9], "size": [1, 1, 4], "uv": [199, 204]},
						{"origin": [13, 21, 39.9], "size": [1, 1, 4], "uv": [112, 197]},
						{"origin": [-18, 22, 39], "size": [36, 1, 6], "uv": [103, 26]},
						{"origin": [-19, 22, 39], "size": [1, 1, 6], "uv": [85, 60]},
						{"origin": [18, 22, 39], "size": [1, 1, 6], "uv": [85, 53]},
						{"origin": [-19, 21, 39], "size": [1, 1, 4], "uv": [0, 197]},
						{"origin": [18, 21, 39], "size": [1, 1, 4], "uv": [100, 196]},
						{"origin": [-19, 21, 43], "size": [1, 1, 2], "pivot": [-19, 21, 43], "rotation": [27.5, 0, 0], "uv": [67, 183]},
						{"origin": [18, 21, 43], "size": [1, 1, 2], "pivot": [18, 21, 43], "rotation": [27.5, 0, 0], "uv": [67, 179]},
						{"origin": [-19, 21, 44.2], "size": [1, 1, 1], "pivot": [-19, 21, 43], "rotation": [27.5, 0, 0], "uv": [143, 55]},
						{"origin": [18, 21, 44.2], "size": [1, 1, 1], "pivot": [18, 21, 43], "rotation": [27.5, 0, 0], "uv": [143, 53]},
						{"origin": [13, 15, 38], "size": [1, 6, 1], "pivot": [14, 15, 41], "rotation": [-17.5, 0, 0], "uv": [192, 222]},
						{"origin": [-14, 15, 38], "size": [1, 6, 1], "pivot": [-13, 15, 41], "rotation": [-17.5, 0, 0], "uv": [188, 222]},
						{"origin": [-14, 15, 38], "size": [1, 6, 1], "pivot": [-13, 15, 41], "rotation": [-42.5, 0, 0], "uv": [184, 222]},
						{"origin": [13, 15, 38], "size": [1, 6, 1], "pivot": [14, 15, 41], "rotation": [-42.5, 0, 0], "uv": [205, 166]}
					]
				},
				{
					"name": "backtireguard",
					"parent": "back",
					"pivot": [0, 0, 51],
					"cubes": [
						{"origin": [-18, 9, 17], "size": [1, 6, 1], "uv": [202, 174]},
						{"origin": [17, 9, 17], "size": [1, 6, 1], "uv": [75, 182]},
						{"origin": [17, 9, 32], "size": [1, 6, 1], "uv": [100, 174]},
						{"origin": [-18, 9, 32], "size": [1, 6, 1], "uv": [84, 90]},
						{"origin": [17, 11, 31], "size": [1, 4, 1], "uv": [29, 36]},
						{"origin": [-18, 11, 31], "size": [1, 4, 1], "uv": [31, 26]},
						{"origin": [17, 11, 18], "size": [1, 4, 1], "uv": [30, 9]},
						{"origin": [-18, 11, 18], "size": [1, 4, 1], "uv": [17, 9]},
						{"origin": [17, 12, 19], "size": [1, 3, 1], "uv": [17, 41]},
						{"origin": [-18, 12, 19], "size": [1, 3, 1], "uv": [23, 36]},
						{"origin": [17, 12, 30], "size": [1, 3, 1], "uv": [17, 36]},
						{"origin": [-18, 12, 30], "size": [1, 3, 1], "uv": [25, 27]},
						{"origin": [17, 13, 29], "size": [1, 2, 1], "uv": [78, 112]},
						{"origin": [-18, 13, 29], "size": [1, 2, 1], "uv": [84, 108]},
						{"origin": [17, 13, 20], "size": [1, 2, 1], "uv": [90, 82]},
						{"origin": [-18, 13, 20], "size": [1, 2, 1], "uv": [38, 42]},
						{"origin": [17, 14, 21], "size": [1, 1, 2], "uv": [24, 152]},
						{"origin": [17, 14, 22.6], "size": [1, 1, 1], "uv": [119, 143]},
						{"origin": [17, 14, 26.6], "size": [1, 1, 1], "uv": [123, 103]},
						{"origin": [-18, 14, 26.6], "size": [1, 1, 1], "uv": [87, 122]},
						{"origin": [-18, 14, 22.6], "size": [1, 1, 1], "uv": [113, 117]},
						{"origin": [-18, 14, 21], "size": [1, 1, 2], "uv": [109, 117]},
						{"origin": [17, 14, 27], "size": [1, 1, 2], "uv": [0, 109]},
						{"origin": [-18, 14, 27], "size": [1, 1, 2], "uv": [31, 89]}
					]
				},
				{
					"name": "hexadecagon3",
					"parent": "backtireguard",
					"pivot": [26, -1, 50],
					"cubes": [
						{"origin": [16, 3.4087, 17], "size": [3, 5.1826, 1], "pivot": [19, 8.6, 17], "rotation": [0, 0, 7.5], "uv": [27, 0]},
						{"origin": [16, 4.4087, 32], "size": [3, 4.1826, 1], "pivot": [19, 8.6, 32], "rotation": [0, 0, 7.5], "uv": [0, 104]},
						{"origin": [16, 5.4087, 17], "size": [3, 3.1826, 1], "pivot": [18, 7, 25], "rotation": [-22.5, 0, 0], "uv": [141, 179]},
						{"origin": [16, 5.4087, 17], "size": [3, 3.1826, 1], "pivot": [18, 7, 25], "rotation": [-45, 0, 0], "uv": [29, 178]},
						{"origin": [16, 5.4087, 32], "size": [3, 3.1826, 1], "pivot": [18, 7, 25], "rotation": [45, 0, 0], "uv": [151, 175]},
						{"origin": [16, 5.4087, 32], "size": [3, 3.1826, 1], "pivot": [18, 7, 25], "rotation": [22.5, 0, 0], "uv": [141, 175]},
						{"origin": [16, 14, 23.4087], "size": [3, 1, 3.1826], "pivot": [18, 7, 25], "rotation": [22.5, 0, 0], "uv": [163, 4]},
						{"origin": [16, 14, 23.4087], "size": [3, 1, 3.1826], "uv": [163, 0]},
						{"origin": [16, 14, 23.4087], "size": [3, 1, 3.1826], "pivot": [18, 7, 25], "rotation": [-22.5, 0, 0], "uv": [110, 147]}
					]
				},
				{
					"name": "hexadecagon6",
					"parent": "backtireguard",
					"pivot": [54, -1, 50],
					"cubes": [
						{"origin": [12, 3.4087, 17], "size": [6, 5.1826, 1], "uv": [93, 135]},
						{"origin": [12, 4.4087, 32], "size": [6, 4.1826, 1], "uv": [56, 174]},
						{"origin": [12, 5.4087, 17], "size": [6, 3.1826, 1], "pivot": [46, 7, 25], "rotation": [-22.5, 0, 0], "uv": [193, 200]},
						{"origin": [12, 5.4087, 17], "size": [6, 3.1826, 1], "pivot": [46, 7, 25], "rotation": [-45, 0, 0], "uv": [145, 196]},
						{"origin": [12, 5.4087, 32], "size": [6, 3.1826, 1], "pivot": [46, 7, 25], "rotation": [45, 0, 0], "uv": [145, 192]},
						{"origin": [12, 5.4087, 32], "size": [6, 3.1826, 1], "pivot": [46, 7, 25], "rotation": [22.5, 0, 0], "uv": [109, 183]},
						{"origin": [12, 14, 23.4087], "size": [6, 1, 3.1826], "pivot": [46, 7, 25], "rotation": [22.5, 0, 0], "uv": [203, 187]},
						{"origin": [12, 14, 23.4087], "size": [6, 1, 3.1826], "uv": [109, 121]},
						{"origin": [12, 14, 23.4087], "size": [6, 1, 3.1826], "pivot": [46, 7, 25], "rotation": [-22.5, 0, 0], "uv": [16, 89]}
					]
				},
				{
					"name": "hexadecagon8",
					"parent": "backtireguard",
					"pivot": [23, -1, 50],
					"cubes": [
						{"origin": [-18, 3.4087, 17], "size": [6, 5.1826, 1], "uv": [85, 46]},
						{"origin": [-18, 4.4087, 32], "size": [6, 4.1826, 1], "uv": [62, 162]},
						{"origin": [-16, 5.4087, 17], "size": [4, 3.1826, 1], "pivot": [15, 7, 25], "rotation": [-22.5, 0, 0], "uv": [51, 196]},
						{"origin": [-16, 5.4087, 17], "size": [4, 3.1826, 1], "pivot": [15, 7, 25], "rotation": [-45, 0, 0], "uv": [195, 161]},
						{"origin": [-16, 5.4087, 32], "size": [4, 3.1826, 1], "pivot": [15, 7, 25], "rotation": [45, 0, 0], "uv": [27, 84]},
						{"origin": [-16, 5.4087, 32], "size": [4, 3.1826, 1], "pivot": [15, 7, 25], "rotation": [22.5, 0, 0], "uv": [73, 50]},
						{"origin": [-16, 14, 23.4087], "size": [4, 1, 3.1826], "pivot": [15, 7, 25], "rotation": [22.5, 0, 0], "uv": [56, 183]},
						{"origin": [-16, 14, 23.4087], "size": [4, 1, 3.1826], "uv": [109, 179]},
						{"origin": [-16, 14, 23.4087], "size": [4, 1, 3.1826], "pivot": [15, 7, 25], "rotation": [-22.5, 0, 0], "uv": [56, 179]}
					]
				},
				{
					"name": "hexadecagon7",
					"parent": "backtireguard",
					"pivot": [-9, -1, 50],
					"cubes": [
						{"origin": [-19, 3.4087, 17], "size": [3, 5.1826, 1], "pivot": [-19, 8.6, 17], "rotation": [0, 0, -7.5], "uv": [17, 0]},
						{"origin": [-19, 4.4087, 32], "size": [3, 4.1826, 1], "pivot": [-19, 8.6, 32], "rotation": [0, 0, -7.5], "uv": [103, 17]},
						{"origin": [-19, 5.4087, 17], "size": [3, 3.1826, 1], "pivot": [-17, 7, 25], "rotation": [-22.5, 0, 0], "uv": [29, 174]},
						{"origin": [-19, 5.4087, 17], "size": [3, 3.1826, 1], "pivot": [-17, 7, 25], "rotation": [-45, 0, 0], "uv": [152, 145]},
						{"origin": [-19, 5.4087, 32], "size": [3, 3.1826, 1], "pivot": [-17, 7, 25], "rotation": [45, 0, 0], "uv": [152, 141]},
						{"origin": [-19, 5.4087, 32], "size": [3, 3.1826, 1], "pivot": [-17, 7, 25], "rotation": [22.5, 0, 0], "uv": [119, 116]},
						{"origin": [-19, 14, 23.4087], "size": [3, 1, 3.1826], "pivot": [-17, 7, 25], "rotation": [22.5, 0, 0], "uv": [110, 143]},
						{"origin": [-19, 14, 23.4087], "size": [3, 1, 3.1826], "uv": [110, 139]},
						{"origin": [-19, 14, 23.4087], "size": [3, 1, 3.1826], "pivot": [-17, 7, 25], "rotation": [-22.5, 0, 0], "uv": [29, 42]}
					]
				},
				{
					"name": "exhaust",
					"parent": "back",
					"pivot": [0, 0, 2],
					"cubes": [
						{"origin": [12, 6, 36], "size": [3, 1, 4], "uv": [62, 157]},
						{"origin": [0.5, 4.8, 34], "size": [14, 1, 2], "uv": [173, 158]},
						{"origin": [-14.5, 3.8, 34], "size": [14, 1, 2], "uv": [0, 113]},
						{"origin": [-1, 2.8, -25], "size": [2, 1, 42], "uv": [0, 36]},
						{"origin": [-1.5, 2.7, -31], "size": [3, 1, 6], "uv": [124, 192]},
						{"origin": [-1, 3.8, 17], "size": [2, 1, 17], "pivot": [1, 4, 34], "rotation": [3.25, 0, 0], "uv": [0, 174]},
						{"origin": [-15, 4, 36], "size": [3, 1, 4], "uv": [32, 149]}
					]
				},
				{
					"name": "eright",
					"parent": "exhaust",
					"pivot": [-28, 1, 4],
					"cubes": [
						{"origin": [-14, 5, 40.9], "size": [1, 1, 3], "uv": [119, 112]},
						{"origin": [-14, 5, 40], "size": [1, 1, 4], "pivot": [-13.5, 6.5, 43], "rotation": [0, 0, 37.5], "uv": [87, 196]},
						{"origin": [-14, 5, 40], "size": [1, 1, 4], "pivot": [-13.5, 6.5, 43], "rotation": [0, 0, 75], "uv": [112, 192]},
						{"origin": [-14, 5, 40], "size": [1, 1, 4], "pivot": [-13.5, 6.5, 43], "rotation": [0, 0, 112.5], "uv": [0, 192]},
						{"origin": [-14, 5, 40], "size": [1, 1, 4], "pivot": [-13.5, 6.5, 43], "rotation": [0, 0, 150], "uv": [100, 191]},
						{"origin": [-14, 5, 40], "size": [1, 1, 4], "pivot": [-13.5, 6.5, 43], "rotation": [0, 0, -172.5], "uv": [87, 191]},
						{"origin": [-14, 5, 40], "size": [1, 1, 4], "pivot": [-13.5, 6.5, 43], "rotation": [0, 0, -135], "uv": [75, 191]},
						{"origin": [-14, 5, 40], "size": [1, 1, 4], "pivot": [-13.5, 6.5, 43], "rotation": [0, 0, -97.5], "uv": [51, 191]},
						{"origin": [-14, 5, 40], "size": [1, 1, 4], "pivot": [-13.5, 6.5, 43], "rotation": [0, 0, -60], "uv": [161, 180]},
						{"origin": [-14, 5, 40], "size": [1, 1, 4], "pivot": [-13.5, 6.5, 43], "rotation": [0, 0, -22.5], "uv": [161, 175]},
						{"origin": [-14, 5, 40], "size": [1, 1, 4], "pivot": [-13.5, 6.5, 43], "rotation": [0, 0, 7.5], "uv": [173, 152]},
						{"origin": [-14, 6, 42.8], "size": [1, 1, 1], "uv": [4, 109]}
					]
				},
				{
					"name": "eleft",
					"parent": "exhaust",
					"pivot": [-1, 2, 0],
					"cubes": [
						{"origin": [13, 6, 36.9], "size": [1, 1, 3], "uv": [118, 97]},
						{"origin": [13, 6, 36], "size": [1, 1, 4], "pivot": [13.5, 7.5, 39], "rotation": [0, 0, 37.5], "uv": [173, 147]},
						{"origin": [13, 6, 36], "size": [1, 1, 4], "pivot": [13.5, 7.5, 39], "rotation": [0, 0, 75], "uv": [26, 106]},
						{"origin": [13, 6, 36], "size": [1, 1, 4], "pivot": [13.5, 7.5, 39], "rotation": [0, 0, 112.5], "uv": [27, 79]},
						{"origin": [13, 6, 36], "size": [1, 1, 4], "pivot": [13.5, 7.5, 39], "rotation": [0, 0, 150], "uv": [73, 45]},
						{"origin": [13, 6, 36], "size": [1, 1, 4], "pivot": [13.5, 7.5, 39], "rotation": [0, 0, -172.5], "uv": [72, 36]},
						{"origin": [13, 7, 38.8], "size": [1, 1, 1], "uv": [29, 103]},
						{"origin": [13, 6, 36], "size": [1, 1, 4], "pivot": [13.5, 7.5, 39], "rotation": [0, 0, -135], "uv": [0, 68]},
						{"origin": [13, 6, 36], "size": [1, 1, 4], "pivot": [13.5, 7.5, 39], "rotation": [0, 0, -97.5], "uv": [0, 63]},
						{"origin": [13, 6, 36], "size": [1, 1, 4], "pivot": [13.5, 7.5, 39], "rotation": [0, 0, -60], "uv": [17, 41]},
						{"origin": [13, 6, 36], "size": [1, 1, 4], "pivot": [13.5, 7.5, 39], "rotation": [0, 0, -22.5], "uv": [17, 36]},
						{"origin": [13, 6, 36], "size": [1, 1, 4], "pivot": [13.5, 7.5, 39], "rotation": [0, 0, 7.5], "uv": [25, 27]}
					]
				},
				{
					"name": "fronttires",
					"pivot": [0, 7, -23]
				},
				{
					"name": "fronttire1",
					"parent": "fronttires",
					"pivot": [18, 7, -26]
				},
				{
					"name": "ftl",
					"parent": "fronttire1",
					"pivot": [24, -1, -31],
					"cubes": [
						{"origin": [13.5, 5.60761, -33], "size": [5, 2.78477, 1.6], "pivot": [16, 7, -26], "rotation": [45, 0, 0], "uv": [217, 174]},
						{"origin": [13.5, 5.60761, -33], "size": [5, 2.78477, 1.6], "pivot": [16, 7, -26], "rotation": [22.5, 0, 0], "uv": [211, 217]},
						{"origin": [13.5, 5.60761, -33], "size": [5, 2.78477, 1.6], "uv": [89, 217]},
						{"origin": [13.5, 5.60761, -33], "size": [5, 2.78477, 1.6], "pivot": [16, 7, -26], "rotation": [-22.5, 0, 0], "uv": [77, 217]},
						{"origin": [13.5, 5.60761, -33], "size": [5, 2.78477, 1.6], "pivot": [16, 7, -26], "rotation": [-45, 0, 0], "uv": [65, 217]},
						{"origin": [13.5, 5.60761, -20.6], "size": [5, 2.78477, 1.6], "pivot": [16, 7, -26], "rotation": [45, 0, 0], "uv": [53, 217]},
						{"origin": [13.5, 5.60761, -20.6], "size": [5, 2.78477, 1.6], "pivot": [16, 7, -26], "rotation": [22.5, 0, 0], "uv": [20, 217]},
						{"origin": [13.5, 5.60761, -20.6], "size": [5, 2.78477, 1.6], "uv": [8, 217]},
						{"origin": [13.5, 5.60761, -20.6], "size": [5, 2.78477, 1.6], "pivot": [16, 7, -26], "rotation": [-22.5, 0, 0], "uv": [216, 128]},
						{"origin": [13.5, 5.60761, -20.6], "size": [5, 2.78477, 1.6], "pivot": [16, 7, -26], "rotation": [-45, 0, 0], "uv": [199, 216]},
						{"origin": [13.5, 0, -27.39239], "size": [5, 1.6, 2.78477], "pivot": [16, 7, -26], "rotation": [22.5, 0, 0], "uv": [199, 210]},
						{"origin": [13.5, 0, -27.39239], "size": [5, 1.6, 2.78477], "uv": [115, 210]},
						{"origin": [13.5, 0, -27.39239], "size": [5, 1.6, 2.78477], "pivot": [16, 7, -26], "rotation": [-22.5, 0, 0], "uv": [209, 194]},
						{"origin": [13.5, 12.4, -27.39239], "size": [5, 1.6, 2.78477], "pivot": [16, 7, -26], "rotation": [22.5, 0, 0], "uv": [209, 32]},
						{"origin": [13.5, 12.4, -27.39239], "size": [5, 1.6, 2.78477], "uv": [148, 209]},
						{"origin": [13.5, 12.4, -27.39239], "size": [5, 1.6, 2.78477], "pivot": [16, 7, -26], "rotation": [-22.5, 0, 0], "uv": [134, 209]}
					]
				},
				{
					"name": "frl",
					"parent": "fronttire1",
					"pivot": [24, -1, -31],
					"cubes": [
						{"origin": [14, 5.92587, -31.4], "size": [4, 2.14825, 1], "pivot": [16, 7, -26], "rotation": [45, 0, 0], "uv": [105, 222]},
						{"origin": [14, 5.92587, -31.4], "size": [4, 2.14825, 1], "pivot": [16, 7, -26], "rotation": [22.5, 0, 0], "uv": [95, 222]},
						{"origin": [14, 5.92587, -31.4], "size": [4, 2.14825, 1], "uv": [221, 209]},
						{"origin": [14, 5.92587, -31.4], "size": [4, 2.14825, 1], "pivot": [16, 7, -26], "rotation": [-22.5, 0, 0], "uv": [221, 136]},
						{"origin": [14, 5.92587, -31.4], "size": [4, 2.14825, 1], "pivot": [16, 7, -26], "rotation": [-45, 0, 0], "uv": [221, 131]},
						{"origin": [14, 5.92587, -21.6], "size": [4, 2.14825, 1], "pivot": [16, 7, -26], "rotation": [45, 0, 0], "uv": [221, 31]},
						{"origin": [14, 5.92587, -21.6], "size": [4, 2.14825, 1], "pivot": [16, 7, -26], "rotation": [22.5, 0, 0], "uv": [221, 11]},
						{"origin": [14, 5.92587, -21.6], "size": [4, 2.14825, 1], "uv": [221, 8]},
						{"origin": [14, 5.92587, -21.6], "size": [4, 2.14825, 1], "pivot": [16, 7, -26], "rotation": [-22.5, 0, 0], "uv": [221, 5]},
						{"origin": [14, 5.92587, -21.6], "size": [4, 2.14825, 1], "pivot": [16, 7, -26], "rotation": [-45, 0, 0], "uv": [221, 2]},
						{"origin": [14, 1.6, -27.07413], "size": [4, 1, 2.14825], "pivot": [16, 7, -26], "rotation": [22.5, 0, 0], "uv": [101, 216]},
						{"origin": [14, 1.6, -27.07413], "size": [4, 1, 2.14825], "uv": [215, 160]},
						{"origin": [14, 1.6, -27.07413], "size": [4, 1, 2.14825], "pivot": [16, 7, -26], "rotation": [-22.5, 0, 0], "uv": [215, 157]},
						{"origin": [14, 11.4, -27.07413], "size": [4, 1, 2.14825], "pivot": [16, 7, -26], "rotation": [22.5, 0, 0], "uv": [154, 215]},
						{"origin": [14, 11.4, -27.07413], "size": [4, 1, 2.14825], "uv": [142, 215]},
						{"origin": [14, 11.4, -27.07413], "size": [4, 1, 2.14825], "pivot": [16, 7, -26], "rotation": [-22.5, 0, 0], "uv": [42, 215]}
					]
				},
				{
					"name": "fal",
					"parent": "fronttire1",
					"pivot": [17, 7, -23],
					"cubes": [
						{"origin": [15, 8, -26.5], "size": [2, 4, 1], "uv": [75, 174]},
						{"origin": [15, 8, -26.5], "size": [2, 4, 1], "pivot": [17, 7, -26], "rotation": [45, 0, 0], "uv": [152, 59]},
						{"origin": [15, 8, -26.5], "size": [2, 4, 1], "pivot": [17, 7, -26], "rotation": [90, 0, 0], "uv": [152, 53]},
						{"origin": [15, 8, -26.5], "size": [2, 4, 1], "pivot": [17, 7, -26], "rotation": [135, 0, 0], "uv": [0, 144]},
						{"origin": [15, 8, -26.5], "size": [2, 4, 1], "pivot": [17, 7, -26], "rotation": [180, 0, 0], "uv": [40, 142]},
						{"origin": [15, 8, -26.5], "size": [2, 4, 1], "pivot": [17, 7, -26], "rotation": [-135, 0, 0], "uv": [32, 142]},
						{"origin": [15, 8, -26.5], "size": [2, 4, 1], "pivot": [17, 7, -26], "rotation": [-90, 0, 0], "uv": [110, 128]},
						{"origin": [15, 8, -26.5], "size": [2, 4, 1], "pivot": [17, 7, -26], "rotation": [-45, 0, 0], "uv": [101, 128]}
					]
				},
				{
					"name": "fbl",
					"parent": "fronttire1",
					"pivot": [24, -1, -31],
					"cubes": [
						{"origin": [14.5, 6.40326, -29], "size": [2, 1.19347, 1], "pivot": [16, 7, -26], "rotation": [45, 0, 0], "uv": [160, 223]},
						{"origin": [14.5, 6.40326, -29], "size": [2, 1.19347, 1], "pivot": [16, 7, -26], "rotation": [22.5, 0, 0], "uv": [139, 223]},
						{"origin": [14.5, 6.40326, -29], "size": [2, 1.19347, 1], "uv": [133, 223]},
						{"origin": [14.5, 6.40326, -29], "size": [2, 1.19347, 1], "pivot": [16, 7, -26], "rotation": [-22.5, 0, 0], "uv": [127, 223]},
						{"origin": [14.5, 6.40326, -29], "size": [2, 1.19347, 1], "pivot": [16, 7, -26], "rotation": [-45, 0, 0], "uv": [121, 223]},
						{"origin": [14.5, 6.40326, -24], "size": [2, 1.19347, 1], "pivot": [16, 7, -26], "rotation": [45, 0, 0], "uv": [115, 223]},
						{"origin": [14.5, 6.40326, -24], "size": [2, 1.19347, 1], "pivot": [16, 7, -26], "rotation": [22.5, 0, 0], "uv": [88, 223]},
						{"origin": [14.5, 6.40326, -24], "size": [2, 1.19347, 1], "uv": [82, 223]},
						{"origin": [14.5, 6.40326, -24], "size": [2, 1.19347, 1], "pivot": [16, 7, -26], "rotation": [-22.5, 0, 0], "uv": [76, 223]},
						{"origin": [14.5, 6.40326, -24], "size": [2, 1.19347, 1], "pivot": [16, 7, -26], "rotation": [-45, 0, 0], "uv": [70, 223]},
						{"origin": [14.5, 4, -26.59674], "size": [2, 1, 1.19347], "pivot": [16, 7, -26], "rotation": [22.5, 0, 0], "uv": [64, 223]},
						{"origin": [14.5, 4, -26.59674], "size": [2, 1, 1.19347], "uv": [58, 223]},
						{"origin": [14.5, 4, -26.59674], "size": [2, 1, 1.19347], "pivot": [16, 7, -26], "rotation": [-22.5, 0, 0], "uv": [43, 223]},
						{"origin": [14.5, 9, -26.59674], "size": [2, 1, 1.19347], "pivot": [16, 7, -26], "rotation": [22.5, 0, 0], "uv": [22, 223]},
						{"origin": [14.5, 9, -26.59674], "size": [2, 1, 1.19347], "uv": [16, 223]},
						{"origin": [14.5, 9, -26.59674], "size": [2, 1, 1.19347], "pivot": [16, 7, -26], "rotation": [-22.5, 0, 0], "uv": [222, 213]}
					]
				},
				{
					"name": "fronttire2",
					"parent": "fronttires",
					"pivot": [-18, 7, -26]
				},
				{
					"name": "ftr",
					"parent": "fronttire2",
					"pivot": [-8, -1, -31],
					"cubes": [
						{"origin": [-18.5, 5.60761, -33], "size": [5, 2.78477, 1.6], "pivot": [-16, 7, -26], "rotation": [45, 0, 0], "uv": [130, 215]},
						{"origin": [-18.5, 5.60761, -33], "size": [5, 2.78477, 1.6], "pivot": [-16, 7, -26], "rotation": [22.5, 0, 0], "uv": [118, 215]},
						{"origin": [-18.5, 5.60761, -33], "size": [5, 2.78477, 1.6], "uv": [211, 214]},
						{"origin": [-18.5, 5.60761, -33], "size": [5, 2.78477, 1.6], "pivot": [-16, 7, -26], "rotation": [-22.5, 0, 0], "uv": [91, 214]},
						{"origin": [-18.5, 5.60761, -33], "size": [5, 2.78477, 1.6], "pivot": [-16, 7, -26], "rotation": [-45, 0, 0], "uv": [79, 214]},
						{"origin": [-18.5, 5.60761, -20.6], "size": [5, 2.78477, 1.6], "pivot": [-16, 7, -26], "rotation": [45, 0, 0], "uv": [67, 214]},
						{"origin": [-18.5, 5.60761, -20.6], "size": [5, 2.78477, 1.6], "pivot": [-16, 7, -26], "rotation": [22.5, 0, 0], "uv": [55, 214]},
						{"origin": [-18.5, 5.60761, -20.6], "size": [5, 2.78477, 1.6], "uv": [32, 214]},
						{"origin": [-18.5, 5.60761, -20.6], "size": [5, 2.78477, 1.6], "pivot": [-16, 7, -26], "rotation": [-22.5, 0, 0], "uv": [20, 214]},
						{"origin": [-18.5, 5.60761, -20.6], "size": [5, 2.78477, 1.6], "pivot": [-16, 7, -26], "rotation": [-45, 0, 0], "uv": [8, 214]},
						{"origin": [-18.5, 0, -27.39239], "size": [5, 1.6, 2.78477], "pivot": [-16, 7, -26], "rotation": [22.5, 0, 0], "uv": [47, 209]},
						{"origin": [-18.5, 0, -27.39239], "size": [5, 1.6, 2.78477], "uv": [208, 9]},
						{"origin": [-18.5, 0, -27.39239], "size": [5, 1.6, 2.78477], "pivot": [-16, 7, -26], "rotation": [-22.5, 0, 0], "uv": [208, 6]},
						{"origin": [-18.5, 12.4, -27.39239], "size": [5, 1.6, 2.78477], "pivot": [-16, 7, -26], "rotation": [22.5, 0, 0], "uv": [208, 3]},
						{"origin": [-18.5, 12.4, -27.39239], "size": [5, 1.6, 2.78477], "uv": [208, 0]},
						{"origin": [-18.5, 12.4, -27.39239], "size": [5, 1.6, 2.78477], "pivot": [-16, 7, -26], "rotation": [-22.5, 0, 0], "uv": [103, 208]}
					]
				},
				{
					"name": "frr",
					"parent": "fronttire2",
					"pivot": [-8, -1, -31],
					"cubes": [
						{"origin": [-18, 5.92587, -31.4], "size": [4, 2.14825, 1], "pivot": [-16, 7, -26], "rotation": [45, 0, 0], "uv": [221, 221]},
						{"origin": [-18, 5.92587, -31.4], "size": [4, 2.14825, 1], "pivot": [-16, 7, -26], "rotation": [22.5, 0, 0], "uv": [146, 221]},
						{"origin": [-18, 5.92587, -31.4], "size": [4, 2.14825, 1], "uv": [28, 221]},
						{"origin": [-18, 5.92587, -31.4], "size": [4, 2.14825, 1], "pivot": [-16, 7, -26], "rotation": [-22.5, 0, 0], "uv": [220, 182]},
						{"origin": [-18, 5.92587, -31.4], "size": [4, 2.14825, 1], "pivot": [-16, 7, -26], "rotation": [-45, 0, 0], "uv": [211, 220]},
						{"origin": [-18, 5.92587, -21.6], "size": [4, 2.14825, 1], "pivot": [-16, 7, -26], "rotation": [45, 0, 0], "uv": [161, 220]},
						{"origin": [-18, 5.92587, -21.6], "size": [4, 2.14825, 1], "pivot": [-16, 7, -26], "rotation": [22.5, 0, 0], "uv": [86, 220]},
						{"origin": [-18, 5.92587, -21.6], "size": [4, 2.14825, 1], "uv": [76, 220]},
						{"origin": [-18, 5.92587, -21.6], "size": [4, 2.14825, 1], "pivot": [-16, 7, -26], "rotation": [-22.5, 0, 0], "uv": [66, 220]},
						{"origin": [-18, 5.92587, -21.6], "size": [4, 2.14825, 1], "pivot": [-16, 7, -26], "rotation": [-45, 0, 0], "uv": [56, 220]},
						{"origin": [-18, 1.6, -27.07413], "size": [4, 1, 2.14825], "pivot": [-16, 7, -26], "rotation": [22.5, 0, 0], "uv": [213, 99]},
						{"origin": [-18, 1.6, -27.07413], "size": [4, 1, 2.14825], "uv": [213, 96]},
						{"origin": [-18, 1.6, -27.07413], "size": [4, 1, 2.14825], "pivot": [-16, 7, -26], "rotation": [-22.5, 0, 0], "uv": [213, 93]},
						{"origin": [-18, 11.4, -27.07413], "size": [4, 1, 2.14825], "pivot": [-16, 7, -26], "rotation": [22.5, 0, 0], "uv": [213, 22]},
						{"origin": [-18, 11.4, -27.07413], "size": [4, 1, 2.14825], "uv": [213, 19]},
						{"origin": [-18, 11.4, -27.07413], "size": [4, 1, 2.14825], "pivot": [-16, 7, -26], "rotation": [-22.5, 0, 0], "uv": [199, 213]}
					]
				},
				{
					"name": "far",
					"parent": "fronttire2",
					"pivot": [-15, 7, -23],
					"cubes": [
						{"origin": [-17, 8, -26.5], "size": [2, 4, 1], "uv": [93, 128]},
						{"origin": [-17, 8, -26.5], "size": [2, 4, 1], "pivot": [-15, 7, -26], "rotation": [45, 0, 0], "uv": [18, 125]},
						{"origin": [-17, 8, -26.5], "size": [2, 4, 1], "pivot": [-15, 7, -26], "rotation": [90, 0, 0], "uv": [0, 125]},
						{"origin": [-17, 8, -26.5], "size": [2, 4, 1], "pivot": [-15, 7, -26], "rotation": [135, 0, 0], "uv": [112, 8]},
						{"origin": [-17, 8, -26.5], "size": [2, 4, 1], "pivot": [-15, 7, -26], "rotation": [180, 0, 0], "uv": [112, 0]},
						{"origin": [-17, 8, -26.5], "size": [2, 4, 1], "pivot": [-15, 7, -26], "rotation": [-135, 0, 0], "uv": [110, 97]},
						{"origin": [-17, 8, -26.5], "size": [2, 4, 1], "pivot": [-15, 7, -26], "rotation": [-90, 0, 0], "uv": [110, 90]},
						{"origin": [-17, 8, -26.5], "size": [2, 4, 1], "pivot": [-15, 7, -26], "rotation": [-45, 0, 0], "uv": [103, 26]}
					]
				},
				{
					"name": "fbr",
					"parent": "fronttire2",
					"pivot": [-7, -1, -31],
					"cubes": [
						{"origin": [-16.5, 6.40326, -29], "size": [2, 1.19347, 1], "pivot": [-15, 7, -26], "rotation": [45, 0, 0], "uv": [222, 205]},
						{"origin": [-16.5, 6.40326, -29], "size": [2, 1.19347, 1], "pivot": [-15, 7, -26], "rotation": [22.5, 0, 0], "uv": [222, 202]},
						{"origin": [-16.5, 6.40326, -29], "size": [2, 1.19347, 1], "uv": [222, 199]},
						{"origin": [-16.5, 6.40326, -29], "size": [2, 1.19347, 1], "pivot": [-15, 7, -26], "rotation": [-22.5, 0, 0], "uv": [222, 196]},
						{"origin": [-16.5, 6.40326, -29], "size": [2, 1.19347, 1], "pivot": [-15, 7, -26], "rotation": [-45, 0, 0], "uv": [221, 194]},
						{"origin": [-16.5, 6.40326, -24], "size": [2, 1.19347, 1], "pivot": [-15, 7, -26], "rotation": [45, 0, 0], "uv": [220, 0]},
						{"origin": [-16.5, 6.40326, -24], "size": [2, 1.19347, 1], "pivot": [-15, 7, -26], "rotation": [22.5, 0, 0], "uv": [215, 163]},
						{"origin": [-16.5, 6.40326, -24], "size": [2, 1.19347, 1], "uv": [164, 213]},
						{"origin": [-16.5, 6.40326, -24], "size": [2, 1.19347, 1], "pivot": [-15, 7, -26], "rotation": [-22.5, 0, 0], "uv": [119, 213]},
						{"origin": [-16.5, 6.40326, -24], "size": [2, 1.19347, 1], "pivot": [-15, 7, -26], "rotation": [-45, 0, 0], "uv": [106, 211]},
						{"origin": [-16.5, 4, -26.59674], "size": [2, 1, 1.19347], "pivot": [-15, 7, -26], "rotation": [22.5, 0, 0], "uv": [127, 210]},
						{"origin": [-16.5, 4, -26.59674], "size": [2, 1, 1.19347], "uv": [115, 208]},
						{"origin": [-16.5, 4, -26.59674], "size": [2, 1, 1.19347], "pivot": [-15, 7, -26], "rotation": [-22.5, 0, 0], "uv": [82, 208]},
						{"origin": [-16.5, 9, -26.59674], "size": [2, 1, 1.19347], "pivot": [-15, 7, -26], "rotation": [22.5, 0, 0], "uv": [26, 208]},
						{"origin": [-16.5, 9, -26.59674], "size": [2, 1, 1.19347], "uv": [14, 208]},
						{"origin": [-16.5, 9, -26.59674], "size": [2, 1, 1.19347], "pivot": [-15, 7, -26], "rotation": [-22.5, 0, 0], "uv": [193, 204]}
					]
				},
				{
					"name": "backtires",
					"pivot": [0, 7, 25]
				},
				{
					"name": "backtire1",
					"parent": "backtires",
					"pivot": [18, 7, 25]
				},
				{
					"name": "btl",
					"parent": "backtire1",
					"pivot": [24, -1, 20],
					"cubes": [
						{"origin": [13.5, 5.60761, 18], "size": [5, 2.78477, 1.6], "pivot": [16, 7, 25], "rotation": [45, 0, 0], "uv": [107, 213]},
						{"origin": [13.5, 5.60761, 18], "size": [5, 2.78477, 1.6], "pivot": [16, 7, 25], "rotation": [22.5, 0, 0], "uv": [152, 212]},
						{"origin": [13.5, 5.60761, 18], "size": [5, 2.78477, 1.6], "uv": [140, 212]},
						{"origin": [13.5, 5.60761, 18], "size": [5, 2.78477, 1.6], "pivot": [16, 7, 25], "rotation": [-22.5, 0, 0], "uv": [128, 212]},
						{"origin": [13.5, 5.60761, 18], "size": [5, 2.78477, 1.6], "pivot": [16, 7, 25], "rotation": [-45, 0, 0], "uv": [44, 212]},
						{"origin": [13.5, 5.60761, 30.4], "size": [5, 2.78477, 1.6], "pivot": [16, 7, 25], "rotation": [45, 0, 0], "uv": [211, 206]},
						{"origin": [13.5, 5.60761, 30.4], "size": [5, 2.78477, 1.6], "pivot": [16, 7, 25], "rotation": [22.5, 0, 0], "uv": [211, 203]},
						{"origin": [13.5, 5.60761, 30.4], "size": [5, 2.78477, 1.6], "uv": [211, 200]},
						{"origin": [13.5, 5.60761, 30.4], "size": [5, 2.78477, 1.6], "pivot": [16, 7, 25], "rotation": [-22.5, 0, 0], "uv": [211, 197]},
						{"origin": [13.5, 5.60761, 30.4], "size": [5, 2.78477, 1.6], "pivot": [16, 7, 25], "rotation": [-45, 0, 0], "uv": [211, 111]},
						{"origin": [13.5, 0, 23.60761], "size": [5, 1.6, 2.78477], "pivot": [16, 7, 25], "rotation": [22.5, 0, 0], "uv": [89, 208]},
						{"origin": [13.5, 0, 23.60761], "size": [5, 1.6, 2.78477], "uv": [35, 208]},
						{"origin": [13.5, 0, 23.60761], "size": [5, 1.6, 2.78477], "pivot": [16, 7, 25], "rotation": [-22.5, 0, 0], "uv": [207, 136]},
						{"origin": [13.5, 12.4, 23.60761], "size": [5, 1.6, 2.78477], "pivot": [16, 7, 25], "rotation": [22.5, 0, 0], "uv": [122, 207]},
						{"origin": [13.5, 12.4, 23.60761], "size": [5, 1.6, 2.78477], "uv": [52, 206]},
						{"origin": [13.5, 12.4, 23.60761], "size": [5, 1.6, 2.78477], "pivot": [16, 7, 25], "rotation": [-22.5, 0, 0], "uv": [204, 132]}
					]
				},
				{
					"name": "brl",
					"parent": "backtire1",
					"pivot": [24, -1, 20],
					"cubes": [
						{"origin": [14, 5.92587, 19.6], "size": [4, 2.14825, 1], "pivot": [16, 7, 25], "rotation": [45, 0, 0], "uv": [18, 220]},
						{"origin": [14, 5.92587, 19.6], "size": [4, 2.14825, 1], "pivot": [16, 7, 25], "rotation": [22.5, 0, 0], "uv": [8, 220]},
						{"origin": [14, 5.92587, 19.6], "size": [4, 2.14825, 1], "uv": [219, 169]},
						{"origin": [14, 5.92587, 19.6], "size": [4, 2.14825, 1], "pivot": [16, 7, 25], "rotation": [-22.5, 0, 0], "uv": [219, 166]},
						{"origin": [14, 5.92587, 19.6], "size": [4, 2.14825, 1], "pivot": [16, 7, 25], "rotation": [-45, 0, 0], "uv": [219, 117]},
						{"origin": [14, 5.92587, 29.4], "size": [4, 2.14825, 1], "pivot": [16, 7, 25], "rotation": [45, 0, 0], "uv": [219, 114]},
						{"origin": [14, 5.92587, 29.4], "size": [4, 2.14825, 1], "pivot": [16, 7, 25], "rotation": [22.5, 0, 0], "uv": [219, 88]},
						{"origin": [14, 5.92587, 29.4], "size": [4, 2.14825, 1], "uv": [219, 28]},
						{"origin": [14, 5.92587, 29.4], "size": [4, 2.14825, 1], "pivot": [16, 7, 25], "rotation": [-22.5, 0, 0], "uv": [219, 25]},
						{"origin": [14, 5.92587, 29.4], "size": [4, 2.14825, 1], "pivot": [16, 7, 25], "rotation": [-45, 0, 0], "uv": [201, 219]},
						{"origin": [14, 1.6, 23.92587], "size": [4, 1, 2.14825], "pivot": [16, 7, 25], "rotation": [22.5, 0, 0], "uv": [211, 108]},
						{"origin": [14, 1.6, 23.92587], "size": [4, 1, 2.14825], "uv": [211, 105]},
						{"origin": [14, 1.6, 23.92587], "size": [4, 1, 2.14825], "pivot": [16, 7, 25], "rotation": [-22.5, 0, 0], "uv": [211, 211]},
						{"origin": [14, 11.4, 23.92587], "size": [4, 1, 2.14825], "pivot": [16, 7, 25], "rotation": [22.5, 0, 0], "uv": [96, 211]},
						{"origin": [14, 11.4, 23.92587], "size": [4, 1, 2.14825], "uv": [84, 211]},
						{"origin": [14, 11.4, 23.92587], "size": [4, 1, 2.14825], "pivot": [16, 7, 25], "rotation": [-22.5, 0, 0], "uv": [72, 211]}
					]
				},
				{
					"name": "bal",
					"parent": "backtire1",
					"pivot": [17, 7, 28],
					"cubes": [
						{"origin": [15, 8, 24.5], "size": [2, 4, 1], "uv": [103, 8]},
						{"origin": [15, 8, 24.5], "size": [2, 4, 1], "pivot": [17, 7, 25], "rotation": [45, 0, 0], "uv": [103, 0]},
						{"origin": [15, 8, 24.5], "size": [2, 4, 1], "pivot": [17, 7, 25], "rotation": [90, 0, 0], "uv": [99, 90]},
						{"origin": [15, 8, 24.5], "size": [2, 4, 1], "pivot": [17, 7, 25], "rotation": [135, 0, 0], "uv": [99, 99]},
						{"origin": [15, 8, 24.5], "size": [2, 4, 1], "pivot": [17, 7, 25], "rotation": [180, 0, 0], "uv": [90, 98]},
						{"origin": [15, 8, 24.5], "size": [2, 4, 1], "pivot": [17, 7, 25], "rotation": [-135, 0, 0], "uv": [94, 36]},
						{"origin": [15, 8, 24.5], "size": [2, 4, 1], "pivot": [17, 7, 25], "rotation": [-90, 0, 0], "uv": [93, 60]},
						{"origin": [15, 8, 24.5], "size": [2, 4, 1], "pivot": [17, 7, 25], "rotation": [-45, 0, 0], "uv": [93, 53]}
					]
				},
				{
					"name": "bbl",
					"parent": "backtire1",
					"pivot": [24, -1, 20],
					"cubes": [
						{"origin": [14.5, 6.40326, 22], "size": [2, 1.19347, 1], "pivot": [16, 7, 25], "rotation": [45, 0, 0], "uv": [201, 118]},
						{"origin": [14.5, 6.40326, 22], "size": [2, 1.19347, 1], "pivot": [16, 7, 25], "rotation": [22.5, 0, 0], "uv": [46, 201]},
						{"origin": [14.5, 6.40326, 22], "size": [2, 1.19347, 1], "uv": [40, 201]},
						{"origin": [14.5, 6.40326, 22], "size": [2, 1.19347, 1], "pivot": [16, 7, 25], "rotation": [-22.5, 0, 0], "uv": [32, 201]},
						{"origin": [14.5, 6.40326, 22], "size": [2, 1.19347, 1], "pivot": [16, 7, 25], "rotation": [-45, 0, 0], "uv": [26, 201]},
						{"origin": [14.5, 6.40326, 27], "size": [2, 1.19347, 1], "pivot": [16, 7, 25], "rotation": [45, 0, 0], "uv": [13, 201]},
						{"origin": [14.5, 6.40326, 27], "size": [2, 1.19347, 1], "pivot": [16, 7, 25], "rotation": [22.5, 0, 0], "uv": [124, 196]},
						{"origin": [14.5, 6.40326, 27], "size": [2, 1.19347, 1], "uv": [195, 118]},
						{"origin": [14.5, 6.40326, 27], "size": [2, 1.19347, 1], "pivot": [16, 7, 25], "rotation": [-22.5, 0, 0], "uv": [169, 192]},
						{"origin": [14.5, 6.40326, 27], "size": [2, 1.19347, 1], "pivot": [16, 7, 25], "rotation": [-45, 0, 0], "uv": [75, 179]},
						{"origin": [14.5, 4, 24.40326], "size": [2, 1, 1.19347], "pivot": [16, 7, 25], "rotation": [22.5, 0, 0], "uv": [177, 33]},
						{"origin": [14.5, 4, 24.40326], "size": [2, 1, 1.19347], "uv": [155, 139]},
						{"origin": [14.5, 4, 24.40326], "size": [2, 1, 1.19347], "pivot": [16, 7, 25], "rotation": [-22.5, 0, 0], "uv": [154, 151]},
						{"origin": [14.5, 9, 24.40326], "size": [2, 1, 1.19347], "pivot": [16, 7, 25], "rotation": [22.5, 0, 0], "uv": [0, 149]},
						{"origin": [14.5, 9, 24.40326], "size": [2, 1, 1.19347], "uv": [70, 135]},
						{"origin": [14.5, 9, 24.40326], "size": [2, 1, 1.19347], "pivot": [16, 7, 25], "rotation": [-22.5, 0, 0], "uv": [64, 135]}
					]
				},
				{
					"name": "backtire2",
					"parent": "backtires",
					"pivot": [-18, 7, 25]
				},
				{
					"name": "btr",
					"parent": "backtire2",
					"pivot": [-8, -1, 20],
					"cubes": [
						{"origin": [-18.5, 5.60761, 18], "size": [5, 2.78477, 1.6], "pivot": [-16, 7, 25], "rotation": [45, 0, 0], "uv": [60, 211]},
						{"origin": [-18.5, 5.60761, 18], "size": [5, 2.78477, 1.6], "pivot": [-16, 7, 25], "rotation": [22.5, 0, 0], "uv": [32, 211]},
						{"origin": [-18.5, 5.60761, 18], "size": [5, 2.78477, 1.6], "uv": [20, 211]},
						{"origin": [-18.5, 5.60761, 18], "size": [5, 2.78477, 1.6], "pivot": [-16, 7, 25], "rotation": [-22.5, 0, 0], "uv": [8, 211]},
						{"origin": [-18.5, 5.60761, 18], "size": [5, 2.78477, 1.6], "pivot": [-16, 7, 25], "rotation": [-45, 0, 0], "uv": [210, 16]},
						{"origin": [-18.5, 5.60761, 30.4], "size": [5, 2.78477, 1.6], "pivot": [-16, 7, 25], "rotation": [45, 0, 0], "uv": [179, 203]},
						{"origin": [-18.5, 5.60761, 30.4], "size": [5, 2.78477, 1.6], "pivot": [-16, 7, 25], "rotation": [22.5, 0, 0], "uv": [179, 200]},
						{"origin": [-18.5, 5.60761, 30.4], "size": [5, 2.78477, 1.6], "uv": [195, 115]},
						{"origin": [-18.5, 5.60761, 30.4], "size": [5, 2.78477, 1.6], "pivot": [-16, 7, 25], "rotation": [-22.5, 0, 0], "uv": [189, 90]},
						{"origin": [-18.5, 5.60761, 30.4], "size": [5, 2.78477, 1.6], "pivot": [-16, 7, 25], "rotation": [-45, 0, 0], "uv": [189, 87]},
						{"origin": [-18.5, 0, 23.60761], "size": [5, 1.6, 2.78477], "pivot": [-16, 7, 25], "rotation": [22.5, 0, 0], "uv": [203, 191]},
						{"origin": [-18.5, 0, 23.60761], "size": [5, 1.6, 2.78477], "uv": [188, 183]},
						{"origin": [-18.5, 0, 23.60761], "size": [5, 1.6, 2.78477], "pivot": [-16, 7, 25], "rotation": [-22.5, 0, 0], "uv": [161, 188]},
						{"origin": [-18.5, 12.4, 23.60761], "size": [5, 1.6, 2.78477], "pivot": [-16, 7, 25], "rotation": [22.5, 0, 0], "uv": [109, 187]},
						{"origin": [-18.5, 12.4, 23.60761], "size": [5, 1.6, 2.78477], "uv": [141, 184]},
						{"origin": [-18.5, 12.4, 23.60761], "size": [5, 1.6, 2.78477], "pivot": [-16, 7, 25], "rotation": [-22.5, 0, 0], "uv": [147, 153]}
					]
				},
				{
					"name": "brr",
					"parent": "backtire2",
					"pivot": [-8, -1, 20],
					"cubes": [
						{"origin": [-18, 5.92587, 19.6], "size": [4, 2.14825, 1], "pivot": [-16, 7, 25], "rotation": [45, 0, 0], "uv": [191, 219]},
						{"origin": [-18, 5.92587, 19.6], "size": [4, 2.14825, 1], "pivot": [-16, 7, 25], "rotation": [22.5, 0, 0], "uv": [181, 219]},
						{"origin": [-18, 5.92587, 19.6], "size": [4, 2.14825, 1], "uv": [171, 219]},
						{"origin": [-18, 5.92587, 19.6], "size": [4, 2.14825, 1], "pivot": [-16, 7, 25], "rotation": [-22.5, 0, 0], "uv": [100, 219]},
						{"origin": [-18, 5.92587, 19.6], "size": [4, 2.14825, 1], "pivot": [-16, 7, 25], "rotation": [-45, 0, 0], "uv": [218, 187]},
						{"origin": [-18, 5.92587, 29.4], "size": [4, 2.14825, 1], "pivot": [-16, 7, 25], "rotation": [45, 0, 0], "uv": [152, 218]},
						{"origin": [-18, 5.92587, 29.4], "size": [4, 2.14825, 1], "pivot": [-16, 7, 25], "rotation": [22.5, 0, 0], "uv": [142, 218]},
						{"origin": [-18, 5.92587, 29.4], "size": [4, 2.14825, 1], "uv": [124, 204]},
						{"origin": [-18, 5.92587, 29.4], "size": [4, 2.14825, 1], "pivot": [-16, 7, 25], "rotation": [-22.5, 0, 0], "uv": [149, 188]},
						{"origin": [-18, 5.92587, 29.4], "size": [4, 2.14825, 1], "pivot": [-16, 7, 25], "rotation": [-45, 0, 0], "uv": [72, 41]},
						{"origin": [-18, 1.6, 23.92587], "size": [4, 1, 2.14825], "pivot": [-16, 7, 25], "rotation": [22.5, 0, 0], "uv": [189, 84]},
						{"origin": [-18, 1.6, 23.92587], "size": [4, 1, 2.14825], "uv": [189, 81]},
						{"origin": [-18, 1.6, 23.92587], "size": [4, 1, 2.14825], "pivot": [-16, 7, 25], "rotation": [-22.5, 0, 0], "uv": [188, 178]},
						{"origin": [-18, 11.4, 23.92587], "size": [4, 1, 2.14825], "pivot": [-16, 7, 25], "rotation": [22.5, 0, 0], "uv": [188, 175]},
						{"origin": [-18, 11.4, 23.92587], "size": [4, 1, 2.14825], "uv": [127, 183]},
						{"origin": [-18, 11.4, 23.92587], "size": [4, 1, 2.14825], "pivot": [-16, 7, 25], "rotation": [-22.5, 0, 0], "uv": [66, 167]}
					]
				},
				{
					"name": "bar",
					"parent": "backtire2",
					"pivot": [-15, 7, 28],
					"cubes": [
						{"origin": [-17, 8, 24.5], "size": [2, 4, 1], "uv": [90, 90]},
						{"origin": [-17, 8, 24.5], "size": [2, 4, 1], "pivot": [-15, 7, 25], "rotation": [45, 0, 0], "uv": [8, 88]},
						{"origin": [-17, 8, 24.5], "size": [2, 4, 1], "pivot": [-15, 7, 25], "rotation": [90, 0, 0], "uv": [85, 60]},
						{"origin": [-17, 8, 24.5], "size": [2, 4, 1], "pivot": [-15, 7, 25], "rotation": [135, 0, 0], "uv": [85, 53]},
						{"origin": [-17, 8, 24.5], "size": [2, 4, 1], "pivot": [-15, 7, 25], "rotation": [180, 0, 0], "uv": [85, 36]},
						{"origin": [-17, 8, 24.5], "size": [2, 4, 1], "pivot": [-15, 7, 25], "rotation": [-135, 0, 0], "uv": [71, 79]},
						{"origin": [-17, 8, 24.5], "size": [2, 4, 1], "pivot": [-15, 7, 25], "rotation": [-90, 0, 0], "uv": [36, 36]},
						{"origin": [-17, 8, 24.5], "size": [2, 4, 1], "pivot": [-15, 7, 25], "rotation": [-45, 0, 0], "uv": [0, 27]}
					]
				},
				{
					"name": "bbr",
					"parent": "backtire2",
					"pivot": [-7, -1, 20],
					"cubes": [
						{"origin": [-16.5, 6.40326, 22], "size": [2, 1.19347, 1], "pivot": [-15, 7, 25], "rotation": [45, 0, 0], "uv": [110, 133]},
						{"origin": [-16.5, 6.40326, 22], "size": [2, 1.19347, 1], "pivot": [-15, 7, 25], "rotation": [22.5, 0, 0], "uv": [121, 125]},
						{"origin": [-16.5, 6.40326, 22], "size": [2, 1.19347, 1], "uv": [118, 101]},
						{"origin": [-16.5, 6.40326, 22], "size": [2, 1.19347, 1], "pivot": [-15, 7, 25], "rotation": [-22.5, 0, 0], "uv": [30, 113]},
						{"origin": [-16.5, 6.40326, 22], "size": [2, 1.19347, 1], "pivot": [-15, 7, 25], "rotation": [-45, 0, 0], "uv": [112, 13]},
						{"origin": [-16.5, 6.40326, 27], "size": [2, 1.19347, 1], "pivot": [-15, 7, 25], "rotation": [45, 0, 0], "uv": [112, 5]},
						{"origin": [-16.5, 6.40326, 27], "size": [2, 1.19347, 1], "pivot": [-15, 7, 25], "rotation": [22.5, 0, 0], "uv": [103, 13]},
						{"origin": [-16.5, 6.40326, 27], "size": [2, 1.19347, 1], "uv": [103, 5]},
						{"origin": [-16.5, 6.40326, 27], "size": [2, 1.19347, 1], "pivot": [-15, 7, 25], "rotation": [-22.5, 0, 0], "uv": [90, 103]},
						{"origin": [-16.5, 6.40326, 27], "size": [2, 1.19347, 1], "pivot": [-15, 7, 25], "rotation": [-45, 0, 0], "uv": [99, 95]},
						{"origin": [-16.5, 4, 24.40326], "size": [2, 1, 1.19347], "pivot": [-15, 7, 25], "rotation": [22.5, 0, 0], "uv": [90, 95]},
						{"origin": [-16.5, 4, 24.40326], "size": [2, 1, 1.19347], "uv": [94, 41]},
						{"origin": [-16.5, 4, 24.40326], "size": [2, 1, 1.19347], "pivot": [-15, 7, 25], "rotation": [-22.5, 0, 0], "uv": [85, 41]},
						{"origin": [-16.5, 9, 24.40326], "size": [2, 1, 1.19347], "pivot": [-15, 7, 25], "rotation": [22.5, 0, 0], "uv": [71, 84]},
						{"origin": [-16.5, 9, 24.40326], "size": [2, 1, 1.19347], "uv": [76, 69]},
						{"origin": [-16.5, 9, 24.40326], "size": [2, 1, 1.19347], "pivot": [-15, 7, 25], "rotation": [-22.5, 0, 0], "uv": [0, 32]}
					]
				}
			]
		}
	]
}