{
	"format_version": "1.12.0",
	"minecraft:geometry": [
		{
			"description": {
				"identifier": "geometry.jdmsil80",
				"texture_width": 256,
				"texture_height": 256,
				"visible_bounds_width": 7,
				"visible_bounds_height": 4,
				"visible_bounds_offset": [0, 1, 0]
			},
			"bones": [
				{
					"name": "front",
					"pivot": [0, 1, -4],
					"cubes": [
						{"origin": [-8, 3, -43], "size": [16, 1, 1], "uv": [141, 196]},
						{"origin": [-8, 3, -41], "size": [16, 1, 9], "uv": [165, 3]},
						{"origin": [8, 3, -40], "size": [9, 1, 8], "uv": [175, 182]},
						{"origin": [-17, 3, -40], "size": [9, 1, 8], "uv": [149, 181]},
						{"origin": [18.2, 3, -41], "size": [1, 1, 9], "uv": [13, 199]},
						{"origin": [18.2, 3, -41.2], "size": [1, 1, 1], "uv": [84, 228]},
						{"origin": [-19.2, 3, -41.2], "size": [1, 1, 1], "uv": [80, 228]},
						{"origin": [-19.2, 3, -41], "size": [1, 1, 9], "uv": [198, 120]},
						{"origin": [-19.1, 8, -41], "size": [1, 1, 10], "uv": [33, 196]},
						{"origin": [18.1, 8, -41], "size": [1, 1, 10], "uv": [189, 195]},
						{"origin": [-18.1, 8, -16.5], "size": [1, 1, 32], "uv": [32, 89]},
						{"origin": [17.1, 8, -16.5], "size": [1, 1, 32], "uv": [66, 32]},
						{"origin": [-19.1, 8, 30.5], "size": [1, 1, 8], "uv": [205, 49]},
						{"origin": [18.1, 8, 30.5], "size": [1, 1, 8], "uv": [203, 205]},
						{"origin": [-19.1, 8, 38.1], "size": [15, 1, 1], "uv": [66, 57]},
						{"origin": [4.1, 8, 38.1], "size": [15, 1, 1], "uv": [48, 42]},
						{"origin": [-19.1, 8, -41.5], "size": [1, 1, 1], "uv": [76, 228]},
						{"origin": [18.1, 8, -41.5], "size": [1, 1, 1], "uv": [63, 228]},
						{"origin": [17.2, 3, -16], "size": [1, 1, 31], "uv": [100, 1]},
						{"origin": [-18.2, 3, -16], "size": [1, 1, 31], "uv": [99, 65]},
						{"origin": [-17, 3, -16], "size": [34, 1, 31], "uv": [0, 0]},
						{"origin": [-11, 3.5, -31], "size": [22, 1, 14], "uv": [0, 129]},
						{"origin": [-11, 3, 15], "size": [22, 1, 16], "pivot": [12, 3, 15], "rotation": [3.5, 0, 0], "uv": [100, 33]},
						{"origin": [18, 4, -40], "size": [1, 6, 8], "uv": [132, 151]},
						{"origin": [-19, 4, -40], "size": [1, 6, 8], "uv": [110, 110]},
						{"origin": [18, 6, -41], "size": [1, 4, 1], "uv": [26, 153]},
						{"origin": [-19, 6, -41], "size": [1, 4, 1], "uv": [19, 153]},
						{"origin": [18, 8.7, -42], "size": [1, 2, 2], "uv": [106, 85]},
						{"origin": [18, 9.7, -40], "size": [1, 1, 8], "uv": [167, 205]},
						{"origin": [-19, 9.7, -40], "size": [1, 1, 8], "uv": [94, 205]},
						{"origin": [18, 10.7, -39], "size": [1, 3, 7], "uv": [15, 76]},
						{"origin": [18, 13.6, -38], "size": [1, 1, 6], "uv": [99, 0]},
						{"origin": [-19, 13.6, -38], "size": [1, 1, 6], "uv": [49, 96]},
						{"origin": [18, 13.7, -33], "size": [1, 1, 1], "uv": [59, 228]},
						{"origin": [18, 14, -26.5], "size": [1, 1, 1], "uv": [124, 3]},
						{"origin": [18, 14, -22.5], "size": [1, 1, 1], "uv": [26, 105]},
						{"origin": [-19, 14, -22.5], "size": [1, 1, 1], "uv": [57, 100]},
						{"origin": [-19, 14, -26.5], "size": [1, 1, 1], "uv": [90, 32]},
						{"origin": [-19, 13.7, -33], "size": [1, 1, 1], "uv": [55, 228]},
						{"origin": [18, 14.7, -30], "size": [1, 1, 1], "uv": [51, 228]},
						{"origin": [-19, 14.7, -30], "size": [1, 1, 1], "uv": [47, 228]},
						{"origin": [18, 15.7, -20], "size": [1, 1, 4], "uv": [129, 191]},
						{"origin": [-19, 15.7, -20], "size": [1, 1, 4], "uv": [56, 178]},
						{"origin": [-19, 10.7, -39], "size": [1, 3, 7], "uv": [48, 44]},
						{"origin": [18.05, 10.7, -39], "size": [1, 3, 4], "uv": [68, 151]},
						{"origin": [18.05, 12.7, -35.4], "size": [1, 1, 2], "uv": [188, 209]},
						{"origin": [-19.05, 12.7, -35.4], "size": [1, 1, 2], "uv": [177, 208]},
						{"origin": [18.05, 12, -35.4], "size": [1, 1, 1], "uv": [43, 228]},
						{"origin": [-19.05, 12, -35.4], "size": [1, 1, 1], "uv": [39, 228]},
						{"origin": [18.05, 10.7, -36], "size": [1, 2, 1], "pivot": [19, 10.7, -35], "rotation": [-37.5, 0, 0], "uv": [207, 75]},
						{"origin": [-19.05, 10.7, -36], "size": [1, 2, 1], "pivot": [17, 10.7, -35], "rotation": [-37.5, 0, 0], "uv": [88, 202]},
						{"origin": [18.05, 12.3, -36], "size": [1, 1, 1], "pivot": [19, 10.7, -35], "rotation": [-37.5, 0, 0], "uv": [35, 228]},
						{"origin": [-19.05, 12.3, -36], "size": [1, 1, 1], "pivot": [17, 10.7, -35], "rotation": [-37.5, 0, 0], "uv": [227, 219]},
						{"origin": [-19.05, 10.7, -39], "size": [1, 3, 4], "uv": [120, 110]},
						{"origin": [-19, 8.7, -42], "size": [1, 2, 2], "uv": [106, 79]},
						{"origin": [18, 4, -40.25], "size": [1, 5, 1], "pivot": [19, 4, -40], "rotation": [20, 0, 0], "uv": [57, 185]},
						{"origin": [18, 8.1, -40.25], "size": [1, 1, 1], "pivot": [19, 4, -40], "rotation": [20, 0, 0], "uv": [227, 179]},
						{"origin": [-19, 4, -40.25], "size": [1, 5, 1], "pivot": [-18, 4, -40], "rotation": [20, 0, 0], "uv": [30, 185]},
						{"origin": [-19, 8.1, -40.25], "size": [1, 1, 1], "pivot": [-18, 4, -40], "rotation": [20, 0, 0], "uv": [227, 169]},
						{"origin": [-8, 9.7, -42.71], "size": [16, 1, 1], "uv": [195, 167]},
						{"origin": [-8, 8.7, -43.71], "size": [16, 2, 1], "uv": [30, 193]},
						{"origin": [-8, 10.7, -41.71], "size": [16, 3, 1], "pivot": [0, 11, -41.8], "rotation": [-5, 0, 0], "uv": [192, 32]},
						{"origin": [18.05, 10.7, -39.9], "size": [1, 3, 1], "pivot": [11, 11, -39.8], "rotation": [-5, 0, 0], "uv": [126, 110]},
						{"origin": [-19.05, 10.7, -39.9], "size": [1, 3, 1], "pivot": [-27, 11, -39.8], "rotation": [-5, 0, 0], "uv": [120, 110]},
						{"origin": [-19, 10.7, -41.71], "size": [11, 3, 1], "pivot": [-8, 11, -41.8], "rotation": [-5, 10, 0], "uv": [204, 44]},
						{"origin": [-19, 14.022, -41.345], "size": [11, 1, 1], "pivot": [-8, 14, -41.8], "rotation": [-50, 10, 0], "uv": [36, 169]},
						{"origin": [-18.82635, 14.19, -41.06], "size": [11, 2, 1], "pivot": [-8, 14, -40.8], "rotation": [-70, 10, 0], "uv": [66, 118]},
						{"origin": [-18.47906, 14.99715, -38.79396], "size": [11, 13, 1], "pivot": [-8, 15, -38.8], "rotation": [-82.5, 10, 0], "uv": [175, 191]},
						{"origin": [-19.47906, 20.99715, -38.79396], "size": [1, 7, 1], "pivot": [-8, 15, -38.8], "rotation": [-82.5, 10, 0], "uv": [168, 226]},
						{"origin": [-18.12394, 16.92755, -24.49734], "size": [13, 2, 1], "pivot": [-13, 17, -24.8], "rotation": [-87.5, 10, 0], "uv": [99, 93]},
						{"origin": [-8, 14.022, -41.345], "size": [16, 1, 1], "pivot": [0, 14, -41.8], "rotation": [-47.5, 0, 0], "uv": [195, 149]},
						{"origin": [18, 13.8, -39.5], "size": [1, 1, 1], "pivot": [11, 14, -39.8], "rotation": [-47.5, 0, 0], "uv": [227, 97]},
						{"origin": [-19, 13.8, -39.5], "size": [1, 1, 1], "pivot": [-26, 14, -39.8], "rotation": [-47.5, 0, 0], "uv": [227, 82]},
						{"origin": [18, 13.915, -39.17], "size": [1, 2, 1], "pivot": [18, 14, -38.8], "rotation": [-70, 0, 0], "uv": [24, 199]},
						{"origin": [-19, 13.915, -39.17], "size": [1, 2, 1], "pivot": [-19, 14, -38.8], "rotation": [-70, 0, 0], "uv": [135, 191]},
						{"origin": [18, 14.675, -36.845], "size": [1, 14, 1], "pivot": [18, 15, -36.8], "rotation": [-82.5, 0, 0], "uv": [33, 207]},
						{"origin": [17, 14.675, -36.845], "size": [1, 13, 1], "pivot": [17, 15, -36.8], "rotation": [-82.5, 0, 0], "uv": [26, 0]},
						{"origin": [-18, 14.675, -36.845], "size": [1, 13, 1], "pivot": [-18, 15, -36.8], "rotation": [-82.5, 0, 0], "uv": [10, 0]},
						{"origin": [-19, 14.675, -36.845], "size": [1, 14, 1], "pivot": [-19, 15, -36.8], "rotation": [-82.5, 0, 0], "uv": [199, 206]},
						{"origin": [18, 16.53372, -22.65], "size": [1, 6, 1], "pivot": [18, 17, -22.8], "rotation": [-87.5, 0, 0], "uv": [123, 65]},
						{"origin": [-19, 16.53372, -22.65], "size": [1, 6, 1], "pivot": [-19, 17, -22.8], "rotation": [-87.5, 0, 0], "uv": [114, 79]},
						{"origin": [18, 17.53848, -17.89], "size": [1, 6, 1], "pivot": [18, 17, -17.8], "rotation": [-90, 0, 0], "uv": [114, 65]},
						{"origin": [-19, 17.53848, -17.89], "size": [1, 6, 1], "pivot": [-19, 17, -17.8], "rotation": [-90, 0, 0], "uv": [91, 110]},
						{"origin": [18, 17.53848, -17.89], "size": [1, 5, 13], "pivot": [18, 16, -17.8], "rotation": [-90, 0, 0], "uv": [0, 76]},
						{"origin": [-19, 17.53848, -17.89], "size": [1, 5, 13], "pivot": [-19, 16, -17.8], "rotation": [-90, 0, 0], "uv": [33, 42]},
						{"origin": [17, 17.53848, -11.89], "size": [1, 5, 1], "pivot": [17, 17, -11.8], "rotation": [-91, 0, 0], "uv": [0, 122]},
						{"origin": [-18, 17.53848, -11.89], "size": [1, 5, 1], "pivot": [-18, 17, -11.8], "rotation": [-91, 0, 0], "uv": [107, 0]},
						{"origin": [-8, 14.18, -41.111], "size": [16, 2, 1], "pivot": [0, 14, -40.8], "rotation": [-70, 0, 0], "uv": [192, 39]},
						{"origin": [-8, 14.945, -38.845], "size": [16, 14, 2], "pivot": [0, 15, -38.8], "rotation": [-82.5, 0, 0], "uv": [67, 173]},
						{"origin": [-8, 17.79516, -25.62], "size": [16, 1, 1], "pivot": [0, 17, -25.8], "rotation": [-87.5, 0, 0], "uv": [141, 194]},
						{"origin": [-8, 16.835, -23.65], "size": [16, 3, 1], "pivot": [0, 17, -23.8], "rotation": [-105, 0, 0], "uv": [141, 190]},
						{"origin": [-8, 23.79516, -25.62], "size": [16, 1, 1], "pivot": [0, 17, -25.8], "rotation": [-87.5, 0, 0], "uv": [192, 147]},
						{"origin": [-8, 18.79516, -25], "size": [16, 5, 1], "pivot": [0, 17, -25.8], "rotation": [-87.5, 0, 0], "uv": [180, 161]},
						{"origin": [8, 18.7952, -25.5], "size": [10, 6, 1], "pivot": [16, 17, -25.8], "rotation": [-87.5, 0, 0], "uv": [128, 202]},
						{"origin": [-18, 18.79516, -25.52], "size": [10, 6, 1], "pivot": [-9, 17, -25.8], "rotation": [-87.5, 0, 0], "uv": [66, 202]},
						{"origin": [-8, 16.80278, -17.96], "size": [16, 1, 1], "pivot": [0, 17, -17.8], "rotation": [-90, 0, 0], "uv": [192, 42]},
						{"origin": [-8, 16.7555, -16.89], "size": [16, 3, 1], "pivot": [0, 17, -16.8], "rotation": [-107.5, 0, 0], "uv": [185, 22]},
						{"origin": [-8, 22.80278, -17.96], "size": [16, 2, 1], "pivot": [0, 17, -17.8], "rotation": [-90, 0, 0], "uv": [192, 36]},
						{"origin": [-8, 21.80278, -20.44], "size": [16, 4, 1], "pivot": [0, 17, -20.8], "rotation": [-90, 0, 0], "uv": [177, 58]},
						{"origin": [8, 16.80278, -17.84], "size": [10, 8, 1], "pivot": [9, 17, -17.8], "rotation": [-90, 0, 0], "uv": [200, 107]},
						{"origin": [-18, 16.80278, -17.84], "size": [10, 8, 1], "pivot": [-16, 17, -17.8], "rotation": [-90, 0, 0], "uv": [153, 198]},
						{"origin": [8, 10.7, -41.71], "size": [11, 3, 1], "pivot": [8, 11, -41.8], "rotation": [-5, -10, 0], "uv": [200, 116]},
						{"origin": [8, 14.022, -41.345], "size": [11, 1, 1], "pivot": [8, 14, -41.8], "rotation": [-50, -10, 0], "uv": [34, 149]},
						{"origin": [7.82635, 14.19, -41.06], "size": [11, 2, 1], "pivot": [8, 14, -40.8], "rotation": [-70, -10, 0], "uv": [33, 104]},
						{"origin": [7.47906, 14.99715, -38.79396], "size": [11, 13, 1], "pivot": [8, 15, -38.8], "rotation": [-82.5, -10, 0], "uv": [92, 191]},
						{"origin": [18.47906, 20.99715, -38.79396], "size": [1, 7, 1], "pivot": [8, 15, -38.8], "rotation": [-82.5, -10, 0], "uv": [164, 226]},
						{"origin": [5.12394, 16.92755, -24.49], "size": [13, 2, 1], "pivot": [13, 17, -24.8], "rotation": [-87.5, -10, 0], "uv": [66, 92]},
						{"origin": [-10, 8.7, -43.71], "size": [2, 2, 1], "pivot": [-8, 9, -44], "rotation": [0, 10, 0], "uv": [188, 206]},
						{"origin": [-19, 8.7, -43.71], "size": [4, 2, 1], "pivot": [-8, 9, -44], "rotation": [0, 10, 0], "uv": [223, 195]},
						{"origin": [-15, 9.7, -43.71], "size": [5, 1, 1], "pivot": [-8, 10, -44], "rotation": [0, 10, 0], "uv": [211, 61]},
						{"origin": [-19, 9.7, -42.71], "size": [11, 1, 1], "pivot": [-8, 10, -44], "rotation": [0, 10, 0], "uv": [58, 129]},
						{"origin": [-15, 8.7, -43.5], "size": [5, 1, 1], "pivot": [-8, 9, -44], "rotation": [0, 10, 0], "uv": [206, 105]},
						{"origin": [8, 8.7, -43.71], "size": [2, 2, 1], "pivot": [8, 9, -44], "rotation": [0, -10, 0], "uv": [177, 205]},
						{"origin": [15, 8.7, -43.71], "size": [4, 2, 1], "pivot": [8, 9, -44], "rotation": [0, -10, 0], "uv": [223, 184]},
						{"origin": [10, 9.7, -43.71], "size": [5, 1, 1], "pivot": [8, 10, -44], "rotation": [0, -10, 0], "uv": [205, 30]},
						{"origin": [8, 9.7, -42.71], "size": [11, 1, 1], "pivot": [8, 10, -44], "rotation": [0, -10, 0], "uv": [0, 120]},
						{"origin": [10, 8.7, -43.5], "size": [5, 1, 1], "pivot": [8, 9, -44], "rotation": [0, -10, 0], "uv": [30, 196]},
						{"origin": [-8, 8, -42], "size": [16, 1, 1], "pivot": [0, 4, -42], "rotation": [20, 0, 0], "uv": [165, 129]},
						{"origin": [-8, 4, -42], "size": [1, 4, 1], "pivot": [0, 4, -42], "rotation": [20, 0, 0], "uv": [0, 135]},
						{"origin": [-7, 3, -42], "size": [14, 1, 1], "pivot": [1, 4, -42], "rotation": [20, 0, 0], "uv": [66, 62]},
						{"origin": [-7, 4, -41], "size": [14, 4, 1], "pivot": [1, 4, -42], "rotation": [20, 0, 0], "uv": [66, 66]},
						{"origin": [7, 4, -42], "size": [1, 4, 1], "pivot": [15, 4, -42], "rotation": [20, 0, 0], "uv": [0, 129]},
						{"origin": [-18, 3, -43], "size": [10, 1, 1], "pivot": [-8, 3, -43], "rotation": [0, 10, 0], "uv": [203, 83]},
						{"origin": [-18, 3, -41], "size": [10, 1, 7], "pivot": [-8, 3, -43], "rotation": [0, 10, 0], "uv": [30, 185]},
						{"origin": [-19.3, 3, -43], "size": [2, 1, 1], "pivot": [-8, 3, -43], "rotation": [0, 10, 0], "uv": [49, 100]},
						{"origin": [-18.82635, 8, -41.98481], "size": [11, 1, 1], "pivot": [-8, 4, -42], "rotation": [20, 10, 0], "uv": [66, 95]},
						{"origin": [-8.7, 8, -41.98481], "size": [1, 1, 1], "pivot": [-8, 4, -42], "rotation": [20, 10, 0], "uv": [227, 55]},
						{"origin": [-14.82635, 3, -41.98481], "size": [7, 1, 1], "pivot": [-8, 4, -42], "rotation": [20, 10, 0], "uv": [152, 164]},
						{"origin": [-14.82635, 6, -41.98481], "size": [7, 1, 1], "pivot": [-8, 4, -42], "rotation": [20, 10, 0], "uv": [115, 27]},
						{"origin": [-14.82635, 4, -40.98481], "size": [7, 4, 1], "pivot": [-8, 4, -42], "rotation": [20, 10, 0], "uv": [114, 87]},
						{"origin": [-18.82635, 4, -41.98481], "size": [4, 4, 1], "pivot": [-8, 4, -42], "rotation": [20, 10, 0], "uv": [123, 173]},
						{"origin": [-14.74386, 3.98048, -40.93117], "size": [1, 4, 1], "pivot": [-14, 4, -41], "rotation": [16, 15, -12.5], "uv": [117, 6]},
						{"origin": [8, 3, -43], "size": [10, 1, 1], "pivot": [8, 3, -43], "rotation": [0, -10, 0], "uv": [203, 80]},
						{"origin": [8, 3, -41], "size": [9, 1, 7], "pivot": [8, 3, -43], "rotation": [0, -10, 0], "uv": [66, 110]},
						{"origin": [17.3, 3, -43], "size": [2, 1, 1], "pivot": [8, 3, -43], "rotation": [0, -10, 0], "uv": [99, 4]},
						{"origin": [7.82635, 8, -41.98481], "size": [11, 1, 1], "pivot": [8, 4, -42], "rotation": [20, -10, 0], "uv": [66, 74]},
						{"origin": [7.7, 8, -41.98481], "size": [1, 1, 1], "pivot": [8, 4, -42], "rotation": [20, -10, 0], "uv": [227, 43]},
						{"origin": [14.82635, 4, -41.98481], "size": [4, 4, 1], "pivot": [8, 4, -42], "rotation": [20, -10, 0], "uv": [56, 173]},
						{"origin": [13.74386, 3.98048, -40.93117], "size": [1, 4, 1], "pivot": [14, 4, -41], "rotation": [16, -15, 12.5], "uv": [117, 0]},
						{"origin": [7.82635, 3, -41.98481], "size": [7, 1, 1], "pivot": [8, 4, -42], "rotation": [20, -10, 0], "uv": [14, 103]},
						{"origin": [7.82635, 6, -41.98481], "size": [7, 1, 1], "pivot": [8, 4, -42], "rotation": [20, -10, 0], "uv": [15, 86]},
						{"origin": [7.82635, 4, -40.98481], "size": [7, 4, 1], "pivot": [8, 4, -42], "rotation": [20, -10, 0], "uv": [114, 73]},
						{"origin": [-18, 6, -25], "size": [36, 2, 2], "uv": [132, 72]},
						{"origin": [12, 6, 22], "size": [6, 2, 2], "uv": [105, 185]},
						{"origin": [-18, 6, 22], "size": [6, 2, 2], "uv": [105, 181]},
						{"origin": [11, 4, -31], "size": [1, 10, 14], "uv": [0, 32]},
						{"origin": [-12, 4, -31], "size": [1, 10, 14], "uv": [0, 0]}
					]
				},
				{
					"name": "fronttireguard",
					"parent": "front",
					"pivot": [0, 1, -4],
					"cubes": [
						{"origin": [18, 8, -32], "size": [1, 7, 1], "uv": [160, 226]},
						{"origin": [-19, 8, -32], "size": [1, 7, 1], "uv": [156, 226]},
						{"origin": [18, 8, -17], "size": [1, 7, 1], "uv": [152, 226]},
						{"origin": [-19, 8, -17], "size": [1, 7, 1], "uv": [142, 226]},
						{"origin": [18, 11, -18], "size": [1, 4, 1], "uv": [100, 58]},
						{"origin": [-19, 11, -18], "size": [1, 4, 1], "uv": [7, 100]},
						{"origin": [18, 11, -31], "size": [1, 4, 1], "uv": [0, 100]},
						{"origin": [-19, 11, -31], "size": [1, 4, 1], "uv": [99, 85]},
						{"origin": [18, 12, -30], "size": [1, 3, 1], "uv": [106, 33]},
						{"origin": [-19, 12, -30], "size": [1, 3, 1], "uv": [100, 33]},
						{"origin": [18, 12, -19], "size": [1, 3, 1], "uv": [76, 51]},
						{"origin": [-19, 12, -19], "size": [1, 3, 1], "uv": [66, 51]},
						{"origin": [18, 13, -20], "size": [1, 2, 1], "uv": [129, 191]},
						{"origin": [-19, 13, -20], "size": [1, 2, 1], "uv": [123, 191]},
						{"origin": [18, 13, -29], "size": [1, 2, 1], "uv": [180, 151]},
						{"origin": [-19, 13, -29], "size": [1, 2, 1], "uv": [123, 178]},
						{"origin": [18, 14, -28], "size": [1, 1, 2], "uv": [204, 100]},
						{"origin": [-19, 14, -28], "size": [1, 1, 2], "uv": [200, 120]},
						{"origin": [18, 14, -22], "size": [1, 1, 2], "uv": [37, 199]},
						{"origin": [-19, 14, -22], "size": [1, 1, 2], "uv": [198, 133]},
						{"origin": [18, 15, -29], "size": [1, 1, 13], "uv": [15, 185]},
						{"origin": [-19, 15, -29], "size": [1, 1, 13], "uv": [0, 181]}
					]
				},
				{
					"name": "hexadecagon",
					"parent": "fronttireguard",
					"pivot": [27, -1, -32],
					"cubes": [
						{"origin": [17, 3.4087, -32], "size": [2, 5.1826, 1], "uv": [24, 32]},
						{"origin": [17, 2.4087, -17], "size": [2, 6.1826, 1], "uv": [24, 76]},
						{"origin": [17, 5.4087, -32], "size": [2, 3.1826, 1], "pivot": [19, 7, -24], "rotation": [-22.5, 0, 0], "uv": [106, 71]},
						{"origin": [17, 5.4087, -32], "size": [2, 3.1826, 1], "pivot": [19, 7, -24], "rotation": [-45, 0, 0], "uv": [106, 65]},
						{"origin": [17, 5.4087, -17], "size": [2, 3.1826, 1], "pivot": [19, 7, -24], "rotation": [45, 0, 0], "uv": [106, 21]},
						{"origin": [17, 5.4087, -17], "size": [2, 3.1826, 1], "pivot": [19, 7, -24], "rotation": [22.5, 0, 0], "uv": [106, 15]},
						{"origin": [17, 14, -25.5913], "size": [2, 1, 3.1826], "pivot": [19, 7, -24], "rotation": [22.5, 0, 0], "uv": [219, 21]},
						{"origin": [17, 14, -25.5913], "size": [2, 1, 3.1826], "uv": [218, 211]},
						{"origin": [17, 14, -25.5913], "size": [2, 1, 3.1826], "pivot": [19, 7, -24], "rotation": [-22.5, 0, 0], "uv": [218, 136]}
					]
				},
				{
					"name": "hexadecagon4",
					"parent": "fronttireguard",
					"pivot": [25, -1, -32],
					"cubes": [
						{"origin": [-17, 3.4087, -32], "size": [34, 5.1826, 1], "uv": [134, 99]},
						{"origin": [-17, 3.4087, -17], "size": [34, 5.1826, 1], "uv": [58, 134]},
						{"origin": [-17, 5.4087, -32], "size": [34, 3.1826, 1], "pivot": [17, 7, -24], "rotation": [-22.5, 0, 0], "uv": [141, 143]},
						{"origin": [-17, 5.4087, -32], "size": [34, 3.1826, 1], "pivot": [17, 7, -24], "rotation": [-45, 0, 0], "uv": [71, 143]},
						{"origin": [-17, 5.4087, -17], "size": [34, 3.1826, 1], "pivot": [17, 7, -24], "rotation": [45, 0, 0], "uv": [127, 139]},
						{"origin": [-17, 5.4087, -17], "size": [34, 3.1826, 1], "pivot": [17, 7, -24], "rotation": [22.5, 0, 0], "uv": [134, 123]},
						{"origin": [-17, 14, -25.5913], "size": [34, 1, 3.1826], "pivot": [17, 7, -24], "rotation": [22.5, 0, 0], "uv": [132, 87]},
						{"origin": [-17, 14, -25.5913], "size": [34, 1, 3.1826], "uv": [132, 83]},
						{"origin": [-17, 14, -25.5913], "size": [34, 1, 3.1826], "pivot": [17, 7, -24], "rotation": [-22.5, 0, 0], "uv": [132, 79]}
					]
				},
				{
					"name": "hexadecagon3",
					"parent": "fronttireguard",
					"pivot": [-9, -1, -32],
					"cubes": [
						{"origin": [-19, 3.4087, -32], "size": [2, 5.1826, 1], "pivot": [-19, 8.6, -32], "rotation": [0, 0, -5], "uv": [16, 32]},
						{"origin": [-19, 2.4087, -17], "size": [2, 6.1826, 1], "uv": [15, 76]},
						{"origin": [-19, 5.4087, -32], "size": [2, 3.1826, 1], "pivot": [-17, 7, -24], "rotation": [-22.5, 0, 0], "uv": [106, 7]},
						{"origin": [-19, 5.4087, -32], "size": [2, 3.1826, 1], "pivot": [-17, 7, -24], "rotation": [-45, 0, 0], "uv": [99, 0]},
						{"origin": [-19, 5.4087, -17], "size": [2, 3.1826, 1], "pivot": [-17, 7, -24], "rotation": [45, 0, 0], "uv": [57, 96]},
						{"origin": [-19, 5.4087, -17], "size": [2, 3.1826, 1], "pivot": [-17, 7, -24], "rotation": [22.5, 0, 0], "uv": [49, 96]},
						{"origin": [-19, 14, -25.5913], "size": [2, 1, 3.1826], "pivot": [-17, 7, -24], "rotation": [22.5, 0, 0], "uv": [218, 63]},
						{"origin": [-19, 14, -25.5913], "size": [2, 1, 3.1826], "uv": [126, 218]},
						{"origin": [-19, 14, -25.5913], "size": [2, 1, 3.1826], "pivot": [-17, 7, -24], "rotation": [-22.5, 0, 0], "uv": [118, 201]}
					]
				},
				{
					"name": "mid",
					"pivot": [0, 0, -1],
					"cubes": [
						{"origin": [17, 4, -16], "size": [1, 13, 31], "uv": [0, 76]},
						{"origin": [17.2, 14, 6], "size": [1, 1, 4], "uv": [100, 163]},
						{"origin": [-18.2, 14, 6], "size": [1, 1, 4], "uv": [99, 156]},
						{"origin": [16, 4, -16], "size": [1, 13, 31], "uv": [66, 66]},
						{"origin": [3, 11, -11], "size": [13, 6, 4], "uv": [180, 151]},
						{"origin": [3, 11, -13], "size": [13, 1, 2], "uv": [66, 89]},
						{"origin": [-16, 11, -13], "size": [13, 1, 2], "uv": [66, 71]},
						{"origin": [-16, 11, -11], "size": [13, 6, 4], "uv": [123, 179]},
						{"origin": [-7, 5, -13], "size": [2, 1, 3], "pivot": [-2, -3, -16], "rotation": [-2.5, 0, 0], "uv": [45, 200]},
						{"origin": [-10, 5, -13], "size": [2, 1, 3], "pivot": [-5, -3, -16], "rotation": [-2.5, 0, 0], "uv": [12, 199]},
						{"origin": [-6.5, 4, -13], "size": [1, 1, 3], "uv": [108, 225]},
						{"origin": [-9.5, 4, -13], "size": [1, 1, 3], "uv": [224, 100]},
						{"origin": [-3, 4, -11], "size": [6, 13, 4], "uv": [133, 3]},
						{"origin": [-3, 4, -13], "size": [6, 7, 2], "uv": [14, 94]},
						{"origin": [-3, 4, -7], "size": [6, 4, 20], "uv": [133, 3]},
						{"origin": [-3, 5, -9], "size": [6, 6, 2], "pivot": [0, 11, -7], "rotation": [35, 0, 0], "uv": [115, 15]},
						{"origin": [-16, 4, -14], "size": [32, 7, 1], "uv": [134, 115]},
						{"origin": [-17, 4, -16], "size": [1, 13, 31], "uv": [33, 45]},
						{"origin": [-18, 4, -16], "size": [1, 13, 31], "uv": [0, 32]}
					]
				},
				{
					"name": "pecutan",
					"parent": "mid",
					"pivot": [-8, -3, -16],
					"cubes": [
						{"origin": [-12.5, 4, -13], "size": [1, 1, 3], "uv": [218, 224]},
						{"origin": [-13, 5, -13], "size": [2, 1, 3], "pivot": [-8, -3, -16], "rotation": [-2.5, 0, 0], "uv": [0, 199]}
					]
				},
				{
					"name": "cabinex",
					"parent": "mid",
					"pivot": [0, 0, -2],
					"cubes": [
						{"origin": [16, 16, -12], "size": [1, 17, 1], "pivot": [17, 16, -12], "rotation": [-57.5, 0, 0], "uv": [195, 206]},
						{"origin": [16, 17, -11], "size": [1, 16, 1], "pivot": [17, 16, -12], "rotation": [-57.5, 0, 0], "uv": [4, 153]},
						{"origin": [-17, 17, -11], "size": [1, 16, 1], "pivot": [-16, 16, -12], "rotation": [-57.5, 0, 0], "uv": [0, 153]},
						{"origin": [12, 14, -14], "size": [1, 2, 1], "uv": [62, 178]},
						{"origin": [-13, 13, -14], "size": [1, 2, 1], "uv": [56, 178]},
						{"origin": [12, 14, -15.5], "size": [1, 2, 1], "uv": [62, 168]},
						{"origin": [-15, 13, -15.5], "size": [1, 2, 1], "uv": [167, 32]},
						{"origin": [-16, 32, -12], "size": [32, 1, 1], "pivot": [16, 16, -12], "rotation": [-57.5, 0, 0], "uv": [0, 151]},
						{"origin": [-16, 18, -12], "size": [32, 1, 1], "pivot": [16, 16, -12], "rotation": [-57.5, 0, 0], "uv": [129, 149]},
						{"origin": [-16, 31, -12], "size": [32, 1, 1], "pivot": [16, 16, -12], "rotation": [-57.5, 0, 0], "uv": [126, 147]},
						{"origin": [-16, 19, -12], "size": [1, 12, 1], "pivot": [16, 16, -12], "rotation": [-57.5, 0, 0], "uv": [77, 209]},
						{"origin": [15, 19, -12], "size": [1, 12, 1], "pivot": [47, 16, -12], "rotation": [-57.5, 0, 0], "uv": [26, 209]},
						{"origin": [-17, 16, -12], "size": [1, 17, 1], "pivot": [-16, 16, -12], "rotation": [-57.5, 0, 0], "uv": [122, 206]},
						{"origin": [16, 25.35682, 1.943], "size": [1, 2, 1], "pivot": [17, 25, 2], "rotation": [-77.5, 0, 0], "uv": [106, 163]},
						{"origin": [16, 25.35682, 2.943], "size": [1, 2, 1], "pivot": [17, 25, 2], "rotation": [-77.5, 0, 0], "uv": [100, 163]},
						{"origin": [-17, 25.35682, 2.943], "size": [1, 2, 1], "pivot": [-16, 25, 2], "rotation": [-77.5, 0, 0], "uv": [160, 33]},
						{"origin": [-17, 25.35682, 1.943], "size": [1, 2, 1], "pivot": [-16, 25, 2], "rotation": [-77.5, 0, 0], "uv": [51, 159]},
						{"origin": [-16, 25.35682, 1.943], "size": [32, 2, 1], "pivot": [-15, 25, 2], "rotation": [-77.5, 0, 0], "uv": [58, 140]},
						{"origin": [16, 26.28, 4.437], "size": [1, 7, 1], "pivot": [17, 26, 4], "rotation": [-90, 0, 0], "uv": [214, 224]},
						{"origin": [16, 25.28, 4.437], "size": [1, 7, 1], "pivot": [17, 25, 4], "rotation": [-90, 0, 0], "uv": [210, 224]},
						{"origin": [-17, 25.28, 4.437], "size": [1, 7, 1], "pivot": [-16, 25, 4], "rotation": [-90, 0, 0], "uv": [206, 224]},
						{"origin": [-16, 26.28, 4.437], "size": [32, 7, 1], "pivot": [16, 26, 4], "rotation": [-90, 0, 0], "uv": [134, 107]},
						{"origin": [-17, 26.28, 4.437], "size": [1, 7, 1], "pivot": [-16, 26, 4], "rotation": [-90, 0, 0], "uv": [202, 224]},
						{"origin": [-17, 9, 6.5], "size": [1, 20, 1], "pivot": [-16, 20, 4], "rotation": [-90, 0, 0], "uv": [8, 206]},
						{"origin": [16, 9, 6.5], "size": [1, 20, 1], "pivot": [17, 20, 4], "rotation": [-90, 0, 0], "uv": [4, 206]},
						{"origin": [16, 26.31, 11.413], "size": [1, 4, 1], "pivot": [17, 26, 11], "rotation": [-95, 0, 0], "uv": [99, 79]},
						{"origin": [16, 26.31, 12.413], "size": [1, 2, 1], "pivot": [17, 26, 11], "rotation": [-95, 0, 0], "uv": [26, 159]},
						{"origin": [-17, 26.31, 12.413], "size": [1, 2, 1], "pivot": [-16, 26, 11], "rotation": [-95, 0, 0], "uv": [19, 159]},
						{"origin": [16, 27.31, 13.413], "size": [1, 1, 6], "pivot": [17, 26, 11], "rotation": [-95, 0, 0], "uv": [33, 96]},
						{"origin": [-17, 27.31, 13.413], "size": [1, 1, 6], "pivot": [-16, 26, 11], "rotation": [-95, 0, 0], "uv": [49, 89]},
						{"origin": [-16, 26.31, 11.413], "size": [32, 4, 1], "pivot": [16, 26, 11], "rotation": [-95, 0, 0], "uv": [0, 144]},
						{"origin": [-17, 26.31, 11.413], "size": [1, 4, 1], "pivot": [-16, 26, 11], "rotation": [-95, 0, 0], "uv": [99, 71]},
						{"origin": [16, 28.31, 12.413], "size": [1, 2, 6], "pivot": [17, 26, 11], "rotation": [-95, 0, 0], "uv": [16, 32]},
						{"origin": [16, 28.31, 17.9], "size": [1, 2, 1], "pivot": [17, 26, 11], "rotation": [-95, 0, 0], "uv": [75, 158]},
						{"origin": [-17, 28.31, 17.9], "size": [1, 2, 1], "pivot": [-16, 26, 11], "rotation": [-95, 0, 0], "uv": [105, 156]},
						{"origin": [-17, 28.31, 12.413], "size": [1, 2, 6], "pivot": [-16, 26, 11], "rotation": [-95, 0, 0], "uv": [0, 32]},
						{"origin": [-17, 27.6, 19], "size": [1, 2, 1], "pivot": [-16, 26, 11], "rotation": [-90, 0, 0], "uv": [99, 156]},
						{"origin": [16, 27.6, 19], "size": [1, 2, 1], "pivot": [17, 26, 11], "rotation": [-90, 0, 0], "uv": [51, 153]},
						{"origin": [16, 25.145, 14.697], "size": [1, 20, 1], "pivot": [17, 25, 15], "rotation": [-115, -7.5, 0], "uv": [0, 206]},
						{"origin": [-16, 25.145, 14.697], "size": [32, 1, 1], "pivot": [-16, 25, 15], "rotation": [-115, 0, 0], "uv": [136, 131]},
						{"origin": [-16, 25.145, 14.697], "size": [35, 1, 1], "pivot": [-16, 25, 15], "rotation": [-117.5, -25, 12.7], "uv": [134, 105]},
						{"origin": [-19, 25.145, 14.697], "size": [35, 1, 1], "pivot": [16, 25, 15], "rotation": [-117.5, 25, -12.7], "uv": [133, 30]},
						{"origin": [-14, 41.145, 14.697], "size": [28, 4, 1], "pivot": [14, 25, 15], "rotation": [-115, 0, 0], "uv": [33, 33]},
						{"origin": [16, 17, 14], "size": [1, 15, 1], "pivot": [17, 17, 15], "rotation": [-90, -7.5, 0], "uv": [12, 153]},
						{"origin": [16, 16, 14], "size": [1, 15, 1], "pivot": [17, 16, 15], "rotation": [-90, -7.5, 0], "uv": [8, 153]},
						{"origin": [16, 25.145, 15.697], "size": [1, 1, 8], "pivot": [17, 25, 15], "rotation": [-95, -7.5, 0], "uv": [203, 71]},
						{"origin": [-17, 25.145, 14.697], "size": [1, 20, 1], "pivot": [-17, 25, 15], "rotation": [-115, 7.5, 0], "uv": [94, 32]},
						{"origin": [-17, 17, 14], "size": [1, 15, 1], "pivot": [-17, 17, 15], "rotation": [-90, 7.5, 0], "uv": [122, 151]},
						{"origin": [-17, 16, 14], "size": [1, 15, 1], "pivot": [-17, 16, 15], "rotation": [-90, 7.5, 0], "uv": [110, 33]},
						{"origin": [-17, 25.145, 15.697], "size": [1, 1, 8], "pivot": [-17, 25, 15], "rotation": [-95, 7.5, 0], "uv": [142, 202]}
					]
				},
				{
					"name": "sml",
					"parent": "cabinex",
					"pivot": [0, 0, -2],
					"cubes": [
						{"origin": [17, 17, -8], "size": [1, 1, 1], "uv": [227, 27]},
						{"origin": [18, 17, -8], "size": [3, 2, 1], "pivot": [18, 17, -8], "rotation": [0, -30, 0], "uv": [110, 115]}
					]
				},
				{
					"name": "smr",
					"parent": "cabinex",
					"pivot": [-35, 0, -2],
					"cubes": [
						{"origin": [-18, 17, -8], "size": [1, 1, 1], "uv": [227, 11]},
						{"origin": [-21, 17, -8], "size": [3, 2, 1], "pivot": [-18, 17, -8], "rotation": [0, 30, 0], "uv": [80, 38]}
					]
				},
				{
					"name": "cabinin",
					"parent": "mid",
					"pivot": [0, 0, -1],
					"cubes": [
						{"origin": [-10.5, 12, -7.5], "size": [3, 3, 1], "uv": [194, 224]},
						{"origin": [-9.5, 13, -7.5], "size": [1, 1, 3], "pivot": [-8, 14, -7], "rotation": [7.5, 0, 0], "uv": [118, 224]},
						{"origin": [-8.5, 13, -6], "size": [2, 1, 1], "pivot": [-7, 14, -7], "rotation": [7.5, 0, 0], "uv": [90, 95]},
						{"origin": [-11.5, 13, -6], "size": [2, 1, 1], "pivot": [-7, 14, -7], "rotation": [7.5, 0, 0], "uv": [57, 93]}
					]
				},
				{
					"name": "stickshift",
					"parent": "cabinin",
					"pivot": [0, 0, -1],
					"cubes": [
						{"origin": [-2, 8, -4], "size": [4, 1, 5], "uv": [24, 199]},
						{"origin": [-0.5, 8.5, -2], "size": [1, 4, 1], "pivot": [-1, 10, -1], "rotation": [-15, 0, 0], "uv": [99, 65]},
						{"origin": [-1.5, 8.5, -3.5], "size": [3, 1, 4], "uv": [66, 51]}
					]
				},
				{
					"name": "handbrake",
					"parent": "cabinin",
					"pivot": [1, 0, -1],
					"cubes": [
						{"origin": [-1.5, 8, 5], "size": [2, 2, 2], "uv": [62, 224]},
						{"origin": [-1, 9, 2], "size": [1, 1, 3], "uv": [223, 203]},
						{"origin": [-1.5, 8, 7], "size": [2, 2, 3], "pivot": [0, 10, 7], "rotation": [-42.5, 0, 0], "uv": [99, 151]}
					]
				},
				{
					"name": "driversseat",
					"parent": "cabinin",
					"pivot": [0, 0, -2],
					"cubes": [
						{"origin": [-4, 8, -1], "size": [1, 1, 12], "uv": [127, 189]},
						{"origin": [-4, 8, 1], "size": [1, 1, 9], "pivot": [-3, 8, 10], "rotation": [-100, 0, 0], "uv": [46, 198]},
						{"origin": [-15, 17.578, 8.3], "size": [1, 1, 3], "pivot": [-14, 17, 11], "rotation": [-90, 0, 0], "uv": [223, 162]},
						{"origin": [-14, 17.578, 9.3], "size": [10, 1, 3], "pivot": [-13, 17, 12], "rotation": [-90, 0, 0], "uv": [197, 17]},
						{"origin": [-14, 18.578, 8.3], "size": [3, 1, 1], "pivot": [-13, 18, 11], "rotation": [-90, 0, 0], "uv": [226, 177]},
						{"origin": [-15.21, 21.578, 11.215], "size": [1, 1, 1], "pivot": [-14, 21, 11], "rotation": [-90, 0, -45], "uv": [189, 227]},
						{"origin": [-12.21, 22.578, 11.215], "size": [1, 1, 1], "pivot": [-11, 22, 11], "rotation": [-90, 0, -45], "uv": [185, 227]},
						{"origin": [-8.21, 22.578, 11.215], "size": [1, 1, 1], "pivot": [-7, 22, 11], "rotation": [-90, 0, -45], "uv": [181, 227]},
						{"origin": [-8.21, 22.578, 11.62], "size": [1, 1, 1], "pivot": [-7, 22, 11], "rotation": [-90, 0, -45], "uv": [177, 227]},
						{"origin": [-5.21, 21.578, 11.62], "size": [1, 1, 1], "pivot": [-4, 21, 11], "rotation": [-90, 0, -45], "uv": [146, 227]},
						{"origin": [-5.21, 21.578, 11.215], "size": [1, 1, 1], "pivot": [-4, 21, 11], "rotation": [-90, 0, -45], "uv": [129, 227]},
						{"origin": [-15.615, 21.578, 11.215], "size": [1, 1, 1], "pivot": [-14, 21, 11], "rotation": [-90, 0, -45], "uv": [125, 227]},
						{"origin": [-12.615, 22.578, 11.215], "size": [1, 1, 1], "pivot": [-11, 22, 11], "rotation": [-90, 0, -45], "uv": [73, 227]},
						{"origin": [-7, 18.578, 8.3], "size": [3, 1, 1], "pivot": [-6, 18, 11], "rotation": [-90, 0, 0], "uv": [226, 174]},
						{"origin": [-11, 19.578, 8.3], "size": [4, 1, 1], "pivot": [-9, 19, 11], "rotation": [-90, 0, 0], "uv": [16, 12]},
						{"origin": [-4, 17.578, 8.3], "size": [1, 1, 3], "pivot": [-3, 17, 11], "rotation": [-90, 0, 0], "uv": [222, 82]},
						{"origin": [-15, 8, 1], "size": [1, 1, 9], "pivot": [-14, 8, 10], "rotation": [-100, 0, 0], "uv": [197, 87]},
						{"origin": [-14, 9, 1], "size": [10, 1, 11], "pivot": [-13, 8, 10], "rotation": [-100, 0, 0], "uv": [25, 173]},
						{"origin": [-14, 9, 0.8], "size": [10, 1, 1], "pivot": [-13, 8, 10], "rotation": [-100, 0, 0], "uv": [201, 181]},
						{"origin": [-15, 8, -1], "size": [1, 1, 12], "uv": [66, 189]},
						{"origin": [-14, 4, -1], "size": [10, 4, 12], "uv": [160, 32]}
					]
				},
				{
					"name": "passengerseat",
					"parent": "cabinin",
					"pivot": [18, 0, -2],
					"cubes": [
						{"origin": [14, 8, -1], "size": [1, 1, 12], "uv": [52, 185]},
						{"origin": [14, 8, 1], "size": [1, 1, 9], "pivot": [15, 8, 10], "rotation": [-100, 0, 0], "uv": [196, 130]},
						{"origin": [3, 17.578, 8.3], "size": [1, 1, 3], "pivot": [4, 17, 11], "rotation": [-90, 0, 0], "uv": [222, 27]},
						{"origin": [4, 17.578, 9.3], "size": [10, 1, 3], "pivot": [5, 17, 12], "rotation": [-90, 0, 0], "uv": [197, 13]},
						{"origin": [4, 18.578, 8.3], "size": [3, 1, 1], "pivot": [5, 18, 11], "rotation": [-90, 0, 0], "uv": [226, 171]},
						{"origin": [2.79, 21.578, 11.215], "size": [1, 1, 1], "pivot": [4, 21, 11], "rotation": [-90, 0, -45], "uv": [69, 227]},
						{"origin": [5.79, 22.578, 11.215], "size": [1, 1, 1], "pivot": [7, 22, 11], "rotation": [-90, 0, -45], "uv": [32, 227]},
						{"origin": [9.79, 22.578, 11.215], "size": [1, 1, 1], "pivot": [11, 22, 11], "rotation": [-90, 0, -45], "uv": [28, 227]},
						{"origin": [9.79, 22.578, 11.62], "size": [1, 1, 1], "pivot": [11, 22, 11], "rotation": [-90, 0, -45], "uv": [24, 227]},
						{"origin": [12.79, 21.578, 11.62], "size": [1, 1, 1], "pivot": [14, 21, 11], "rotation": [-90, 0, -45], "uv": [20, 227]},
						{"origin": [12.79, 21.578, 11.215], "size": [1, 1, 1], "pivot": [14, 21, 11], "rotation": [-90, 0, -45], "uv": [8, 227]},
						{"origin": [2.385, 21.578, 11.215], "size": [1, 1, 1], "pivot": [4, 21, 11], "rotation": [-90, 0, -45], "uv": [4, 227]},
						{"origin": [5.385, 22.578, 11.215], "size": [1, 1, 1], "pivot": [7, 22, 11], "rotation": [-90, 0, -45], "uv": [0, 227]},
						{"origin": [11, 18.578, 8.3], "size": [3, 1, 1], "pivot": [12, 18, 11], "rotation": [-90, 0, 0], "uv": [226, 155]},
						{"origin": [7, 19.578, 8.3], "size": [4, 1, 1], "pivot": [9, 19, 11], "rotation": [-90, 0, 0], "uv": [0, 12]},
						{"origin": [14, 17.578, 8.3], "size": [1, 1, 3], "pivot": [15, 17, 11], "rotation": [-90, 0, 0], "uv": [94, 209]},
						{"origin": [3, 8, 1], "size": [1, 1, 9], "pivot": [4, 8, 10], "rotation": [-100, 0, 0], "uv": [118, 191]},
						{"origin": [4, 9, 1], "size": [10, 1, 11], "pivot": [5, 8, 10], "rotation": [-100, 0, 0], "uv": [68, 151]},
						{"origin": [4, 9, 0.8], "size": [10, 1, 1], "pivot": [5, 8, 10], "rotation": [-100, 0, 0], "uv": [197, 140]},
						{"origin": [3, 8, -1], "size": [1, 1, 12], "uv": [0, 94]},
						{"origin": [4, 4, -1], "size": [10, 4, 12], "uv": [19, 153]}
					]
				},
				{
					"name": "rvm",
					"parent": "cabinin",
					"pivot": [0, 0, -1],
					"cubes": [
						{"origin": [-0.5, 23.5, 2], "size": [1, 1, 1], "uv": [226, 217]},
						{"origin": [-2.5, 21.5, 2], "size": [5, 2, 1], "uv": [219, 6]}
					]
				},
				{
					"name": "steeringwheel",
					"parent": "cabinin",
					"pivot": [-9, 14, -4],
					"cubes": [
						{"origin": [-10.5, 12.5, -4.5], "size": [3, 3, 1], "uv": [165, 8]},
						{"origin": [-9.5, 10.5, -4.5], "size": [1, 2, 1], "uv": [118, 151]},
						{"origin": [-7.5, 13.5, -4.5], "size": [2, 1, 1], "uv": [49, 93]},
						{"origin": [-12.5, 13.5, -4.5], "size": [2, 1, 1], "uv": [41, 93]}
					]
				},
				{
					"name": "sw1",
					"parent": "steeringwheel",
					"pivot": [-9, 14, -4],
					"cubes": [
						{"origin": [-9.5, 17.5, -4.5], "size": [1, 1, 1], "pivot": [-9, 14, -5], "rotation": [0, 0, 37.5], "uv": [80, 221]},
						{"origin": [-9.5, 17.5, -4.5], "size": [1, 1, 1], "pivot": [-9, 14, -5], "rotation": [0, 0, 50], "uv": [114, 220]},
						{"origin": [-9.5, 17.5, -4.5], "size": [1, 1, 1], "pivot": [-9, 14, -5], "rotation": [0, 0, 62.5], "uv": [219, 203]},
						{"origin": [-9.5, 17.5, -4.5], "size": [1, 1, 1], "pivot": [-9, 14, -5], "rotation": [0, 0, 75], "uv": [133, 219]},
						{"origin": [-9.5, 17.5, -4.5], "size": [1, 1, 1], "pivot": [-9, 14, -5], "rotation": [0, 0, 87.5], "uv": [218, 21]}
					]
				},
				{
					"name": "sw2",
					"parent": "steeringwheel",
					"pivot": [-9, 14, -4],
					"rotation": [0, 0, 100],
					"cubes": [
						{"origin": [-9.5, 17.5, -4.5], "size": [1, 1, 1], "uv": [217, 30]},
						{"origin": [-9.5, 17.5, -4.5], "size": [1, 1, 1], "pivot": [-9, 14, -5], "rotation": [0, 0, 12.5], "uv": [104, 217]},
						{"origin": [-9.5, 17.5, -4.5], "size": [1, 1, 1], "pivot": [-9, 14, -5], "rotation": [0, 0, 25], "uv": [73, 215]},
						{"origin": [-9.5, 17.5, -4.5], "size": [1, 1, 1], "pivot": [-9, 14, -5], "rotation": [0, 0, 37.5], "uv": [51, 211]},
						{"origin": [-9.5, 17.5, -4.5], "size": [1, 1, 1], "pivot": [-9, 14, -5], "rotation": [0, 0, 50], "uv": [138, 209]},
						{"origin": [-9.5, 17.5, -4.5], "size": [1, 1, 1], "pivot": [-9, 14, -5], "rotation": [0, 0, 62.5], "uv": [171, 208]},
						{"origin": [-9.5, 17.5, -4.5], "size": [1, 1, 1], "pivot": [-9, 14, -5], "rotation": [0, 0, 75], "uv": [49, 208]},
						{"origin": [-9.5, 17.5, -4.5], "size": [1, 1, 1], "pivot": [-9, 14, -5], "rotation": [0, 0, 87.5], "uv": [206, 85]}
					]
				},
				{
					"name": "sw3",
					"parent": "steeringwheel",
					"pivot": [-9, 14, -4],
					"rotation": [0, 0, -160],
					"cubes": [
						{"origin": [-9.5, 17.5, -4.5], "size": [1, 1, 1], "uv": [206, 72]},
						{"origin": [-9.5, 17.5, -4.5], "size": [1, 1, 1], "pivot": [-9, 14, -5], "rotation": [0, 0, 12.5], "uv": [203, 126]},
						{"origin": [-9.5, 17.5, -4.5], "size": [1, 1, 1], "pivot": [-9, 14, -5], "rotation": [0, 0, 25], "uv": [37, 202]},
						{"origin": [-9.5, 17.5, -4.5], "size": [1, 1, 1], "pivot": [-9, 14, -5], "rotation": [0, 0, 37.5], "uv": [24, 202]},
						{"origin": [-9.5, 17.5, -4.5], "size": [1, 1, 1], "pivot": [-9, 14, -5], "rotation": [0, 0, 50], "uv": [201, 130]},
						{"origin": [-9.5, 17.5, -4.5], "size": [1, 1, 1], "pivot": [-9, 14, -5], "rotation": [0, 0, 62.5], "uv": [198, 136]},
						{"origin": [-9.5, 17.5, -4.5], "size": [1, 1, 1], "pivot": [-9, 14, -5], "rotation": [0, 0, 75], "uv": [24, 195]},
						{"origin": [-9.5, 17.5, -4.5], "size": [1, 1, 1], "pivot": [-9, 14, -5], "rotation": [0, 0, 87.5], "uv": [60, 190]}
					]
				},
				{
					"name": "sw4",
					"parent": "steeringwheel",
					"pivot": [-9, 14, -4],
					"rotation": [0, 0, -60],
					"cubes": [
						{"origin": [-9.5, 17.5, -4.5], "size": [1, 1, 1], "uv": [33, 190]},
						{"origin": [-9.5, 17.5, -4.5], "size": [1, 1, 1], "pivot": [-9, 14, -5], "rotation": [0, 0, 12.5], "uv": [153, 181]},
						{"origin": [-9.5, 17.5, -4.5], "size": [1, 1, 1], "pivot": [-9, 14, -5], "rotation": [0, 0, 25], "uv": [123, 181]},
						{"origin": [-9.5, 17.5, -4.5], "size": [1, 1, 1], "pivot": [-9, 14, -5], "rotation": [0, 0, 37.5], "uv": [167, 35]},
						{"origin": [-9.5, 17.5, -4.5], "size": [1, 1, 1], "pivot": [-9, 14, -5], "rotation": [0, 0, 50], "uv": [51, 162]},
						{"origin": [-9.5, 17.5, -4.5], "size": [1, 1, 1], "pivot": [-9, 14, -5], "rotation": [0, 0, 62.5], "uv": [26, 162]},
						{"origin": [-9.5, 17.5, -4.5], "size": [1, 1, 1], "pivot": [-9, 14, -5], "rotation": [0, 0, 75], "uv": [19, 162]},
						{"origin": [-9.5, 17.5, -4.5], "size": [1, 1, 1], "pivot": [-9, 14, -5], "rotation": [0, 0, 87.5], "uv": [51, 156]}
					]
				},
				{
					"name": "back",
					"pivot": [0, 0, 0],
					"cubes": [
						{"origin": [18, 4, 31], "size": [1, 1, 1], "uv": [58, 149]},
						{"origin": [-19, 4, 31], "size": [1, 1, 1], "uv": [7, 138]},
						{"origin": [-17, 4, 31], "size": [34, 1, 1], "uv": [134, 127]},
						{"origin": [18, 5, 31], "size": [1, 11, 1], "uv": [37, 211]},
						{"origin": [18, 5, 32], "size": [1, 11, 4], "uv": [112, 151]},
						{"origin": [-19, 5, 32], "size": [1, 11, 4], "uv": [100, 33]},
						{"origin": [18, 6, 36], "size": [1, 5, 1], "uv": [41, 96]},
						{"origin": [18, 5.9, 36], "size": [1, 1, 1], "uv": [7, 132]},
						{"origin": [-19, 5.9, 36], "size": [1, 1, 1], "uv": [126, 92]},
						{"origin": [-19, 6, 36], "size": [1, 5, 1], "uv": [33, 96]},
						{"origin": [18, 7, 37], "size": [1, 4, 1], "uv": [99, 21]},
						{"origin": [-19, 7, 37], "size": [1, 4, 1], "uv": [99, 15]},
						{"origin": [-19, 5, 31], "size": [1, 11, 1], "uv": [118, 210]},
						{"origin": [18, 5.3, 36.85], "size": [1, 2, 1], "uv": [112, 151]},
						{"origin": [-18, 5.3, 36.85], "size": [36, 2, 1], "uv": [133, 0]},
						{"origin": [-19, 5.3, 36.85], "size": [1, 2, 1], "uv": [106, 151]},
						{"origin": [18, 7.7, 38], "size": [1, 4, 1], "uv": [99, 7]},
						{"origin": [-18, 7.7, 38], "size": [14, 4, 1], "uv": [0, 56]},
						{"origin": [4, 7.7, 38], "size": [14, 4, 1], "uv": [0, 24]},
						{"origin": [-4, 6.8, 37.5], "size": [8, 3, 1], "uv": [104, 206]},
						{"origin": [-4, 9.7, 38], "size": [8, 2, 1], "uv": [133, 20]},
						{"origin": [18, 10.7, 36], "size": [1, 1, 2], "uv": [58, 169]},
						{"origin": [-17, 10.7, 36], "size": [34, 1, 2], "uv": [133, 27]},
						{"origin": [-19, 10.7, 36], "size": [1, 1, 2], "uv": [7, 135]},
						{"origin": [-19, 7.7, 38], "size": [1, 4, 1], "uv": [7, 94]},
						{"origin": [-19, 10.7, 37], "size": [38, 1, 2], "pivot": [-17, 11.7, 39], "rotation": [-15, 0, 0], "uv": [58, 131]},
						{"origin": [18, 11.7, 36], "size": [1, 6, 1], "uv": [66, 110]},
						{"origin": [9, 12.7, 36], "size": [9, 3, 1], "uv": [205, 26]},
						{"origin": [7, 12.7, 35.95], "size": [2, 1, 1], "pivot": [9, 12.7, 36], "rotation": [0, 0, 45], "uv": [33, 93]},
						{"origin": [-18, 12.7, 36], "size": [9, 3, 1], "uv": [112, 168]},
						{"origin": [-9, 12.7, 35.95], "size": [2, 1, 1], "pivot": [-9, 12.7, 36], "rotation": [0, 0, -45], "uv": [90, 74]},
						{"origin": [-9, 13.7, 36], "size": [18, 2, 1], "uv": [84, 127]},
						{"origin": [-18, 15.7, 36], "size": [36, 1, 1], "uv": [132, 94]},
						{"origin": [-18, 11.7, 36], "size": [36, 1, 1], "uv": [130, 97]},
						{"origin": [-8, 12.7, 36], "size": [16, 1, 1], "uv": [0, 149]},
						{"origin": [-10, 12.7, 36], "size": [2, 1, 1], "pivot": [-8, 13.7, 36], "rotation": [0, 0, -45], "uv": [74, 48]},
						{"origin": [8, 12.7, 36], "size": [2, 1, 1], "pivot": [8, 13.7, 36], "rotation": [0, 0, 45], "uv": [66, 48]},
						{"origin": [4, 16.7, 36], "size": [14, 1, 1], "uv": [0, 61]},
						{"origin": [-18, 16.7, 36], "size": [14, 1, 1], "uv": [0, 29]},
						{"origin": [-15, 16.7, 31], "size": [30, 1, 5], "uv": [133, 133]},
						{"origin": [-4, 16.7, 36], "size": [8, 1, 1], "uv": [132, 165]},
						{"origin": [-19, 11.7, 36], "size": [1, 6, 1], "uv": [100, 50]},
						{"origin": [17, 16.7, 22], "size": [2, 1, 14], "uv": [99, 0]},
						{"origin": [-17, 16.7, 22], "size": [1, 1, 14], "uv": [99, 15]},
						{"origin": [16, 16.7, 22], "size": [1, 1, 14], "uv": [33, 89]},
						{"origin": [-16, 16.7, 23], "size": [1, 1, 13], "uv": [99, 79]},
						{"origin": [15, 16.7, 23], "size": [1, 1, 13], "uv": [99, 65]},
						{"origin": [18, 15.7, 15], "size": [1, 1, 21], "uv": [89, 151]},
						{"origin": [-19, 15.7, 15], "size": [1, 1, 21], "uv": [45, 151]},
						{"origin": [-19, 16.7, 22], "size": [2, 1, 14], "uv": [66, 42]},
						{"origin": [17, 16.7, 15], "size": [2, 1, 7], "pivot": [18, 18, 22], "rotation": [5, 0, 0], "uv": [177, 205]},
						{"origin": [-19, 16.7, 15], "size": [2, 1, 7], "pivot": [-17, 18, 22], "rotation": [5, 0, 0], "uv": [204, 97]},
						{"origin": [-17, 16.7, 15], "size": [1, 1, 7], "pivot": [-16, 18, 22], "rotation": [5, 0, 0], "uv": [114, 79]},
						{"origin": [16, 16.7, 15], "size": [1, 1, 7], "pivot": [17, 18, 22], "rotation": [5, 0, 0], "uv": [114, 65]},
						{"origin": [18, 5.8, 38.2], "size": [1, 2, 1], "pivot": [19, 8, 39], "rotation": [-45, 0, 0], "uv": [74, 151]},
						{"origin": [4, 5.8, 38.2], "size": [14, 2, 1], "pivot": [17, 8, 39], "rotation": [-45, 0, 0], "uv": [66, 59]},
						{"origin": [-4, 5.8, 38.2], "size": [8, 1, 1], "pivot": [9, 8, 39], "rotation": [-45, 0, 0], "uv": [110, 124]},
						{"origin": [-18, 5.8, 38.2], "size": [14, 2, 1], "pivot": [-4, 8, 39], "rotation": [-45, 0, 0], "uv": [33, 60]},
						{"origin": [-19, 5.8, 38.2], "size": [1, 2, 1], "pivot": [-18, 8, 39], "rotation": [-45, 0, 0], "uv": [68, 151]},
						{"origin": [18, 4, 32], "size": [1, 1, 6], "pivot": [19, 4, 32], "rotation": [12.5, 0, 0], "uv": [33, 89]},
						{"origin": [-18, 4, 32], "size": [36, 1, 6], "pivot": [17, 4, 32], "rotation": [12.5, 0, 0], "uv": [0, 122]},
						{"origin": [-19, 4, 32], "size": [1, 1, 6], "pivot": [-18, 4, 32], "rotation": [12.5, 0, 0], "uv": [66, 44]},
						{"origin": [11, 4, 14], "size": [1, 11, 17], "uv": [0, 153]},
						{"origin": [12, 4, 14], "size": [4, 11, 1], "uv": [16, 0]},
						{"origin": [-16, 4, 14], "size": [4, 11, 1], "uv": [0, 0]},
						{"origin": [11, 15, 14], "size": [6, 1, 16], "uv": [152, 151]},
						{"origin": [-17, 15, 14], "size": [6, 1, 16], "uv": [82, 110]},
						{"origin": [-11, 15, 27], "size": [22, 1, 3], "uv": [33, 38]},
						{"origin": [-15, 16, 27], "size": [30, 1, 3], "uv": [63, 147]},
						{"origin": [-12, 4, 14], "size": [1, 11, 17], "uv": [133, 151]},
						{"origin": [-11, 4, 27], "size": [22, 11, 1], "uv": [169, 169]}
					]
				},
				{
					"name": "spoiler",
					"parent": "back",
					"pivot": [0, 0, 0],
					"cubes": [
						{"origin": [17.5, 17, 29], "size": [1, 1, 10], "pivot": [19, 17, 30], "rotation": [12.5, 0, 0], "uv": [106, 195]},
						{"origin": [-18.5, 17, 29], "size": [1, 1, 10], "pivot": [-17, 17, 30], "rotation": [12.5, 0, 0], "uv": [0, 195]},
						{"origin": [-17.5, 17, 32], "size": [35, 1, 7], "pivot": [17, 17, 30], "rotation": [12.5, 0, 0], "uv": [100, 50]},
						{"origin": [-18, 18, 35], "size": [36, 1, 3], "uv": [132, 68]},
						{"origin": [-18, 17, 35], "size": [36, 1, 2], "uv": [132, 76]},
						{"origin": [-18, 16, 37], "size": [36, 2, 1], "pivot": [17, 18, 38], "rotation": [-45, 0, 0], "uv": [132, 91]},
						{"origin": [-18, 17, 32], "size": [36, 1, 3], "uv": [132, 64]}
					]
				},
				{
					"name": "backtireguard",
					"parent": "back",
					"pivot": [0, 1, -4],
					"cubes": [
						{"origin": [18, 8, 15], "size": [1, 7, 1], "uv": [16, 224]},
						{"origin": [18, 3, 11], "size": [1, 14, 4], "pivot": [19, 10, 15], "rotation": [0, 17.5, 0], "uv": [84, 205]},
						{"origin": [-19, 8, 15], "size": [1, 7, 1], "uv": [12, 224]},
						{"origin": [-19, 3, 11], "size": [1, 14, 4], "pivot": [-19, 9, 15], "rotation": [0, -17.5, 0], "uv": [84, 38]},
						{"origin": [18, 8, 30], "size": [1, 7, 1], "uv": [173, 223]},
						{"origin": [-19, 8, 30], "size": [1, 7, 1], "uv": [126, 78]},
						{"origin": [18, 11, 29], "size": [1, 4, 1], "uv": [0, 94]},
						{"origin": [-19, 11, 29], "size": [1, 4, 1], "uv": [90, 37]},
						{"origin": [18, 11, 16], "size": [1, 4, 1], "uv": [0, 83]},
						{"origin": [-19, 11, 16], "size": [1, 4, 1], "uv": [33, 49]},
						{"origin": [18, 12, 17], "size": [1, 3, 1], "uv": [26, 40]},
						{"origin": [-19, 12, 17], "size": [1, 3, 1], "uv": [16, 40]},
						{"origin": [18, 12, 28], "size": [1, 3, 1], "uv": [10, 40]},
						{"origin": [-19, 12, 28], "size": [1, 3, 1], "uv": [0, 40]},
						{"origin": [18, 13, 27], "size": [1, 2, 1], "uv": [149, 3]},
						{"origin": [-19, 13, 27], "size": [1, 2, 1], "uv": [66, 144]},
						{"origin": [18, 13, 18], "size": [1, 2, 1], "uv": [133, 3]},
						{"origin": [-19, 13, 18], "size": [1, 2, 1], "uv": [94, 53]},
						{"origin": [18, 14, 19], "size": [1, 1, 2], "uv": [7, 129]},
						{"origin": [-19, 14, 19], "size": [1, 1, 2], "uv": [124, 6]},
						{"origin": [18, 14, 25], "size": [1, 1, 2], "uv": [124, 0]},
						{"origin": [-19, 14, 25], "size": [1, 1, 2], "uv": [57, 104]},
						{"origin": [18, 15, 15], "size": [1, 1, 16], "uv": [105, 174]},
						{"origin": [-19, 15, 15], "size": [1, 1, 16], "uv": [87, 173]}
					]
				},
				{
					"name": "hexadecagon5",
					"parent": "backtireguard",
					"pivot": [27, -1, -32],
					"cubes": [
						{"origin": [17, 3.4087, 15], "size": [2, 5.1826, 1], "uv": [8, 32]},
						{"origin": [17, 2.4087, 30], "size": [2, 6.1826, 1], "uv": [57, 44]},
						{"origin": [17, 5.4087, 15], "size": [2, 3.1826, 1], "pivot": [19, 7, 23], "rotation": [-22.5, 0, 0], "uv": [57, 89]},
						{"origin": [17, 5.4087, 15], "size": [2, 3.1826, 1], "pivot": [19, 7, 23], "rotation": [-45, 0, 0], "uv": [49, 89]},
						{"origin": [17, 5.4087, 30], "size": [2, 3.1826, 1], "pivot": [19, 7, 23], "rotation": [45, 0, 0], "uv": [41, 89]},
						{"origin": [17, 5.4087, 30], "size": [2, 3.1826, 1], "pivot": [19, 7, 23], "rotation": [22.5, 0, 0], "uv": [33, 89]},
						{"origin": [17, 14, 21.4087], "size": [2, 1, 3.1826], "pivot": [19, 7, 23], "rotation": [22.5, 0, 0], "uv": [129, 196]},
						{"origin": [17, 14, 21.4087], "size": [2, 1, 3.1826], "uv": [45, 196]},
						{"origin": [17, 14, 21.4087], "size": [2, 1, 3.1826], "pivot": [19, 7, 23], "rotation": [-22.5, 0, 0], "uv": [0, 195]}
					]
				},
				{
					"name": "hexadecagon6",
					"parent": "backtireguard",
					"pivot": [25, -1, -32],
					"cubes": [
						{"origin": [-17, 3.4087, 15], "size": [5, 5.1826, 1], "uv": [0, 181]},
						{"origin": [-18.5, 3, 15], "size": [6, 1.1826, 1], "uv": [153, 179]},
						{"origin": [12.5, 3, 15], "size": [6, 1.1826, 1], "uv": [0, 141]},
						{"origin": [12.5, 2, -17], "size": [6, 2.1826, 1], "uv": [210, 151]},
						{"origin": [12.5, 3, -32], "size": [6, 1.1826, 1], "uv": [117, 12]},
						{"origin": [-18.5, 3, -32], "size": [6, 1.1826, 1], "uv": [99, 27]},
						{"origin": [-18.5, 2, -17], "size": [6, 2.1826, 1], "uv": [159, 210]},
						{"origin": [-17, 2.4087, 30], "size": [5, 6.1826, 1], "uv": [0, 76]},
						{"origin": [-17, 5.4087, 15], "size": [5, 3.1826, 1], "pivot": [17, 7, 23], "rotation": [-22.5, 0, 0], "uv": [90, 205]},
						{"origin": [-17, 5.4087, 15], "size": [5, 3.1826, 1], "pivot": [17, 7, 23], "rotation": [-45, 0, 0], "uv": [80, 194]},
						{"origin": [-17, 5.4087, 30], "size": [5, 3.1826, 1], "pivot": [17, 7, 23], "rotation": [45, 0, 0], "uv": [66, 193]},
						{"origin": [-17, 5.4087, 30], "size": [5, 3.1826, 1], "pivot": [17, 7, 23], "rotation": [22.5, 0, 0], "uv": [80, 190]},
						{"origin": [-17, 14, 21.4087], "size": [5, 1, 3.1826], "pivot": [17, 7, 23], "rotation": [22.5, 0, 0], "uv": [105, 177]},
						{"origin": [-17, 14, 21.4087], "size": [5, 1, 3.1826], "uv": [105, 173]},
						{"origin": [-17, 14, 21.4087], "size": [5, 1, 3.1826], "pivot": [17, 7, 23], "rotation": [-22.5, 0, 0], "uv": [152, 160]}
					]
				},
				{
					"name": "hexadecagon8",
					"parent": "backtireguard",
					"pivot": [57, -1, -32],
					"cubes": [
						{"origin": [12, 3.4087, 15], "size": [5, 5.1826, 1], "uv": [160, 38]},
						{"origin": [12, 2.4087, 30], "size": [5, 6.1826, 1], "uv": [33, 42]},
						{"origin": [12, 5.4087, 15], "size": [5, 3.1826, 1], "pivot": [49, 7, 23], "rotation": [-22.5, 0, 0], "uv": [66, 189]},
						{"origin": [12, 5.4087, 15], "size": [5, 3.1826, 1], "pivot": [49, 7, 23], "rotation": [-45, 0, 0], "uv": [15, 189]},
						{"origin": [12, 5.4087, 30], "size": [5, 3.1826, 1], "pivot": [49, 7, 23], "rotation": [45, 0, 0], "uv": [0, 187]},
						{"origin": [12, 5.4087, 30], "size": [5, 3.1826, 1], "pivot": [49, 7, 23], "rotation": [22.5, 0, 0], "uv": [15, 185]},
						{"origin": [12, 14, 21.4087], "size": [5, 1, 3.1826], "pivot": [49, 7, 23], "rotation": [22.5, 0, 0], "uv": [152, 156]},
						{"origin": [12, 14, 21.4087], "size": [5, 1, 3.1826], "uv": [152, 152]},
						{"origin": [12, 14, 21.4087], "size": [5, 1, 3.1826], "pivot": [49, 7, 23], "rotation": [-22.5, 0, 0], "uv": [115, 23]}
					]
				},
				{
					"name": "hexadecagon7",
					"parent": "backtireguard",
					"pivot": [-9, -1, -32],
					"cubes": [
						{"origin": [-19, 3.4087, 15], "size": [2, 5.1826, 1], "uv": [0, 32]},
						{"origin": [-19, 2.4087, 30], "size": [2, 6.1826, 1], "uv": [48, 44]},
						{"origin": [-19, 5.4087, 15], "size": [2, 3.1826, 1], "pivot": [-17, 7, 23], "rotation": [-22.5, 0, 0], "uv": [7, 83]},
						{"origin": [-19, 5.4087, 15], "size": [2, 3.1826, 1], "pivot": [-17, 7, 23], "rotation": [-45, 0, 0], "uv": [74, 44]},
						{"origin": [-19, 5.4087, 30], "size": [2, 3.1826, 1], "pivot": [-17, 7, 23], "rotation": [45, 0, 0], "uv": [66, 44]},
						{"origin": [-19, 5.4087, 30], "size": [2, 3.1826, 1], "pivot": [-17, 7, 23], "rotation": [22.5, 0, 0], "uv": [40, 49]},
						{"origin": [-19, 14, 21.4087], "size": [2, 1, 3.1826], "pivot": [-17, 7, 23], "rotation": [22.5, 0, 0], "uv": [116, 191]},
						{"origin": [-19, 14, 21.4087], "size": [2, 1, 3.1826], "uv": [68, 158]},
						{"origin": [-19, 14, 21.4087], "size": [2, 1, 3.1826], "pivot": [-17, 7, 23], "rotation": [-22.5, 0, 0], "uv": [128, 134]}
					]
				},
				{
					"name": "exhaust",
					"parent": "back",
					"pivot": [1, 0, 0],
					"cubes": [
						{"origin": [12, 5, 37.5], "size": [1, 1, 1], "uv": [78, 126]},
						{"origin": [12, 6, 34], "size": [1, 1, 5], "pivot": [12.5, 5.5, 38], "rotation": [0, 0, 10], "uv": [160, 32]},
						{"origin": [12, 6, 34], "size": [1, 1, 5], "pivot": [12.5, 5.5, 38], "rotation": [0, 0, 37.5], "uv": [51, 159]},
						{"origin": [12, 6, 34], "size": [1, 1, 5], "pivot": [12.5, 5.5, 38], "rotation": [0, 0, 75], "uv": [19, 159]},
						{"origin": [12, 6, 34], "size": [1, 1, 5], "pivot": [12.5, 5.5, 38], "rotation": [0, 0, 112.5], "uv": [51, 153]},
						{"origin": [12, 6, 34], "size": [1, 1, 5], "pivot": [12.5, 5.5, 38], "rotation": [0, 0, 150], "uv": [19, 153]},
						{"origin": [12, 6, 34], "size": [1, 1, 5], "pivot": [12.5, 5.5, 38], "rotation": [0, 0, -172.5], "uv": [0, 135]},
						{"origin": [12, 6, 34], "size": [1, 1, 5], "pivot": [12.5, 5.5, 38], "rotation": [0, 0, -97.5], "uv": [0, 129]},
						{"origin": [12, 6, 34], "size": [1, 1, 5], "pivot": [12.5, 5.5, 38], "rotation": [0, 0, -60], "uv": [117, 6]},
						{"origin": [12, 6, 34], "size": [1, 1, 5], "pivot": [12.5, 5.5, 38], "rotation": [0, 0, -22.5], "uv": [117, 0]},
						{"origin": [12, 6, 34], "size": [1, 1, 5], "pivot": [12.5, 5.5, 38], "rotation": [0, 0, -135], "uv": [0, 100]},
						{"origin": [11, 3.5, 32], "size": [3, 2, 4], "uv": [16, 40]},
						{"origin": [6, 3.7, 31], "size": [8, 2, 2], "uv": [78, 122]},
						{"origin": [6, 2.7, -16], "size": [2, 1, 31], "uv": [99, 99]},
						{"origin": [6, 3.7, 15], "size": [2, 1, 16], "pivot": [13, 3.7, 31], "rotation": [3.5, 0, 0], "uv": [112, 151]}
					]
				},
				{
					"name": "exhaust2",
					"parent": "back",
					"pivot": [-3, 0, 0],
					"cubes": [
						{"origin": [8, 5, 37.5], "size": [1, 1, 1], "uv": [124, 9]},
						{"origin": [8, 6, 34], "size": [1, 1, 5], "pivot": [8.5, 5.5, 38], "rotation": [0, 0, 10], "uv": [99, 85]},
						{"origin": [8, 6, 34], "size": [1, 1, 5], "pivot": [8.5, 5.5, 38], "rotation": [0, 0, 37.5], "uv": [99, 79]},
						{"origin": [8, 6, 34], "size": [1, 1, 5], "pivot": [8.5, 5.5, 38], "rotation": [0, 0, 75], "uv": [99, 71]},
						{"origin": [8, 6, 34], "size": [1, 1, 5], "pivot": [8.5, 5.5, 38], "rotation": [0, 0, 112.5], "uv": [99, 65]},
						{"origin": [8, 6, 34], "size": [1, 1, 5], "pivot": [8.5, 5.5, 38], "rotation": [0, 0, 150], "uv": [99, 21]},
						{"origin": [8, 6, 34], "size": [1, 1, 5], "pivot": [8.5, 5.5, 38], "rotation": [0, 0, -172.5], "uv": [99, 15]},
						{"origin": [8, 6, 34], "size": [1, 1, 5], "pivot": [8.5, 5.5, 38], "rotation": [0, 0, -97.5], "uv": [99, 7]},
						{"origin": [8, 6, 34], "size": [1, 1, 5], "pivot": [8.5, 5.5, 38], "rotation": [0, 0, -60], "uv": [0, 94]},
						{"origin": [8, 6, 34], "size": [1, 1, 5], "pivot": [8.5, 5.5, 38], "rotation": [0, 0, -22.5], "uv": [0, 83]},
						{"origin": [8, 6, 34], "size": [1, 1, 5], "pivot": [8.5, 5.5, 38], "rotation": [0, 0, -135], "uv": [33, 49]},
						{"origin": [7, 3.5, 32], "size": [3, 2, 4], "uv": [0, 40]}
					]
				},
				{
					"name": "mobt",
					"parent": "back",
					"pivot": [0, 0, 0],
					"cubes": [
						{"origin": [-18, 4, 32], "size": [36, 1, 5], "uv": [100, 58]},
						{"origin": [-5, 3.5, 31], "size": [10, 1, 8], "uv": [177, 48]},
						{"origin": [6, 3, 31], "size": [12, 1, 8], "uv": [165, 13]},
						{"origin": [-18, 3, 31], "size": [12, 1, 8], "uv": [68, 163]},
						{"origin": [5, 4, 31], "size": [1, 3, 8], "uv": [201, 194]},
						{"origin": [-6, 4, 31], "size": [1, 3, 8], "uv": [201, 183]}
					]
				},
				{
					"name": "fronttires",
					"pivot": [0, 0, 0]
				},
				{
					"name": "fronttire1",
					"parent": "fronttires",
					"pivot": [18, 7, -24],
					"rotation": [0, 0, -5]
				},
				{
					"name": "ftl",
					"parent": "fronttire1",
					"pivot": [27, -1, -32],
					"cubes": [
						{"origin": [14.5, 5.60761, -31], "size": [5, 2.78477, 1.6], "pivot": [19, 7, -24], "rotation": [45, 0, 0], "uv": [219, 3]},
						{"origin": [14.5, 5.60761, -31], "size": [5, 2.78477, 1.6], "pivot": [19, 7, -24], "rotation": [22.5, 0, 0], "uv": [181, 219]},
						{"origin": [14.5, 5.60761, -31], "size": [5, 2.78477, 1.6], "uv": [147, 219]},
						{"origin": [14.5, 5.60761, -31], "size": [5, 2.78477, 1.6], "pivot": [19, 7, -24], "rotation": [-22.5, 0, 0], "uv": [218, 0]},
						{"origin": [14.5, 5.60761, -31], "size": [5, 2.78477, 1.6], "pivot": [19, 7, -24], "rotation": [-45, 0, 0], "uv": [215, 218]},
						{"origin": [14.5, 5.60761, -18.6], "size": [5, 2.78477, 1.6], "pivot": [19, 7, -24], "rotation": [45, 0, 0], "uv": [203, 218]},
						{"origin": [14.5, 5.60761, -18.6], "size": [5, 2.78477, 1.6], "pivot": [19, 7, -24], "rotation": [22.5, 0, 0], "uv": [65, 218]},
						{"origin": [14.5, 5.60761, -18.6], "size": [5, 2.78477, 1.6], "uv": [12, 218]},
						{"origin": [14.5, 5.60761, -18.6], "size": [5, 2.78477, 1.6], "pivot": [19, 7, -24], "rotation": [-22.5, 0, 0], "uv": [217, 94]},
						{"origin": [14.5, 5.60761, -18.6], "size": [5, 2.78477, 1.6], "pivot": [19, 7, -24], "rotation": [-45, 0, 0], "uv": [170, 217]},
						{"origin": [14.5, 0, -25.39239], "size": [5, 1.6, 2.78477], "pivot": [19, 7, -24], "rotation": [22.5, 0, 0], "uv": [104, 210]},
						{"origin": [14.5, 0, -25.39239], "size": [5, 1.6, 2.78477], "uv": [209, 126]},
						{"origin": [14.5, 0, -25.39239], "size": [5, 1.6, 2.78477], "pivot": [19, 7, -24], "rotation": [-22.5, 0, 0], "uv": [209, 123]},
						{"origin": [14.5, 12.4, -25.39239], "size": [5, 1.6, 2.78477], "pivot": [19, 7, -24], "rotation": [22.5, 0, 0], "uv": [209, 120]},
						{"origin": [14.5, 12.4, -25.39239], "size": [5, 1.6, 2.78477], "uv": [126, 209]},
						{"origin": [14.5, 12.4, -25.39239], "size": [5, 1.6, 2.78477], "pivot": [19, 7, -24], "rotation": [-22.5, 0, 0], "uv": [63, 209]}
					]
				},
				{
					"name": "frl",
					"parent": "fronttire1",
					"pivot": [26, -1, -32],
					"cubes": [
						{"origin": [15, 5.92587, -29.4], "size": [4, 2.14825, 1], "pivot": [18, 7, -24], "rotation": [45, 0, 0], "uv": [223, 181]},
						{"origin": [15, 5.92587, -29.4], "size": [4, 2.14825, 1], "pivot": [18, 7, -24], "rotation": [22.5, 0, 0], "uv": [223, 157]},
						{"origin": [15, 5.92587, -29.4], "size": [4, 2.14825, 1], "uv": [223, 119]},
						{"origin": [15, 5.92587, -29.4], "size": [4, 2.14825, 1], "pivot": [18, 7, -24], "rotation": [-22.5, 0, 0], "uv": [223, 70]},
						{"origin": [15, 5.92587, -29.4], "size": [4, 2.14825, 1], "pivot": [18, 7, -24], "rotation": [-45, 0, 0], "uv": [223, 60]},
						{"origin": [15, 5.92587, -19.6], "size": [4, 2.14825, 1], "pivot": [18, 7, -24], "rotation": [45, 0, 0], "uv": [223, 57]},
						{"origin": [15, 5.92587, -19.6], "size": [4, 2.14825, 1], "pivot": [18, 7, -24], "rotation": [22.5, 0, 0], "uv": [163, 223]},
						{"origin": [15, 5.92587, -19.6], "size": [4, 2.14825, 1], "uv": [153, 223]},
						{"origin": [15, 5.92587, -19.6], "size": [4, 2.14825, 1], "pivot": [18, 7, -24], "rotation": [-22.5, 0, 0], "uv": [222, 192]},
						{"origin": [15, 5.92587, -19.6], "size": [4, 2.14825, 1], "pivot": [18, 7, -24], "rotation": [-45, 0, 0], "uv": [222, 144]},
						{"origin": [15, 1.6, -25.07413], "size": [4, 1, 2.14825], "pivot": [18, 7, -24], "rotation": [22.5, 0, 0], "uv": [158, 217]},
						{"origin": [15, 1.6, -25.07413], "size": [4, 1, 2.14825], "uv": [136, 217]},
						{"origin": [15, 1.6, -25.07413], "size": [4, 1, 2.14825], "pivot": [18, 7, -24], "rotation": [-22.5, 0, 0], "uv": [106, 217]},
						{"origin": [15, 11.4, -25.07413], "size": [4, 1, 2.14825], "pivot": [18, 7, -24], "rotation": [22.5, 0, 0], "uv": [94, 217]},
						{"origin": [15, 11.4, -25.07413], "size": [4, 1, 2.14825], "uv": [53, 217]},
						{"origin": [15, 11.4, -25.07413], "size": [4, 1, 2.14825], "pivot": [18, 7, -24], "rotation": [-22.5, 0, 0], "uv": [183, 216]}
					]
				},
				{
					"name": "fbl",
					"parent": "fronttire1",
					"pivot": [25, -1, -32],
					"cubes": [
						{"origin": [14.5, 6.40326, -27], "size": [3, 1.19347, 1], "pivot": [17, 7, -24], "rotation": [45, 0, 0], "uv": [226, 147]},
						{"origin": [14.5, 6.40326, -27], "size": [3, 1.19347, 1], "pivot": [17, 7, -24], "rotation": [22.5, 0, 0], "uv": [226, 53]},
						{"origin": [14.5, 6.40326, -27], "size": [3, 1.19347, 1], "uv": [226, 50]},
						{"origin": [14.5, 6.40326, -27], "size": [3, 1.19347, 1], "pivot": [17, 7, -24], "rotation": [-22.5, 0, 0], "uv": [226, 33]},
						{"origin": [14.5, 6.40326, -27], "size": [3, 1.19347, 1], "pivot": [17, 7, -24], "rotation": [-45, 0, 0], "uv": [226, 22]},
						{"origin": [14.5, 6.40326, -22], "size": [3, 1.19347, 1], "pivot": [17, 7, -24], "rotation": [45, 0, 0], "uv": [226, 20]},
						{"origin": [14.5, 6.40326, -22], "size": [3, 1.19347, 1], "pivot": [17, 7, -24], "rotation": [22.5, 0, 0], "uv": [226, 226]},
						{"origin": [14.5, 6.40326, -22], "size": [3, 1.19347, 1], "uv": [225, 212]},
						{"origin": [14.5, 6.40326, -22], "size": [3, 1.19347, 1], "pivot": [17, 7, -24], "rotation": [-22.5, 0, 0], "uv": [225, 210]},
						{"origin": [14.5, 6.40326, -22], "size": [3, 1.19347, 1], "pivot": [17, 7, -24], "rotation": [-45, 0, 0], "uv": [225, 160]},
						{"origin": [14.5, 4, -24.59674], "size": [3, 1, 1.19347], "pivot": [17, 7, -24], "rotation": [22.5, 0, 0], "uv": [225, 153]},
						{"origin": [14.5, 4, -24.59674], "size": [3, 1, 1.19347], "uv": [225, 137]},
						{"origin": [14.5, 4, -24.59674], "size": [3, 1, 1.19347], "pivot": [17, 7, -24], "rotation": [-22.5, 0, 0], "uv": [225, 135]},
						{"origin": [14.5, 9, -24.59674], "size": [3, 1, 1.19347], "pivot": [17, 7, -24], "rotation": [22.5, 0, 0], "uv": [225, 80]},
						{"origin": [14.5, 9, -24.59674], "size": [3, 1, 1.19347], "uv": [225, 63]},
						{"origin": [14.5, 9, -24.59674], "size": [3, 1, 1.19347], "pivot": [17, 7, -24], "rotation": [-22.5, 0, 0], "uv": [225, 48]}
					]
				},
				{
					"name": "fal",
					"parent": "fronttire1",
					"pivot": [18, 7, -24],
					"cubes": [
						{"origin": [15.5, 8, -24.5], "size": [3, 4, 1], "uv": [134, 223]},
						{"origin": [15.5, 8, -24.5], "size": [3, 4, 1], "pivot": [18, 7, -24], "rotation": [45, 0, 0], "uv": [103, 223]},
						{"origin": [15.5, 8, -24.5], "size": [3, 4, 1], "pivot": [18, 7, -24], "rotation": [90, 0, 0], "uv": [95, 223]},
						{"origin": [15.5, 8, -24.5], "size": [3, 4, 1], "pivot": [18, 7, -24], "rotation": [135, 0, 0], "uv": [87, 223]},
						{"origin": [15.5, 8, -24.5], "size": [3, 4, 1], "pivot": [18, 7, -24], "rotation": [180, 0, 0], "uv": [79, 223]},
						{"origin": [15.5, 8, -24.5], "size": [3, 4, 1], "pivot": [18, 7, -24], "rotation": [-135, 0, 0], "uv": [54, 223]},
						{"origin": [15.5, 8, -24.5], "size": [3, 4, 1], "pivot": [18, 7, -24], "rotation": [-90, 0, 0], "uv": [46, 223]},
						{"origin": [15.5, 8, -24.5], "size": [3, 4, 1], "pivot": [18, 7, -24], "rotation": [-45, 0, 0], "uv": [38, 223]}
					]
				},
				{
					"name": "fronttire2",
					"parent": "fronttires",
					"pivot": [-18, 7, -24],
					"rotation": [0, 0, 5]
				},
				{
					"name": "ftr",
					"parent": "fronttire2",
					"pivot": [-7, -1, -32],
					"cubes": [
						{"origin": [-19.5, 5.60761, -31], "size": [5, 2.78477, 1.6], "pivot": [-15, 7, -24], "rotation": [45, 0, 0], "uv": [41, 217]},
						{"origin": [-19.5, 5.60761, -31], "size": [5, 2.78477, 1.6], "pivot": [-15, 7, -24], "rotation": [22.5, 0, 0], "uv": [148, 216]},
						{"origin": [-19.5, 5.60761, -31], "size": [5, 2.78477, 1.6], "uv": [215, 178]},
						{"origin": [-19.5, 5.60761, -31], "size": [5, 2.78477, 1.6], "pivot": [-15, 7, -24], "rotation": [-22.5, 0, 0], "uv": [215, 175]},
						{"origin": [-19.5, 5.60761, -31], "size": [5, 2.78477, 1.6], "pivot": [-15, 7, -24], "rotation": [-45, 0, 0], "uv": [215, 172]},
						{"origin": [-19.5, 5.60761, -18.6], "size": [5, 2.78477, 1.6], "pivot": [-15, 7, -24], "rotation": [45, 0, 0], "uv": [215, 169]},
						{"origin": [-19.5, 5.60761, -18.6], "size": [5, 2.78477, 1.6], "pivot": [-15, 7, -24], "rotation": [22.5, 0, 0], "uv": [215, 100]},
						{"origin": [-19.5, 5.60761, -18.6], "size": [5, 2.78477, 1.6], "uv": [215, 97]},
						{"origin": [-19.5, 5.60761, -18.6], "size": [5, 2.78477, 1.6], "pivot": [-15, 7, -24], "rotation": [-22.5, 0, 0], "uv": [215, 54]},
						{"origin": [-19.5, 5.60761, -18.6], "size": [5, 2.78477, 1.6], "pivot": [-15, 7, -24], "rotation": [-45, 0, 0], "uv": [215, 51]},
						{"origin": [-19.5, 0, -25.39239], "size": [5, 1.6, 2.78477], "pivot": [-15, 7, -24], "rotation": [22.5, 0, 0], "uv": [12, 209]},
						{"origin": [-19.5, 0, -25.39239], "size": [5, 1.6, 2.78477], "uv": [208, 91]},
						{"origin": [-19.5, 0, -25.39239], "size": [5, 1.6, 2.78477], "pivot": [-15, 7, -24], "rotation": [-22.5, 0, 0], "uv": [208, 88]},
						{"origin": [-19.5, 12.4, -25.39239], "size": [5, 1.6, 2.78477], "pivot": [-15, 7, -24], "rotation": [22.5, 0, 0], "uv": [208, 85]},
						{"origin": [-19.5, 12.4, -25.39239], "size": [5, 1.6, 2.78477], "uv": [51, 208]},
						{"origin": [-19.5, 12.4, -25.39239], "size": [5, 1.6, 2.78477], "pivot": [-15, 7, -24], "rotation": [-22.5, 0, 0], "uv": [37, 208]}
					]
				},
				{
					"name": "frr",
					"parent": "fronttire2",
					"pivot": [-8, -1, -32],
					"cubes": [
						{"origin": [-19, 5.92587, -29.4], "size": [4, 2.14825, 1], "pivot": [-16, 7, -24], "rotation": [45, 0, 0], "uv": [222, 140]},
						{"origin": [-19, 5.92587, -29.4], "size": [4, 2.14825, 1], "pivot": [-16, 7, -24], "rotation": [22.5, 0, 0], "uv": [222, 125]},
						{"origin": [-19, 5.92587, -29.4], "size": [4, 2.14825, 1], "uv": [222, 122]},
						{"origin": [-19, 5.92587, -29.4], "size": [4, 2.14825, 1], "pivot": [-16, 7, -24], "rotation": [-22.5, 0, 0], "uv": [222, 113]},
						{"origin": [-19, 5.92587, -29.4], "size": [4, 2.14825, 1], "pivot": [-16, 7, -24], "rotation": [-45, 0, 0], "uv": [222, 110]},
						{"origin": [-19, 5.92587, -19.6], "size": [4, 2.14825, 1], "pivot": [-16, 7, -24], "rotation": [45, 0, 0], "uv": [222, 107]},
						{"origin": [-19, 5.92587, -19.6], "size": [4, 2.14825, 1], "pivot": [-16, 7, -24], "rotation": [22.5, 0, 0], "uv": [221, 104]},
						{"origin": [-19, 5.92587, -19.6], "size": [4, 2.14825, 1], "uv": [221, 90]},
						{"origin": [-19, 5.92587, -19.6], "size": [4, 2.14825, 1], "pivot": [-16, 7, -24], "rotation": [-22.5, 0, 0], "uv": [221, 87]},
						{"origin": [-19, 5.92587, -19.6], "size": [4, 2.14825, 1], "pivot": [-16, 7, -24], "rotation": [-45, 0, 0], "uv": [221, 77]},
						{"origin": [-19, 1.6, -25.07413], "size": [4, 1, 2.14825], "pivot": [-16, 7, -24], "rotation": [22.5, 0, 0], "uv": [215, 48]},
						{"origin": [-19, 1.6, -25.07413], "size": [4, 1, 2.14825], "uv": [215, 10]},
						{"origin": [-19, 1.6, -25.07413], "size": [4, 1, 2.14825], "pivot": [-16, 7, -24], "rotation": [-22.5, 0, 0], "uv": [213, 215]},
						{"origin": [-19, 11.4, -25.07413], "size": [4, 1, 2.14825], "pivot": [-16, 7, -24], "rotation": [22.5, 0, 0], "uv": [126, 215]},
						{"origin": [-19, 11.4, -25.07413], "size": [4, 1, 2.14825], "uv": [63, 215]},
						{"origin": [-19, 11.4, -25.07413], "size": [4, 1, 2.14825], "pivot": [-16, 7, -24], "rotation": [-22.5, 0, 0], "uv": [173, 214]}
					]
				},
				{
					"name": "fbr",
					"parent": "fronttire2",
					"pivot": [-7, -1, -32],
					"cubes": [
						{"origin": [-17.5, 6.40326, -27], "size": [3, 1.19347, 1], "pivot": [-15, 7, -24], "rotation": [45, 0, 0], "uv": [225, 41]},
						{"origin": [-17.5, 6.40326, -27], "size": [3, 1.19347, 1], "pivot": [-15, 7, -24], "rotation": [22.5, 0, 0], "uv": [225, 38]},
						{"origin": [-17.5, 6.40326, -27], "size": [3, 1.19347, 1], "uv": [225, 35]},
						{"origin": [-17.5, 6.40326, -27], "size": [3, 1.19347, 1], "pivot": [-15, 7, -24], "rotation": [-22.5, 0, 0], "uv": [225, 31]},
						{"origin": [-17.5, 6.40326, -27], "size": [3, 1.19347, 1], "pivot": [-15, 7, -24], "rotation": [-45, 0, 0], "uv": [225, 9]},
						{"origin": [-17.5, 6.40326, -22], "size": [3, 1.19347, 1], "pivot": [-15, 7, -24], "rotation": [45, 0, 0], "uv": [224, 151]},
						{"origin": [-17.5, 6.40326, -22], "size": [3, 1.19347, 1], "pivot": [-15, 7, -24], "rotation": [22.5, 0, 0], "uv": [224, 116]},
						{"origin": [-17.5, 6.40326, -22], "size": [3, 1.19347, 1], "uv": [224, 25]},
						{"origin": [-17.5, 6.40326, -22], "size": [3, 1.19347, 1], "pivot": [-15, 7, -24], "rotation": [-22.5, 0, 0], "uv": [223, 224]},
						{"origin": [-17.5, 6.40326, -22], "size": [3, 1.19347, 1], "pivot": [-15, 7, -24], "rotation": [-45, 0, 0], "uv": [223, 215]},
						{"origin": [-17.5, 4, -24.59674], "size": [3, 1, 1.19347], "pivot": [-15, 7, -24], "rotation": [22.5, 0, 0], "uv": [223, 208]},
						{"origin": [-17.5, 4, -24.59674], "size": [3, 1, 1.19347], "uv": [223, 198]},
						{"origin": [-17.5, 4, -24.59674], "size": [3, 1, 1.19347], "pivot": [-15, 7, -24], "rotation": [-22.5, 0, 0], "uv": [223, 187]},
						{"origin": [-17.5, 9, -24.59674], "size": [3, 1, 1.19347], "pivot": [-15, 7, -24], "rotation": [22.5, 0, 0], "uv": [223, 74]},
						{"origin": [-17.5, 9, -24.59674], "size": [3, 1, 1.19347], "uv": [214, 165]},
						{"origin": [-17.5, 9, -24.59674], "size": [3, 1, 1.19347], "pivot": [-15, 7, -24], "rotation": [-22.5, 0, 0], "uv": [214, 157]}
					]
				},
				{
					"name": "far",
					"parent": "fronttire2",
					"pivot": [-16, 7, -24],
					"cubes": [
						{"origin": [-18.5, 8, -24.5], "size": [3, 4, 1], "uv": [186, 222]},
						{"origin": [-18.5, 8, -24.5], "size": [3, 4, 1], "pivot": [-16, 7, -24], "rotation": [45, 0, 0], "uv": [178, 222]},
						{"origin": [-18.5, 8, -24.5], "size": [3, 4, 1], "pivot": [-16, 7, -24], "rotation": [90, 0, 0], "uv": [145, 222]},
						{"origin": [-18.5, 8, -24.5], "size": [3, 4, 1], "pivot": [-16, 7, -24], "rotation": [135, 0, 0], "uv": [126, 222]},
						{"origin": [-18.5, 8, -24.5], "size": [3, 4, 1], "pivot": [-16, 7, -24], "rotation": [180, 0, 0], "uv": [113, 222]},
						{"origin": [-18.5, 8, -24.5], "size": [3, 4, 1], "pivot": [-16, 7, -24], "rotation": [-135, 0, 0], "uv": [71, 222]},
						{"origin": [-18.5, 8, -24.5], "size": [3, 4, 1], "pivot": [-16, 7, -24], "rotation": [-90, 0, 0], "uv": [30, 222]},
						{"origin": [-18.5, 8, -24.5], "size": [3, 4, 1], "pivot": [-16, 7, -24], "rotation": [-45, 0, 0], "uv": [22, 222]}
					]
				},
				{
					"name": "backtires",
					"pivot": [0, 7, 23]
				},
				{
					"name": "backtire1",
					"parent": "backtires",
					"pivot": [18, 7, 23],
					"rotation": [0, 0, -5]
				},
				{
					"name": "btl",
					"parent": "backtire1",
					"pivot": [27, -1, 15],
					"cubes": [
						{"origin": [14.5, 5.60761, 16], "size": [5, 2.78477, 1.6], "pivot": [19, 7, 23], "rotation": [45, 0, 0], "uv": [12, 215]},
						{"origin": [14.5, 5.60761, 16], "size": [5, 2.78477, 1.6], "pivot": [19, 7, 23], "rotation": [22.5, 0, 0], "uv": [214, 162]},
						{"origin": [14.5, 5.60761, 16], "size": [5, 2.78477, 1.6], "uv": [214, 154]},
						{"origin": [14.5, 5.60761, 16], "size": [5, 2.78477, 1.6], "pivot": [19, 7, 23], "rotation": [-22.5, 0, 0], "uv": [203, 214]},
						{"origin": [14.5, 5.60761, 16], "size": [5, 2.78477, 1.6], "pivot": [19, 7, 23], "rotation": [-45, 0, 0], "uv": [161, 214]},
						{"origin": [14.5, 5.60761, 28.4], "size": [5, 2.78477, 1.6], "pivot": [19, 7, 23], "rotation": [45, 0, 0], "uv": [137, 214]},
						{"origin": [14.5, 5.60761, 28.4], "size": [5, 2.78477, 1.6], "pivot": [19, 7, 23], "rotation": [22.5, 0, 0], "uv": [106, 214]},
						{"origin": [14.5, 5.60761, 28.4], "size": [5, 2.78477, 1.6], "uv": [94, 214]},
						{"origin": [14.5, 5.60761, 28.4], "size": [5, 2.78477, 1.6], "pivot": [19, 7, 23], "rotation": [-22.5, 0, 0], "uv": [53, 214]},
						{"origin": [14.5, 5.60761, 28.4], "size": [5, 2.78477, 1.6], "pivot": [19, 7, 23], "rotation": [-45, 0, 0], "uv": [41, 214]},
						{"origin": [14.5, 0, 21.60761], "size": [5, 1.6, 2.78477], "pivot": [19, 7, 23], "rotation": [22.5, 0, 0], "uv": [207, 136]},
						{"origin": [14.5, 0, 21.60761], "size": [5, 1.6, 2.78477], "uv": [207, 133]},
						{"origin": [14.5, 0, 21.60761], "size": [5, 1.6, 2.78477], "pivot": [19, 7, 23], "rotation": [-22.5, 0, 0], "uv": [207, 130]},
						{"origin": [14.5, 12.4, 21.60761], "size": [5, 1.6, 2.78477], "pivot": [19, 7, 23], "rotation": [22.5, 0, 0], "uv": [207, 68]},
						{"origin": [14.5, 12.4, 21.60761], "size": [5, 1.6, 2.78477], "uv": [207, 63]},
						{"origin": [14.5, 12.4, 21.60761], "size": [5, 1.6, 2.78477], "pivot": [19, 7, 23], "rotation": [-22.5, 0, 0], "uv": [152, 207]}
					]
				},
				{
					"name": "brl",
					"parent": "backtire1",
					"pivot": [26, -1, 15],
					"cubes": [
						{"origin": [15, 5.92587, 17.6], "size": [4, 2.14825, 1], "pivot": [18, 7, 23], "rotation": [45, 0, 0], "uv": [219, 221]},
						{"origin": [15, 5.92587, 17.6], "size": [4, 2.14825, 1], "pivot": [18, 7, 23], "rotation": [22.5, 0, 0], "uv": [209, 221]},
						{"origin": [15, 5.92587, 17.6], "size": [4, 2.14825, 1], "uv": [199, 221]},
						{"origin": [15, 5.92587, 17.6], "size": [4, 2.14825, 1], "pivot": [18, 7, 23], "rotation": [-22.5, 0, 0], "uv": [61, 221]},
						{"origin": [15, 5.92587, 17.6], "size": [4, 2.14825, 1], "pivot": [18, 7, 23], "rotation": [-45, 0, 0], "uv": [12, 221]},
						{"origin": [15, 5.92587, 27.4], "size": [4, 2.14825, 1], "pivot": [18, 7, 23], "rotation": [45, 0, 0], "uv": [220, 132]},
						{"origin": [15, 5.92587, 27.4], "size": [4, 2.14825, 1], "pivot": [18, 7, 23], "rotation": [22.5, 0, 0], "uv": [220, 17]},
						{"origin": [15, 5.92587, 27.4], "size": [4, 2.14825, 1], "uv": [220, 13]},
						{"origin": [15, 5.92587, 27.4], "size": [4, 2.14825, 1], "pivot": [18, 7, 23], "rotation": [-22.5, 0, 0], "uv": [169, 220]},
						{"origin": [15, 5.92587, 27.4], "size": [4, 2.14825, 1], "pivot": [18, 7, 23], "rotation": [-45, 0, 0], "uv": [159, 220]},
						{"origin": [15, 1.6, 21.92587], "size": [4, 1, 2.14825], "pivot": [18, 7, 23], "rotation": [22.5, 0, 0], "uv": [213, 208]},
						{"origin": [15, 1.6, 21.92587], "size": [4, 1, 2.14825], "uv": [213, 205]},
						{"origin": [15, 1.6, 21.92587], "size": [4, 1, 2.14825], "pivot": [18, 7, 23], "rotation": [-22.5, 0, 0], "uv": [213, 159]},
						{"origin": [15, 11.4, 21.92587], "size": [4, 1, 2.14825], "pivot": [18, 7, 23], "rotation": [22.5, 0, 0], "uv": [213, 74]},
						{"origin": [15, 11.4, 21.92587], "size": [4, 1, 2.14825], "uv": [213, 71]},
						{"origin": [15, 11.4, 21.92587], "size": [4, 1, 2.14825], "pivot": [18, 7, 23], "rotation": [-22.5, 0, 0], "uv": [183, 213]}
					]
				},
				{
					"name": "bbl",
					"parent": "backtire1",
					"pivot": [25, -1, 15],
					"cubes": [
						{"origin": [14.5, 6.40326, 20], "size": [3, 1.19347, 1], "pivot": [17, 7, 23], "rotation": [45, 0, 0], "uv": [213, 211]},
						{"origin": [14.5, 6.40326, 20], "size": [3, 1.19347, 1], "pivot": [17, 7, 23], "rotation": [22.5, 0, 0], "uv": [213, 77]},
						{"origin": [14.5, 6.40326, 20], "size": [3, 1.19347, 1], "uv": [211, 200]},
						{"origin": [14.5, 6.40326, 20], "size": [3, 1.19347, 1], "pivot": [17, 7, 23], "rotation": [-22.5, 0, 0], "uv": [211, 189]},
						{"origin": [14.5, 6.40326, 20], "size": [3, 1.19347, 1], "pivot": [17, 7, 23], "rotation": [-45, 0, 0], "uv": [211, 145]},
						{"origin": [14.5, 6.40326, 25], "size": [3, 1.19347, 1], "pivot": [17, 7, 23], "rotation": [45, 0, 0], "uv": [203, 211]},
						{"origin": [14.5, 6.40326, 25], "size": [3, 1.19347, 1], "pivot": [17, 7, 23], "rotation": [22.5, 0, 0], "uv": [148, 211]},
						{"origin": [14.5, 6.40326, 25], "size": [3, 1.19347, 1], "uv": [210, 66]},
						{"origin": [14.5, 6.40326, 25], "size": [3, 1.19347, 1], "pivot": [17, 7, 23], "rotation": [-22.5, 0, 0], "uv": [208, 94]},
						{"origin": [14.5, 6.40326, 25], "size": [3, 1.19347, 1], "pivot": [17, 7, 23], "rotation": [-45, 0, 0], "uv": [164, 207]},
						{"origin": [14.5, 4, 22.40326], "size": [3, 1, 1.19347], "pivot": [17, 7, 23], "rotation": [22.5, 0, 0], "uv": [206, 10]},
						{"origin": [14.5, 4, 22.40326], "size": [3, 1, 1.19347], "uv": [12, 206]},
						{"origin": [14.5, 4, 22.40326], "size": [3, 1, 1.19347], "pivot": [17, 7, 23], "rotation": [-22.5, 0, 0], "uv": [205, 53]},
						{"origin": [14.5, 9, 22.40326], "size": [3, 1, 1.19347], "pivot": [17, 7, 23], "rotation": [22.5, 0, 0], "uv": [24, 205]},
						{"origin": [14.5, 9, 22.40326], "size": [3, 1, 1.19347], "uv": [45, 204]},
						{"origin": [14.5, 9, 22.40326], "size": [3, 1, 1.19347], "pivot": [17, 7, 23], "rotation": [-22.5, 0, 0], "uv": [203, 98]}
					]
				},
				{
					"name": "bal",
					"parent": "backtire1",
					"pivot": [18, 7, 23],
					"cubes": [
						{"origin": [15.5, 8, 22.5], "size": [3, 4, 1], "uv": [203, 206]},
						{"origin": [15.5, 8, 22.5], "size": [3, 4, 1], "pivot": [18, 7, 23], "rotation": [45, 0, 0], "uv": [205, 48]},
						{"origin": [15.5, 8, 22.5], "size": [3, 4, 1], "pivot": [18, 7, 23], "rotation": [90, 0, 0], "uv": [201, 194]},
						{"origin": [15.5, 8, 22.5], "size": [3, 4, 1], "pivot": [18, 7, 23], "rotation": [135, 0, 0], "uv": [201, 183]},
						{"origin": [15.5, 8, 22.5], "size": [3, 4, 1], "pivot": [18, 7, 23], "rotation": [180, 0, 0], "uv": [57, 201]},
						{"origin": [15.5, 8, 22.5], "size": [3, 4, 1], "pivot": [18, 7, 23], "rotation": [-135, 0, 0], "uv": [118, 195]},
						{"origin": [15.5, 8, 22.5], "size": [3, 4, 1], "pivot": [18, 7, 23], "rotation": [-90, 0, 0], "uv": [175, 181]},
						{"origin": [15.5, 8, 22.5], "size": [3, 4, 1], "pivot": [18, 7, 23], "rotation": [-45, 0, 0], "uv": [177, 48]}
					]
				},
				{
					"name": "backtire2",
					"parent": "backtires",
					"pivot": [-18, 7, 23],
					"rotation": [0, 0, 5]
				},
				{
					"name": "btr",
					"parent": "backtire2",
					"pivot": [-7, -1, 15],
					"cubes": [
						{"origin": [-19.5, 5.60761, 16], "size": [5, 2.78477, 1.6], "pivot": [-15, 7, 23], "rotation": [45, 0, 0], "uv": [149, 213]},
						{"origin": [-19.5, 5.60761, 16], "size": [5, 2.78477, 1.6], "pivot": [-15, 7, 23], "rotation": [22.5, 0, 0], "uv": [126, 212]},
						{"origin": [-19.5, 5.60761, 16], "size": [5, 2.78477, 1.6], "uv": [65, 212]},
						{"origin": [-19.5, 5.60761, 16], "size": [5, 2.78477, 1.6], "pivot": [-15, 7, 23], "rotation": [-22.5, 0, 0], "uv": [12, 212]},
						{"origin": [-19.5, 5.60761, 16], "size": [5, 2.78477, 1.6], "pivot": [-15, 7, 23], "rotation": [-45, 0, 0], "uv": [211, 197]},
						{"origin": [-19.5, 5.60761, 28.4], "size": [5, 2.78477, 1.6], "pivot": [-15, 7, 23], "rotation": [45, 0, 0], "uv": [211, 194]},
						{"origin": [-19.5, 5.60761, 28.4], "size": [5, 2.78477, 1.6], "pivot": [-15, 7, 23], "rotation": [22.5, 0, 0], "uv": [211, 186]},
						{"origin": [-19.5, 5.60761, 28.4], "size": [5, 2.78477, 1.6], "uv": [211, 183]},
						{"origin": [-19.5, 5.60761, 28.4], "size": [5, 2.78477, 1.6], "pivot": [-15, 7, 23], "rotation": [-22.5, 0, 0], "uv": [211, 142]},
						{"origin": [-19.5, 5.60761, 28.4], "size": [5, 2.78477, 1.6], "pivot": [-15, 7, 23], "rotation": [-45, 0, 0], "uv": [211, 58]},
						{"origin": [-19.5, 0, 21.60761], "size": [5, 1.6, 2.78477], "pivot": [-15, 7, 23], "rotation": [22.5, 0, 0], "uv": [206, 7]},
						{"origin": [-19.5, 0, 21.60761], "size": [5, 1.6, 2.78477], "uv": [206, 4]},
						{"origin": [-19.5, 0, 21.60761], "size": [5, 1.6, 2.78477], "pivot": [-15, 7, 23], "rotation": [-22.5, 0, 0], "uv": [206, 1]},
						{"origin": [-19.5, 12.4, 21.60761], "size": [5, 1.6, 2.78477], "pivot": [-15, 7, 23], "rotation": [22.5, 0, 0], "uv": [57, 198]},
						{"origin": [-19.5, 12.4, 21.60761], "size": [5, 1.6, 2.78477], "uv": [12, 195]},
						{"origin": [-19.5, 12.4, 21.60761], "size": [5, 1.6, 2.78477], "pivot": [-15, 7, 23], "rotation": [-22.5, 0, 0], "uv": [15, 181]}
					]
				},
				{
					"name": "brr",
					"parent": "backtire2",
					"pivot": [-8, -1, 15],
					"cubes": [
						{"origin": [-19, 5.92587, 17.6], "size": [4, 2.14825, 1], "pivot": [-16, 7, 23], "rotation": [45, 0, 0], "uv": [136, 220]},
						{"origin": [-19, 5.92587, 17.6], "size": [4, 2.14825, 1], "pivot": [-16, 7, 23], "rotation": [22.5, 0, 0], "uv": [104, 220]},
						{"origin": [-19, 5.92587, 17.6], "size": [4, 2.14825, 1], "uv": [94, 220]},
						{"origin": [-19, 5.92587, 17.6], "size": [4, 2.14825, 1], "pivot": [-16, 7, 23], "rotation": [-22.5, 0, 0], "uv": [51, 220]},
						{"origin": [-19, 5.92587, 17.6], "size": [4, 2.14825, 1], "pivot": [-16, 7, 23], "rotation": [-45, 0, 0], "uv": [41, 220]},
						{"origin": [-19, 5.92587, 27.4], "size": [4, 2.14825, 1], "pivot": [-16, 7, 23], "rotation": [45, 0, 0], "uv": [219, 200]},
						{"origin": [-19, 5.92587, 27.4], "size": [4, 2.14825, 1], "pivot": [-16, 7, 23], "rotation": [22.5, 0, 0], "uv": [219, 189]},
						{"origin": [-19, 5.92587, 27.4], "size": [4, 2.14825, 1], "uv": [219, 129]},
						{"origin": [-19, 5.92587, 27.4], "size": [4, 2.14825, 1], "pivot": [-16, 7, 23], "rotation": [-22.5, 0, 0], "uv": [219, 67]},
						{"origin": [-19, 5.92587, 27.4], "size": [4, 2.14825, 1], "pivot": [-16, 7, 23], "rotation": [-45, 0, 0], "uv": [100, 168]},
						{"origin": [-19, 1.6, 21.92587], "size": [4, 1, 2.14825], "pivot": [-16, 7, 23], "rotation": [22.5, 0, 0], "uv": [138, 211]},
						{"origin": [-19, 1.6, 21.92587], "size": [4, 1, 2.14825], "uv": [53, 211]},
						{"origin": [-19, 1.6, 21.92587], "size": [4, 1, 2.14825], "pivot": [-16, 7, 23], "rotation": [-22.5, 0, 0], "uv": [41, 211]},
						{"origin": [-19, 11.4, 21.92587], "size": [4, 1, 2.14825], "pivot": [-16, 7, 23], "rotation": [22.5, 0, 0], "uv": [141, 198]},
						{"origin": [-19, 11.4, 21.92587], "size": [4, 1, 2.14825], "uv": [80, 198]},
						{"origin": [-19, 11.4, 21.92587], "size": [4, 1, 2.14825], "pivot": [-16, 7, 23], "rotation": [-22.5, 0, 0], "uv": [0, 191]}
					]
				},
				{
					"name": "bbr",
					"parent": "backtire2",
					"pivot": [-7, -1, 15],
					"cubes": [
						{"origin": [-17.5, 6.40326, 20], "size": [3, 1.19347, 1], "pivot": [-15, 7, 23], "rotation": [45, 0, 0], "uv": [12, 203]},
						{"origin": [-17.5, 6.40326, 20], "size": [3, 1.19347, 1], "pivot": [-15, 7, 23], "rotation": [22.5, 0, 0], "uv": [0, 203]},
						{"origin": [-17.5, 6.40326, 20], "size": [3, 1.19347, 1], "uv": [201, 199]},
						{"origin": [-17.5, 6.40326, 20], "size": [3, 1.19347, 1], "pivot": [-15, 7, 23], "rotation": [-22.5, 0, 0], "uv": [201, 188]},
						{"origin": [-17.5, 6.40326, 20], "size": [3, 1.19347, 1], "pivot": [-15, 7, 23], "rotation": [-45, 0, 0], "uv": [69, 198]},
						{"origin": [-17.5, 6.40326, 25], "size": [3, 1.19347, 1], "pivot": [-15, 7, 23], "rotation": [45, 0, 0], "uv": [175, 186]},
						{"origin": [-17.5, 6.40326, 25], "size": [3, 1.19347, 1], "pivot": [-15, 7, 23], "rotation": [22.5, 0, 0], "uv": [27, 181]},
						{"origin": [-17.5, 6.40326, 25], "size": [3, 1.19347, 1], "uv": [177, 53]},
						{"origin": [-17.5, 6.40326, 25], "size": [3, 1.19347, 1], "pivot": [-15, 7, 23], "rotation": [-22.5, 0, 0], "uv": [36, 171]},
						{"origin": [-17.5, 6.40326, 25], "size": [3, 1.19347, 1], "pivot": [-15, 7, 23], "rotation": [-45, 0, 0], "uv": [68, 168]},
						{"origin": [-17.5, 4, 22.40326], "size": [3, 1, 1.19347], "pivot": [-15, 7, 23], "rotation": [22.5, 0, 0], "uv": [165, 18]},
						{"origin": [-17.5, 4, 22.40326], "size": [3, 1, 1.19347], "uv": [142, 156]},
						{"origin": [-17.5, 4, 22.40326], "size": [3, 1, 1.19347], "pivot": [-15, 7, 23], "rotation": [-22.5, 0, 0], "uv": [132, 156]},
						{"origin": [-17.5, 9, 22.40326], "size": [3, 1, 1.19347], "pivot": [-15, 7, 23], "rotation": [22.5, 0, 0], "uv": [122, 127]},
						{"origin": [-17.5, 9, 22.40326], "size": [3, 1, 1.19347], "uv": [24, 120]},
						{"origin": [-17.5, 9, 22.40326], "size": [3, 1, 1.19347], "pivot": [-15, 7, 23], "rotation": [-22.5, 0, 0], "uv": [90, 118]}
					]
				},
				{
					"name": "bar",
					"parent": "backtire2",
					"pivot": [-16, 7, 23],
					"cubes": [
						{"origin": [-18.5, 8, 22.5], "size": [3, 4, 1], "uv": [165, 13]},
						{"origin": [-18.5, 8, 22.5], "size": [3, 4, 1], "pivot": [-16, 7, 23], "rotation": [45, 0, 0], "uv": [165, 3]},
						{"origin": [-18.5, 8, 22.5], "size": [3, 4, 1], "pivot": [-16, 7, 23], "rotation": [90, 0, 0], "uv": [68, 163]},
						{"origin": [-18.5, 8, 22.5], "size": [3, 4, 1], "pivot": [-16, 7, 23], "rotation": [135, 0, 0], "uv": [58, 159]},
						{"origin": [-18.5, 8, 22.5], "size": [3, 4, 1], "pivot": [-16, 7, 23], "rotation": [180, 0, 0], "uv": [58, 153]},
						{"origin": [-18.5, 8, 22.5], "size": [3, 4, 1], "pivot": [-16, 7, 23], "rotation": [-135, 0, 0], "uv": [142, 151]},
						{"origin": [-18.5, 8, 22.5], "size": [3, 4, 1], "pivot": [-16, 7, 23], "rotation": [-90, 0, 0], "uv": [132, 151]},
						{"origin": [-18.5, 8, 22.5], "size": [3, 4, 1], "pivot": [-16, 7, 23], "rotation": [-45, 0, 0], "uv": [110, 110]}
					]
				}
			]
		}
	]
}