{
  "minecraft:entity": {
    "format_version": 0.1,
 
    "components": {
      "minecraft:identifier": {
        "id": "minecraft:witch"
      },
      "minecraft:health": {
        "value": 120,
        "max": 120
      },
      "minecraft:collision_box": {
        "width": 1.0,
        "height": 1.7
      },
      "minecraft:breathable": {
        "totalSupply": 5,
        "suffocateTime": 0
      },
      "minecraft:loot": {
        "table": "loot_tables/entities/tank.json"
      },
      "minecraft:movement": {
        "value": 0.65,
        "max": 0.70
      },
      "minecraft:fall_damage": {
        "value": 0.0
      },
      "minecraft:scale": {
        "value": 1.0
      },
	  "minecraft:fire_immune": true,
        "minecraft:boostable": {
          "speed_multiplier": 2.0,
          "duration": 3.0,
          "boost_items": [
            {
              "item": "carrotOnAStick",
              "item_damage": 3,
              "replaceItem": "carrotOnAStick"
            }
          ]
        },
        "minecraft:rideable": {
          "seat_count": 2,
          "interact_text": "Ride",
          "seats": {
            "position": [ 0.8, 0.05, -0.65]
          }        
        },
        "minecraft:item_controllable": {
          "control_items": "carrotOnAStick"
        },
        "minecraft:behavior.controlled_by_player": {
          "priority": 0
        },
		"minecraft:inventory": {
          "inventory_size": 27,
          "container_type": "container", 
          "private": false
        },
        "minecraft:behavior.float": {
          "priority": 0
        },

        "minecraft:type_family": {
          "family": [ "tank" ]
        }
    },

    "events": {
    }
  }
}