{
	"entity_sounds": {
		"entities": {
			"lancia:037_white2": {
				"volume": 1,
				"pitch": [
					0.8,
					1.2
				],
				"events": {
					"step": {
						"sound": "vehicle.lancia037.drive",
						"volume": 1,
						"pitch": 1.1
					}
				}
			},
			"lancia:037_martini2": {
				"volume": 1,
				"pitch": [
					0.8,
					1.2
				],
				"events": {
					"step": {
						"sound": "vehicle.lancia037.drive",
						"volume": 1,
						"pitch": 1.1
					}
				}
			},
			"lancia:037_red2": {
				"volume": 1,
				"pitch": [
					0.8,
					1.2
				],
				"events": {
					"step": {
						"sound": "vehicle.lancia037.drive",
						"volume": 1,
						"pitch": 1.1
					}
				}
			},
			"lancia:037_black2": {
				"volume": 1,
				"pitch": [
					0.8,
					1.2
				],
				"events": {
					"step": {
						"sound": "vehicle.lancia037.drive",
						"volume": 1,
						"pitch": 1.1
					}
				}
			}
		}
	}
}