{
	"format_version": "1.8.0",
	"minecraft:entity": {
		"description": {
			"identifier": "jdml:rx7fcmod",
			"is_spawnable": true,
			"is_summonable": true,
			"is_experimental": false
		},
		"components": {
			"minecraft:type_family": {
				"family": [
					"cars"
				]
			},
			"minecraft:scale": {
				"value": 0.98
			},
			"minecraft:collision_box": {
				"width": 2,
				"height": 2
			},
			"minecraft:health": {
				"value": 60
			},
			"minecraft:movement": {
				"value": 0.66
			},
			"minecraft:movement.basic": {},
			"minecraft:jump.static": {},
			"minecraft:input_ground_controlled": {},
			"minecraft:physics": {},
			"minecraft:inventory": {
				"container_type": "container",
				"inventory_size": 27,
				"private": false
			},
			"minecraft:rideable": {
				"seat_count": 2,
				"crouching_skip_interact": true,
				"interact_text": "Drive",
				"family_types": [
					"player",
					"villager"
				],
				"pull_in_entities": true,
				"seats": [
					{
						"position": [
							-0.55,
							0.12,
							-0.55
						],
						"min_rider_count": 1,
						"max_rider_count": 2
					},
					{
						"position": [
							0.55,
							0.12,
							-0.55
						],
						"min_rider_count": 1,
						"max_rider_count": 2
					}
				]
			},
			"minecraft:pushable": {
				"is_pushable": false,
				"is_pushable_by_piston": true
			}
		},
		"component_groups": {},
		"events": {}
	}
}