{
	"format_version": "1.8.0",
	"minecraft:entity": {
		"description": {
			"identifier": "jdml:rx7fc",
			"is_spawnable": true,
			"is_summonable": true,
			"is_experimental": false
		},
		"component_groups": {
			"rx7fc:pm_silver": {
				"minecraft:variant": {
					"value": 0
				}
			},
			"rx7fc:pm_red": {
				"minecraft:variant": {
					"value": 1
				}
			},
			"rx7fc:pm_white": {
				"minecraft:variant": {
					"value": 2
				}
			}
		},
		"components": {
			"minecraft:type_family": {
				"family": [
					"cars"
				]
			},
			"minecraft:scale": {
				"value": 0.98
			},
			"minecraft:collision_box": {
				"width": 2,
				"height": 2
			},
			"minecraft:health": {
				"value": 60
			},
			"minecraft:movement": {
				"value": 0.61
			},
			"minecraft:movement.basic": {},
			"minecraft:jump.static": {},
			"minecraft:input_ground_controlled": {},
			"minecraft:physics": {},
			"minecraft:inventory": {
				"container_type": "container",
				"inventory_size": 27,
				"private": false
			},
			"minecraft:rideable": {
				"seat_count": 2,
				"crouching_skip_interact": true,
				"interact_text": "Drive",
				"family_types": [
					"player",
					"villager"
				],
				"pull_in_entities": true,
				"seats": [
					{
						"position": [
							-0.55,
							0.12,
							-0.55
						],
						"min_rider_count": 1,
						"max_rider_count": 2
					},
					{
						"position": [
							0.55,
							0.12,
							-0.55
						],
						"min_rider_count": 1,
						"max_rider_count": 2
					}
				]
			},
			"minecraft:pushable": {
				"is_pushable": false,
				"is_pushable_by_piston": true
			},
			"minecraft:interact": [
				{
					"on_interact": {
						"filters": {
							"all_of": [
								{
									"test": "has_equipment",
									"subject": "other",
									"domain": "hand",
									"value": "pmc:white"
								},
								{
									"test": "is_family",
									"subject": "other",
									"value": "player"
								},
								{
									"test": "has_ability",
									"subject": "other",
									"value": "instabuild"
								}
							]
						},
						"event": "minecraft:turn_white"
					},
					"use_item": true
				},
				{
					"on_interact": {
						"filters": {
							"all_of": [
								{
									"test": "has_equipment",
									"subject": "other",
									"domain": "hand",
									"value": "pmc:red"
								},
								{
									"test": "is_family",
									"subject": "other",
									"value": "player"
								},
								{
									"test": "has_ability",
									"subject": "other",
									"value": "instabuild"
								}
							]
						},
						"event": "minecraft:turn_red"
					},
					"use_item": true
				},
				{
					"on_interact": {
						"filters": {
							"all_of": [
								{
									"test": "has_equipment",
									"subject": "other",
									"domain": "hand",
									"value": "pmc:silver"
								},
								{
									"test": "is_family",
									"subject": "other",
									"value": "player"
								},
								{
									"test": "has_ability",
									"subject": "other",
									"value": "instabuild"
								}
							]
						},
						"event": "minecraft:turn_silver"
					},
					"use_item": true
				}
			]
		},
		"events": {
			"minecraft:entity_spawned": {
				"randomize": [
					{
						"weight": 6,
						"add": {
							"component_groups": [
								"rx7fc:pm_red"
							]
						}
					},
					{
						"weight": 6,
						"add": {
							"component_groups": [
								"rx7fc:pm_silver"
							]
						}
					},
					{
						"weight": 6,
						"add": {
							"component_groups": [
								"rx7fc:pm_white"
							]
						}
					}
				]
			},
			"minecraft:turn_silver": {
				"add": {
					"component_groups": [
						"rx7fc:pm_silver"
					]
				}
			},
			"minecraft:turn_red": {
				"add": {
					"component_groups": [
						"rx7fc:pm_red"
					]
				}
			},
			"minecraft:turn_white": {
				"add": {
					"component_groups": [
						"rx7fc:pm_white"
					]
				}
			}
		}
	}
}