{
	"format_version": "1.8.0",
	"minecraft:client_entity": {
		"description": {
			"identifier": "proton:iswara_silver2_open",
			"materials": {
				"default": "enderman"
			},
			"textures": {
				"default": "textures/entity/iswara_turbo/silver"
			},
			"geometry": {
				"default": "geometry.iswaraturbo_m2_open"
			},
			"render_controllers": [
				"controller.render.sk_cars"
			],
			"animations": {
				"drive": "animation.sk_cars.drive",
				"turning": "animation.sk_cars.turning",
				"door": "animation.sk_cars.door",
				"open": "animation.sk_cars.open",
				"meter_player": "animation.sk_cars.meter_player",
				"meter_player2": "animation.sk_cars.meter_player2",
				"wipers": "animation.sk_cars.wipers"
			},
			"sound_effects": {
        		"open": "vehicle.sk_cars.dooropen"
      		},
			"spawn_egg": {
				"texture": "proton1985",
				"texture_index": 0
			},
			"animation_controllers": [
				{
					"general": "controller.animation.iswara.general2"
				}
			]
		}
	}
}