{
	"format_version": "1.12.0",
	"minecraft:geometry": [
		{
			"description": {
				"identifier": "geometry.85saga_rally_m1",
				"texture_width": 256,
				"texture_height": 256,
				"visible_bounds_width": 8,
				"visible_bounds_height": 4,
				"visible_bounds_offset": [0, 1, 0]
			},
			"bones": [
				{
					"name": "front",
					"pivot": [0, 0, -5],
					"cubes": [
						{"origin": [-8, 4.5, -34], "size": [16, 1, 1], "uv": [0, 122]},
						{"origin": [17.1, 4.5, -34], "size": [1, 1, 1], "uv": [190, 148]},
						{"origin": [-18.1, 4.5, -34], "size": [1, 1, 1], "uv": [10, 11]},
						{"origin": [8, 4.5, -34], "size": [10, 1, 1], "uv": [34, 88]},
						{"origin": [17.1, 4.5, -38], "size": [1, 1, 4], "uv": [118, 195]},
						{"origin": [-18.1, 4.5, -38], "size": [1, 1, 4], "uv": [22, 131]},
						{"origin": [17, 5.5, -38], "size": [1, 6, 5], "uv": [0, 61]},
						{"origin": [17.1, 10.5, -40], "size": [1, 1, 8], "uv": [200, 60]},
						{"origin": [-18.1, 10.5, -40], "size": [1, 1, 8], "uv": [198, 174]},
						{"origin": [17.1, 10.5, -18], "size": [1, 1, 6], "uv": [45, 157]},
						{"origin": [-18.1, 10.5, -18], "size": [1, 1, 6], "uv": [27, 157]},
						{"origin": [17.1, 10.5, 8], "size": [1, 1, 8], "uv": [198, 165]},
						{"origin": [-18.1, 10.5, 8], "size": [1, 1, 8], "uv": [170, 197]},
						{"origin": [17.1, 10.5, 30], "size": [1, 1, 10], "uv": [156, 194]},
						{"origin": [-18.1, 10.5, 30], "size": [1, 1, 10], "uv": [130, 194]},
						{"origin": [-18, 5.5, -38], "size": [1, 6, 5], "uv": [0, 0]},
						{"origin": [17, 11.5, -37], "size": [1, 4, 4], "uv": [80, 89]},
						{"origin": [-18, 11.5, -37], "size": [1, 4, 4], "uv": [68, 89]},
						{"origin": [-18, 14.6, -34], "size": [1, 1, 1], "uv": [190, 146]},
						{"origin": [17, 14.6, -34], "size": [1, 1, 1], "uv": [190, 143]},
						{"origin": [17, 6.5, -38.2], "size": [1, 1, 1], "uv": [190, 141]},
						{"origin": [-18, 6.5, -38.2], "size": [1, 1, 1], "uv": [100, 190]},
						{"origin": [16.99, 11.5, -37.8], "size": [1, 1, 1], "uv": [94, 190]},
						{"origin": [-17.99, 11.5, -37.8], "size": [1, 1, 1], "uv": [172, 189]},
						{"origin": [17, 7.5, -39], "size": [1, 4, 1], "uv": [62, 219]},
						{"origin": [-18, 7.5, -39], "size": [1, 4, 1], "uv": [58, 219]},
						{"origin": [17, 8.5, -40], "size": [1, 3, 1], "uv": [58, 131]},
						{"origin": [-18, 8.5, -40], "size": [1, 3, 1], "uv": [52, 131]},
						{"origin": [17, 10.58, -40.859], "size": [1, 1, 3], "uv": [59, 209]},
						{"origin": [17, 11.58, -38.859], "size": [1, 0, 1], "pivot": [18, 11.6, -38.9], "rotation": [-17.5, 0, 0], "uv": [2, 0]},
						{"origin": [17, 15.38021, -37.74346], "size": [1, 1, 1], "pivot": [18, 15.3, -37.7], "rotation": [-52.5, 0, 0], "uv": [166, 189]},
						{"origin": [8, 15.34, -37.625], "size": [9, 1, 1], "pivot": [17, 15.4, -37.6], "rotation": [-52.5, 0, 0], "uv": [0, 91]},
						{"origin": [-8, 15.34, -37.625], "size": [16, 1, 1], "pivot": [8, 15.4, -37.6], "rotation": [-52.5, 0, 0], "uv": [34, 86]},
						{"origin": [-17, 15.34, -37.625], "size": [9, 1, 1], "pivot": [-8, 15.4, -37.6], "rotation": [-52.5, 0, 0], "uv": [68, 86]},
						{"origin": [-18, 15.34, -37.625], "size": [1, 1, 1], "pivot": [-17, 15.4, -37.6], "rotation": [-52.5, 0, 0], "uv": [19, 189]},
						{"origin": [17, 16.026, -36.884], "size": [1, 2, 1], "pivot": [18, 16, -36.9], "rotation": [-77.5, 0, 0], "uv": [173, 5]},
						{"origin": [-18, 16.026, -36.884], "size": [1, 2, 1], "pivot": [-17, 16, -36.9], "rotation": [-77.5, 0, 0], "uv": [169, 89]},
						{"origin": [-8, 16.026, -36.884], "size": [16, 2, 1], "pivot": [-7, 16, -36.9], "rotation": [-77.5, 0, 0], "uv": [166, 158]},
						{"origin": [-17, 16.026, -36.884], "size": [9, 2, 1], "pivot": [-16, 16, -36.9], "rotation": [-77.5, 0, 0], "uv": [0, 114]},
						{"origin": [8, 16.026, -36.884], "size": [9, 2, 1], "pivot": [9, 16, -36.9], "rotation": [-77.5, 0, 0], "uv": [68, 112]},
						{"origin": [17, 16.38683, -34.92636], "size": [1, 20, 1], "pivot": [18, 16.4, -34.9], "rotation": [-85, 0, 0], "uv": [22, 94]},
						{"origin": [17, 18.20568, -14.96761], "size": [1, 2, 1], "pivot": [18, 18.2, -15], "rotation": [-90, 0, 0], "uv": [168, 168]},
						{"origin": [17, 18.20568, -12.96761], "size": [1, 1, 1], "pivot": [18, 18.2, -13], "rotation": [-132.5, 0, 0], "uv": [188, 184]},
						{"origin": [-17, 18.20568, -12.96761], "size": [34, 1, 1], "pivot": [17, 18.2, -13], "rotation": [-132.5, 0, 0], "uv": [64, 131]},
						{"origin": [-18, 18.20568, -12.96761], "size": [1, 1, 1], "pivot": [-17, 18.2, -13], "rotation": [-132.5, 0, 0], "uv": [188, 179]},
						{"origin": [-18, 18.20568, -14.96761], "size": [1, 2, 1], "pivot": [-17, 18.2, -15], "rotation": [-90, 0, 0], "uv": [56, 168]},
						{"origin": [-17, 18.20568, -14.96761], "size": [9, 2, 1], "pivot": [-16, 18.2, -15], "rotation": [-90, 0, 0], "uv": [68, 109]},
						{"origin": [8, 18.20568, -14.96761], "size": [9, 2, 1], "pivot": [9, 18.2, -15], "rotation": [-90, 0, 0], "uv": [34, 90]},
						{"origin": [-8, 15.60568, -14.92], "size": [16, 6, 1], "pivot": [-7, 18.6, -15], "rotation": [-90, 0, 0], "uv": [171, 108]},
						{"origin": [-18, 16.38683, -34.92636], "size": [1, 20, 1], "pivot": [-17, 16.4, -34.9], "rotation": [-85, 0, 0], "uv": [90, 90]},
						{"origin": [-17, 16.38683, -34.92636], "size": [9, 20, 1], "pivot": [-16, 16.4, -34.9], "rotation": [-85, 0, 0], "uv": [67, 61]},
						{"origin": [-8, 16.38683, -34.92636], "size": [16, 10, 1], "pivot": [-7, 16.4, -34.9], "rotation": [-84, 0, 0], "uv": [0, 175]},
						{"origin": [-8, 17.42663, -24.858], "size": [16, 7, 1], "pivot": [-7, 17.5, -24.9], "rotation": [-99, 0, 0], "uv": [106, 133]},
						{"origin": [-8, 26.3868, -34.12636], "size": [16, 10, 1], "pivot": [-7, 16.4, -34.9], "rotation": [-84, 0, 0], "uv": [167, 97]},
						{"origin": [8, 16.38683, -34.92636], "size": [9, 20, 1], "pivot": [9, 16.4, -34.9], "rotation": [-85, 0, 0], "uv": [34, 61]},
						{"origin": [-18, 12.08, -38.859], "size": [8, 1, 1], "pivot": [-16, 11.6, -38.9], "rotation": [-17.5, 0, 0], "uv": [166, 161]},
						{"origin": [10, 12.08, -38.859], "size": [8, 1, 1], "pivot": [11, 11.6, -38.9], "rotation": [-17.5, 0, 0], "uv": [34, 122]},
						{"origin": [10, 12.71885, -37.95688], "size": [8, 3, 1], "pivot": [11, 14.6, -38.9], "rotation": [-17.5, 0, 0], "uv": [0, 117]},
						{"origin": [-18, 12.71885, -37.95688], "size": [8, 3, 1], "pivot": [-17, 14.6, -38.9], "rotation": [-17.5, 0, 0], "uv": [47, 103]},
						{"origin": [17.01, 12.39503, -37.66078], "size": [1, 3, 1], "uv": [28, 131]},
						{"origin": [-18.01, 12.39503, -37.66078], "size": [1, 3, 1], "uv": [22, 131]},
						{"origin": [17.015, 11.72, -37.76078], "size": [1, 1, 1], "uv": [188, 155]},
						{"origin": [-18.015, 11.72, -37.76078], "size": [1, 1, 1], "uv": [188, 30]},
						{"origin": [10, 11.08, -38.859], "size": [8, 1, 1], "pivot": [11, 11.6, -38.9], "rotation": [-17.5, 0, 0], "uv": [29, 118]},
						{"origin": [-10, 12.58, -38.859], "size": [20, 3, 1], "pivot": [4, 11.6, -38.9], "rotation": [-17.5, 0, 0], "uv": [162, 26]},
						{"origin": [-9, 11.58, -38.559], "size": [18, 2, 1], "pivot": [4, 11.6, -38.6], "rotation": [-17.5, 0, 0], "uv": [163, 83]},
						{"origin": [-10, 11.58, -38.859], "size": [1, 1, 1], "pivot": [4, 11.6, -38.9], "rotation": [-17.5, 0, 0], "uv": [172, 187]},
						{"origin": [9, 11.58, -38.859], "size": [1, 1, 1], "pivot": [23, 11.6, -38.9], "rotation": [-17.5, 0, 0], "uv": [166, 187]},
						{"origin": [-0.5, 11.58, -38.859], "size": [1, 1, 1], "pivot": [13.5, 11.6, -38.9], "rotation": [-17.5, 0, 0], "uv": [186, 7]},
						{"origin": [-18, 11.08, -38.859], "size": [8, 1, 1], "pivot": [-16, 11.6, -38.9], "rotation": [-17.5, 0, 0], "uv": [47, 107]},
						{"origin": [-17, 10.58, -40.859], "size": [34, 1, 3], "uv": [97, 109]},
						{"origin": [-18, 10.58, -40.859], "size": [1, 1, 3], "uv": [198, 178]},
						{"origin": [-17, 4.5, -38], "size": [34, 1, 4], "uv": [100, 0]},
						{"origin": [-18, 4.45, -38.1], "size": [36, 1, 1], "uv": [97, 94]},
						{"origin": [17, 5.5, -38], "size": [1, 5, 1], "pivot": [16, 5.5, -38], "rotation": [35, 0, 0], "uv": [200, 35]},
						{"origin": [-18, 5.5, -38], "size": [1, 5, 1], "pivot": [-19, 5.5, -38], "rotation": [35, 0, 0], "uv": [196, 48]},
						{"origin": [10, 4.5, -38], "size": [7, 6, 1], "pivot": [15, 5.5, -38], "rotation": [35, 0, 0], "uv": [29, 94]},
						{"origin": [-17, 4.5, -38], "size": [7, 6, 1], "pivot": [-12, 5.5, -38], "rotation": [35, 0, 0], "uv": [90, 75]},
						{"origin": [-10, 5.5, -37.2], "size": [20, 5, 1], "pivot": [-5, 5.5, -37.2], "rotation": [35, 0, 0], "uv": [152, 48]},
						{"origin": [17, 9.59, -40.869], "size": [1, 1, 1], "pivot": [18, 9.6, -40.9], "rotation": [5, 0, 0], "uv": [186, 5]},
						{"origin": [-18, 9.59, -40.869], "size": [1, 1, 1], "pivot": [-17, 9.6, -40.9], "rotation": [5, 0, 0], "uv": [186, 2]},
						{"origin": [-17, 9.59, -40.869], "size": [34, 1, 1], "pivot": [-16, 9.6, -40.9], "rotation": [5, 0, 0], "uv": [64, 129]},
						{"origin": [12, 9.68, -40.954], "size": [4, 1, 1], "uv": [128, 122]},
						{"origin": [-16, 9.68, -40.954], "size": [4, 1, 1], "uv": [29, 116]},
						{"origin": [17, 10.58, -40.954], "size": [1, 1, 1], "pivot": [18, 10.6, -41], "rotation": [-5, 0, 0], "uv": [186, 0]},
						{"origin": [-18, 10.58, -40.954], "size": [1, 1, 1], "pivot": [-17, 10.6, -41], "rotation": [-5, 0, 0], "uv": [27, 186]},
						{"origin": [-17, 10.58, -40.954], "size": [34, 1, 1], "pivot": [-16, 10.6, -41], "rotation": [-5, 0, 0], "uv": [128, 120]},
						{"origin": [-18, 4.5, -34], "size": [10, 1, 1], "uv": [0, 89]},
						{"origin": [12.5, 5.5, -32], "size": [1, 10, 14], "uv": [0, 61]},
						{"origin": [13.5, 6.5, -26], "size": [3, 2, 2], "uv": [202, 48]},
						{"origin": [-16.5, 6.5, -26], "size": [3, 2, 2], "uv": [201, 188]},
						{"origin": [-13.5, 5.5, -32], "size": [1, 10, 14], "uv": [0, 0]}
					]
				},
				{
					"name": "fronttireguard",
					"pivot": [0, 0, 0],
					"cubes": [
						{"origin": [17, 8.5, -33], "size": [1, 8, 1], "uv": [59, 175]},
						{"origin": [-18, 8.5, -33], "size": [1, 8, 1], "uv": [42, 175]},
						{"origin": [-18, 8.5, -18], "size": [1, 8, 1], "uv": [122, 164]},
						{"origin": [17, 8.5, -18], "size": [1, 8, 1], "uv": [83, 164]},
						{"origin": [17, 16.4, -23], "size": [1, 1, 6], "uv": [84, 146]},
						{"origin": [-18, 16.4, -23], "size": [1, 1, 6], "uv": [29, 101]},
						{"origin": [17, 11.5, -19], "size": [1, 5, 1], "uv": [0, 186]},
						{"origin": [17, 11.5, -32], "size": [1, 5, 1], "uv": [45, 157]},
						{"origin": [-18, 11.5, -32], "size": [1, 5, 1], "uv": [27, 157]},
						{"origin": [-18, 11.5, -19], "size": [1, 5, 1], "uv": [112, 73]},
						{"origin": [17, 12.5, -31], "size": [1, 4, 1], "uv": [54, 219]},
						{"origin": [-18, 12.5, -31], "size": [1, 4, 1], "uv": [210, 218]},
						{"origin": [-18, 12.5, -20], "size": [1, 4, 1], "uv": [206, 218]},
						{"origin": [17, 12.5, -20], "size": [1, 4, 1], "uv": [202, 218]},
						{"origin": [17, 13.5, -21], "size": [1, 3, 1], "uv": [28, 126]},
						{"origin": [17, 13.5, -30], "size": [1, 3, 1], "uv": [22, 126]},
						{"origin": [-18, 13.5, -30], "size": [1, 3, 1], "uv": [90, 111]},
						{"origin": [-18, 13.5, -21], "size": [1, 3, 1], "uv": [108, 60]},
						{"origin": [-18, 14.5, -29], "size": [1, 2, 2], "uv": [84, 146]},
						{"origin": [-18, 14.5, -23], "size": [1, 2, 2], "uv": [9, 126]},
						{"origin": [17, 14.5, -29], "size": [1, 2, 2], "uv": [0, 126]},
						{"origin": [17, 14.5, -23], "size": [1, 2, 2], "uv": [78, 50]},
						{"origin": [17, 15.5, -27], "size": [1, 1, 4], "uv": [100, 195]},
						{"origin": [-18, 15.5, -27], "size": [1, 1, 4], "uv": [168, 194]}
					]
				},
				{
					"name": "hexadecagon",
					"parent": "fronttireguard",
					"pivot": [26, -1, -12],
					"cubes": [
						{"origin": [17.5, 5.9087, -33], "size": [1, 3.1826, 1], "pivot": [18, 7.5, -25], "rotation": [-45, 0, 0], "uv": [108, 55]},
						{"origin": [17.5, 5.9087, -18], "size": [1, 3.1826, 1], "pivot": [18, 7.5, -25], "rotation": [45, 0, 0], "uv": [106, 75]},
						{"origin": [17.5, 14.5, -26.5913], "size": [1, 1, 3.1826], "pivot": [18, 7.5, -25], "rotation": [22.5, 0, 0], "uv": [198, 174]},
						{"origin": [17.5, 14.5, -26.5913], "size": [1, 1, 3.1826], "uv": [198, 163]},
						{"origin": [17.5, 14.5, -26.5913], "size": [1, 1, 3.1826], "pivot": [18, 7.5, -25], "rotation": [-22.5, 0, 0], "uv": [60, 198]}
					]
				},
				{
					"name": "ft1",
					"parent": "hexadecagon",
					"pivot": [18.5, 11.5, -31.8],
					"rotation": [0, 0, 2.5],
					"cubes": [
						{"origin": [17.47819, 5.8702, -33.19116], "size": [1, 3.1826, 1], "pivot": [18, 7, -25], "rotation": [-22.5, 0, 0], "uv": [102, 60]},
						{"origin": [17.45642, 4.9068, -33], "size": [1, 4.1826, 1], "pivot": [18.52964, 8.62465, -33], "rotation": [0, 0, 2.5], "uv": [198, 218]},
						{"origin": [17.45642, 4.5068, -33], "size": [1, 1.1826, 1], "pivot": [18.52964, 8.62465, -33], "rotation": [0, 0, 2.5], "uv": [23, 186]}
					]
				},
				{
					"name": "ft2",
					"parent": "hexadecagon",
					"pivot": [18.5, 11.5, -18.2],
					"rotation": [0, 0, 2.5],
					"cubes": [
						{"origin": [17.47819, 5.8702, -17.80884], "size": [1, 3.1826, 1], "pivot": [18, 7, -25], "rotation": [22.5, 0, 0], "uv": [102, 55]},
						{"origin": [17.45642, 4.9068, -18], "size": [1, 4.1826, 1], "pivot": [18.52964, 8.62465, -17], "rotation": [0, 0, 2.5], "uv": [194, 218]},
						{"origin": [17.55642, 3.5068, -18], "size": [1, 2.1826, 1], "pivot": [18.52964, 8.62465, -17], "rotation": [0, 0, 2.5], "uv": [38, 168]}
					]
				},
				{
					"name": "hexadecagon4",
					"parent": "fronttireguard",
					"pivot": [-10, -1, -12],
					"cubes": [
						{"origin": [-18.5, 5.9087, -33], "size": [1, 3.1826, 1], "pivot": [-18, 7.5, -25], "rotation": [-45, 0, 0], "uv": [100, 0]},
						{"origin": [-18.5, 5.9087, -18], "size": [1, 3.1826, 1], "pivot": [-18, 7.5, -25], "rotation": [45, 0, 0], "uv": [18, 99]},
						{"origin": [-18.5, 14.5, -26.5913], "size": [1, 1, 3.1826], "pivot": [-18, 7.5, -25], "rotation": [22.5, 0, 0], "uv": [142, 197]},
						{"origin": [-18.5, 14.5, -26.5913], "size": [1, 1, 3.1826], "uv": [196, 145]},
						{"origin": [-18.5, 14.5, -26.5913], "size": [1, 1, 3.1826], "pivot": [-18, 7.5, -25], "rotation": [-22.5, 0, 0], "uv": [196, 141]}
					]
				},
				{
					"name": "ft3",
					"parent": "hexadecagon4",
					"pivot": [-18.5, 11.5, -31.8],
					"rotation": [0, 0, -2.5],
					"cubes": [
						{"origin": [-18.47819, 5.8702, -33.19116], "size": [1, 3.1826, 1], "pivot": [-18, 7, -25], "rotation": [-22.5, 0, 0], "uv": [12, 99]},
						{"origin": [-18.45642, 4.9068, -33], "size": [1, 4.1826, 1], "pivot": [-18.47036, 8.62465, -33], "rotation": [0, 0, -2.5], "uv": [177, 218]},
						{"origin": [-18.45642, 4.5068, -33], "size": [1, 1.1826, 1], "pivot": [-18.47036, 8.62465, -33], "rotation": [0, 0, -2.5], "uv": [19, 186]}
					]
				},
				{
					"name": "ft4",
					"parent": "hexadecagon4",
					"pivot": [-18.5, 11.5, -18.2],
					"rotation": [0, 0, -2.5],
					"cubes": [
						{"origin": [-18.47819, 5.8702, -17.80884], "size": [1, 3.1826, 1], "pivot": [-18, 7, -25], "rotation": [22.5, 0, 0], "uv": [6, 99]},
						{"origin": [-18.45642, 4.9068, -18], "size": [1, 4.1826, 1], "pivot": [-18.47036, 8.62465, -17], "rotation": [0, 0, -2.5], "uv": [112, 218]},
						{"origin": [-18.55642, 3.5068, -18], "size": [1, 2.1826, 1], "pivot": [-18.47036, 8.62465, -17], "rotation": [0, 0, -2.5], "uv": [6, 168]}
					]
				},
				{
					"name": "hexadecagon5",
					"parent": "fronttireguard",
					"pivot": [-9, -1, -12],
					"cubes": [
						{"origin": [-17.5, 5.9087, -33], "size": [35, 3.1826, 1], "pivot": [-17, 7.5, -25], "rotation": [-45, 0, 0], "uv": [119, 67]},
						{"origin": [-17.5, 5.9087, -18], "size": [35, 3.1826, 1], "pivot": [-17, 7.5, -25], "rotation": [45, 0, 0], "uv": [119, 63]},
						{"origin": [-17.5, 14.5, -26.5913], "size": [35, 1, 3.1826], "pivot": [-17, 7.5, -25], "rotation": [22.5, 0, 0], "uv": [100, 9]},
						{"origin": [-17.5, 14.5, -26.5913], "size": [35, 1, 3.1826], "uv": [100, 5]},
						{"origin": [-17.5, 14.5, -26.5913], "size": [35, 1, 3.1826], "pivot": [-17, 7.5, -25], "rotation": [-22.5, 0, 0], "uv": [90, 84]}
					]
				},
				{
					"name": "ft5",
					"parent": "hexadecagon5",
					"pivot": [-17.5, 11.5, -31.8],
					"cubes": [
						{"origin": [-17.5, 5.9087, -33], "size": [35, 3.1826, 1], "pivot": [-17, 7.5, -25], "rotation": [-22.5, 0, 0], "uv": [119, 59]},
						{"origin": [-17.5, 4.9087, -33], "size": [35, 4.1826, 1], "uv": [56, 119]},
						{"origin": [-17.5, 4.5087, -33], "size": [35, 1.1826, 1], "uv": [0, 124]}
					]
				},
				{
					"name": "ft6",
					"parent": "hexadecagon5",
					"pivot": [-17.5, 11.5, -18.2],
					"cubes": [
						{"origin": [-17.5, 5.9087, -18], "size": [35, 3.1826, 1], "pivot": [-17, 7.5, -25], "rotation": [22.5, 0, 0], "uv": [119, 55]},
						{"origin": [-17.5, 4.9087, -18], "size": [35, 4.1826, 1], "uv": [97, 113]},
						{"origin": [-17.5, 4.5087, -18], "size": [35, 1.1826, 1], "uv": [100, 30]},
						{"origin": [-17.5, 3.5087, -18], "size": [4, 1.1826, 1], "uv": [80, 97]},
						{"origin": [13.5, 3.5087, -18], "size": [4, 1.1826, 1], "uv": [68, 97]}
					]
				},
				{
					"name": "mid",
					"pivot": [0, 0, 0],
					"cubes": [
						{"origin": [-13, 4.5, 15], "size": [26, 1, 16], "pivot": [-3, 4.5, 15], "rotation": [3.5, 0, 0], "uv": [0, 33]},
						{"origin": [-13.5, 4.5, 15], "size": [1, 1, 16], "pivot": [-3.5, 4.5, 15], "rotation": [3.5, 0, 0], "uv": [166, 141]},
						{"origin": [12.5, 4.5, 15], "size": [1, 1, 16], "pivot": [22.5, 4.5, 15], "rotation": [3.5, 0, 0], "uv": [162, 165]},
						{"origin": [-17, 4.5, -17], "size": [34, 1, 32], "uv": [0, 0]},
						{"origin": [-13, 5.4, -32], "size": [26, 1, 14], "uv": [68, 33]},
						{"origin": [3, 11.5, -13], "size": [13, 6, 5], "uv": [128, 153]},
						{"origin": [-17, 5.5, -13], "size": [34, 11, 1], "uv": [97, 97]},
						{"origin": [-16, 11.5, -13], "size": [13, 1, 5], "uv": [22, 139]},
						{"origin": [-16, 12.5, -9], "size": [1, 5, 1], "pivot": [-16, 12.5, -8], "rotation": [12, 0, 0], "uv": [29, 101]},
						{"origin": [-16, 12.5, -13], "size": [1, 5, 4], "uv": [0, 50]},
						{"origin": [-15, 12.5, -13], "size": [12, 5, 4], "uv": [90, 164]},
						{"origin": [-3, 5.5, -12], "size": [6, 4, 21], "uv": [34, 61]},
						{"origin": [-3, 5.5, -13], "size": [6, 12, 5], "uv": [128, 176]},
						{"origin": [16, 16.5, -17], "size": [1, 1, 5], "uv": [83, 110]},
						{"origin": [-17, 16.5, -17], "size": [1, 1, 5], "uv": [19, 86]},
						{"origin": [17, 4.5, -17], "size": [1, 13, 5], "uv": [198, 115]},
						{"origin": [-18, 4.5, -17], "size": [1, 13, 5], "uv": [197, 197]},
						{"origin": [17, 4.5, -12], "size": [1, 2, 27], "uv": [90, 55]},
						{"origin": [17.1, 4.5, -17], "size": [1, 1, 32], "uv": [0, 61]},
						{"origin": [-18.1, 4.5, -17], "size": [1, 1, 32], "uv": [56, 56]},
						{"origin": [-18, 4.5, -12], "size": [1, 2, 27], "uv": [39, 89]},
						{"origin": [16, 5.5, -12], "size": [1, 1, 27], "uv": [0, 94]},
						{"origin": [16, 6.5, 8], "size": [1, 11, 7], "uv": [32, 190]},
						{"origin": [17, 6.5, 8], "size": [1, 11, 7], "uv": [16, 189]},
						{"origin": [-18, 6.5, 8], "size": [1, 11, 7], "uv": [181, 187]},
						{"origin": [-17, 16.5, 15], "size": [1, 1, 13], "uv": [36, 176]},
						{"origin": [-16, 16.5, 26], "size": [32, 1, 2], "uv": [134, 32]},
						{"origin": [-16, 17.5, 27], "size": [32, 1, 1], "uv": [134, 40]},
						{"origin": [16, 16.5, 15], "size": [1, 1, 13], "uv": [21, 175]},
						{"origin": [-17, 6.5, 8], "size": [1, 11, 7], "uv": [0, 186]},
						{"origin": [-17, 5.5, -12], "size": [1, 1, 27], "uv": [68, 91]}
					]
				},
				{
					"name": "cabinex",
					"parent": "mid",
					"pivot": [0, 0, 0],
					"cubes": [
						{"origin": [16, 17.5, -13], "size": [1, 16, 1], "pivot": [17, 17.5, -13], "rotation": [-52.5, -5, 0], "uv": [78, 201]},
						{"origin": [15, 17.5, -13], "size": [1, 16, 1], "pivot": [17, 17.5, -13], "rotation": [-52.5, -5, 0], "uv": [191, 60]},
						{"origin": [-15, 32.5, -13.05], "size": [30, 1, 1], "pivot": [15, 17.5, -13], "rotation": [-52.5, 0, 0], "uv": [148, 46]},
						{"origin": [-15, 17.5, -13], "size": [30, 2, 1], "pivot": [15, 17.5, -13], "rotation": [-52.5, 0, 0], "uv": [144, 134]},
						{"origin": [14.89765, 27.26074, -0.426], "size": [1, 1, 1], "pivot": [15.9, 27.2, -0.4], "rotation": [-72.5, 0, 0], "uv": [184, 179]},
						{"origin": [14.89765, 27.16074, -0.426], "size": [1, 1, 1], "pivot": [15.9, 27.2, -0.4], "rotation": [-72.5, 0, 0], "uv": [184, 155]},
						{"origin": [-15.8977, 27.26074, -0.426], "size": [1, 1, 1], "pivot": [-14.1, 27.2, -0.4], "rotation": [-72.5, 0, 0], "uv": [184, 148]},
						{"origin": [-15.8977, 27.16074, -0.426], "size": [1, 1, 1], "pivot": [-14.1, 27.2, -0.4], "rotation": [-72.5, 0, 0], "uv": [184, 146]},
						{"origin": [-15, 27.26074, -0.426], "size": [30, 1, 1], "pivot": [-13.1, 27.2, -0.4], "rotation": [-72.5, 0, 0], "uv": [146, 81]},
						{"origin": [14.89765, 27.5, 0.556], "size": [1, 16, 1], "pivot": [15.9, 27.5, 0.6], "rotation": [-90, 0, 0], "uv": [79, 157]},
						{"origin": [14.89765, 25.5, 7.556], "size": [1, 1, 10], "pivot": [15.9, 26.5, 8.6], "rotation": [-90, 0, -7.5], "uv": [100, 194]},
						{"origin": [14.89765, 25.5, 16.656], "size": [1, 1, 1], "pivot": [15.9, 26.5, 8.6], "rotation": [-90, 0, -7.5], "uv": [0, 38]},
						{"origin": [-15.8977, 25.5, 7.556], "size": [1, 1, 10], "pivot": [-15.9, 26.5, 8.6], "rotation": [-90, 0, 7.5], "uv": [193, 83]},
						{"origin": [-15.8977, 25.5, 16.656], "size": [1, 1, 1], "pivot": [-15.9, 26.5, 8.6], "rotation": [-90, 0, 7.5], "uv": [25, 5]},
						{"origin": [-15.8977, 25.5, 9.656], "size": [1, 1, 8], "pivot": [-15.9, 26.5, 9.6], "rotation": [-90, 0, 7.5], "uv": [196, 141]},
						{"origin": [-15.8977, 27.5, 15.656], "size": [1, 17, 1], "pivot": [-15.9, 26.5, 7.6], "rotation": [-90, 0, 7.5], "uv": [74, 201]},
						{"origin": [14.89765, 34.5, 0.556], "size": [1, 5, 1], "pivot": [15.9, 26.5, 0.6], "rotation": [-90, 0, 0], "uv": [26, 85]},
						{"origin": [-15.8977, 34.5, 0.556], "size": [1, 5, 1], "pivot": [17.9, 26.5, 0.6], "rotation": [-90, 0, 0], "uv": [76, 40]},
						{"origin": [-15.8977, 38.8, 0.556], "size": [1, 1, 1], "pivot": [17.9, 26.5, 0.6], "rotation": [-90, 0, 0], "uv": [184, 143]},
						{"origin": [14.89765, 38.8, 0.556], "size": [1, 1, 1], "pivot": [15.9, 26.5, 0.6], "rotation": [-90, 0, 0], "uv": [184, 141]},
						{"origin": [-15.00235, 27.5, 0.556], "size": [30, 16, 1], "pivot": [14.7, 27.5, 0.6], "rotation": [-90, 0, 0], "uv": [100, 13]},
						{"origin": [-15.8977, 27.5, 0.556], "size": [1, 16, 1], "pivot": [-13.1, 27.5, 0.6], "rotation": [-90, 0, 0], "uv": [75, 157]},
						{"origin": [-15.7977, 41.4, 2.656], "size": [1, 3, 1], "pivot": [-13, 27.4, 2.6], "rotation": [-90, 0, 0], "uv": [6, 50]},
						{"origin": [-14.7977, 41.4, 2.656], "size": [30, 3, 1], "pivot": [-12, 27.4, 2.6], "rotation": [-90, 0, 0], "uv": [134, 42]},
						{"origin": [14.7977, 24.3, 19.556], "size": [1, 3, 1], "pivot": [16, 27.3, 19.6], "rotation": [-72.5, 0, 0], "uv": [0, 50]},
						{"origin": [-15.7977, 24.3, 19.556], "size": [1, 3, 1], "pivot": [16, 27.3, 19.6], "rotation": [-72.5, 0, 0], "uv": [16, 8]},
						{"origin": [14.7977, 24.3, 19.556], "size": [1, 3, 1], "pivot": [16, 27.3, 19.6], "rotation": [-90, 0, 0], "uv": [28, 8]},
						{"origin": [14.89765, 9.5, 33.656], "size": [1, 17, 1], "pivot": [15.9, 26.5, 25.6], "rotation": [-90, 0, -7.5], "uv": [70, 201]},
						{"origin": [14.89765, 9.5, 25.656], "size": [1, 1, 8], "pivot": [15.9, 26.5, 25.6], "rotation": [-90, 0, -7.5], "uv": [142, 195]},
						{"origin": [14.89765, 27.5, 16.556], "size": [1, 1, 1], "pivot": [15.9, 27.5, 16.6], "rotation": [-117.5, 0, 0], "uv": [184, 30]},
						{"origin": [-15, 27.5, 16.556], "size": [30, 1, 1], "pivot": [15.9, 27.5, 16.6], "rotation": [-117.5, 0, 0], "uv": [144, 139]},
						{"origin": [14.89765, 26.5, 17.556], "size": [1, 2, 1], "pivot": [15.9, 27.5, 16.6], "rotation": [-117.5, 0, 0], "uv": [0, 168]},
						{"origin": [14.89765, 25.8, 17.556], "size": [1, 1, 1], "pivot": [15.9, 27.5, 16.6], "rotation": [-117.5, 0, 0], "uv": [172, 184]},
						{"origin": [14.89765, 25.5, 18.556], "size": [1, 3, 1], "pivot": [15.9, 27.5, 16.6], "rotation": [-117.5, 0, 0], "uv": [0, 99]},
						{"origin": [-15.8977, 25.5, 18.556], "size": [1, 3, 1], "pivot": [15.9, 27.5, 16.6], "rotation": [-117.5, 0, 0], "uv": [96, 60]},
						{"origin": [-15.8977, 27.5, 16.556], "size": [1, 1, 1], "pivot": [-14.1, 27.5, 16.6], "rotation": [-117.5, 0, 0], "uv": [166, 184]},
						{"origin": [-15.8977, 26.5, 17.556], "size": [1, 2, 1], "pivot": [-14.1, 27.5, 16.6], "rotation": [-117.5, 0, 0], "uv": [118, 164]},
						{"origin": [-15.8977, 25.8, 17.556], "size": [1, 1, 1], "pivot": [-14.1, 27.5, 16.6], "rotation": [-117.5, 0, 0], "uv": [182, 182]},
						{"origin": [-15.8977, 27.11699, 17.51677], "size": [1, 14, 1], "pivot": [-15.9, 27.1, 17.5], "rotation": [-127.5, -5, 2.5], "uv": [90, 201]},
						{"origin": [-15, 27.11699, 17.51677], "size": [30, 1, 1], "pivot": [-14.3, 27.1, 17.5], "rotation": [-127.5, 0, 0], "uv": [144, 137]},
						{"origin": [-14, 25.51705, 18.32777], "size": [32, 1, 1], "pivot": [-13, 26.5, 18.3], "rotation": [-127.5, -17, 13.5], "uv": [134, 38]},
						{"origin": [-16, 39.11699, 17.51677], "size": [32, 2, 1], "pivot": [-14.3, 27.1, 17.5], "rotation": [-127.5, 0, 0], "uv": [134, 35]},
						{"origin": [-14.8977, 27.11699, 17.51677], "size": [1, 14, 1], "pivot": [-15.9, 27.1, 17.5], "rotation": [-127.5, -5, 2.5], "uv": [86, 201]},
						{"origin": [-15.8977, 27.11699, 19.51677], "size": [1, 13, 1], "pivot": [-15.9, 27.1, 17.5], "rotation": [-127.5, -5, 2.5], "uv": [55, 175]},
						{"origin": [-15.8977, 27.11699, 18.51677], "size": [1, 14, 1], "pivot": [-15.9, 27.1, 17.5], "rotation": [-127.5, -5, 2.5], "uv": [82, 201]},
						{"origin": [14.89765, 27.11699, 17.51677], "size": [1, 14, 1], "pivot": [15.9, 27.1, 17.5], "rotation": [-127.5, 5, -2.5], "uv": [178, 141]},
						{"origin": [13.89765, 27.11699, 17.51677], "size": [1, 14, 1], "pivot": [15.9, 27.1, 17.5], "rotation": [-127.5, 5, -2.5], "uv": [66, 175]},
						{"origin": [14.89765, 27.11699, 18.5168], "size": [1, 14, 1], "pivot": [15.9, 27.1, 17.5], "rotation": [-127.5, 5, -2.5], "uv": [174, 141]},
						{"origin": [14.89765, 27.11699, 19.5168], "size": [1, 13, 1], "pivot": [15.9, 27.1, 17.5], "rotation": [-127.5, 5, -2.5], "uv": [51, 175]},
						{"origin": [-17, 17.5, -13], "size": [1, 16, 1], "pivot": [-17, 17.5, -13], "rotation": [-52.5, 5, 0], "uv": [71, 157]},
						{"origin": [-16, 17.5, -13], "size": [1, 16, 1], "pivot": [-17, 17.5, -13], "rotation": [-52.5, 5, 0], "uv": [10, 157]}
					]
				},
				{
					"name": "leftdoor",
					"parent": "cabinex",
					"pivot": [18, 17, -12],
					"cubes": [
						{"origin": [17, 6.5, -12], "size": [1, 11, 20], "uv": [84, 133]},
						{"origin": [16, 6.5, -12], "size": [1, 11, 20], "uv": [42, 126]},
						{"origin": [16, 18.5, -12], "size": [1, 15, 1], "pivot": [17, 17.5, -13], "rotation": [-52.5, -5, 0], "uv": [170, 141]},
						{"origin": [14.89765, 10.5, 14.656], "size": [1, 17, 1], "pivot": [15.9, 26.5, 6.6], "rotation": [-90, 0, -7.5], "uv": [16, 126]},
						{"origin": [15.95042, 17.5, -9.40609], "size": [1, 1, 1], "pivot": [16.9, 18.5, -9.4], "rotation": [-90, 17.5, -7.5], "uv": [178, 182]},
						{"origin": [14.89765, 25.5, 7.656], "size": [1, 1, 8], "pivot": [15.9, 26.5, 7.6], "rotation": [-90, 0, -7.5], "uv": [128, 164]},
						{"origin": [14.89765, 26.5, 0.556], "size": [1, 7, 1], "pivot": [15.9, 26.5, 0.6], "rotation": [-90, 0, 0], "uv": [162, 195]},
						{"origin": [14.89765, 27.26074, 0.574], "size": [1, 1, 1], "pivot": [15.9, 27.2, -0.4], "rotation": [-72.5, 0, 0], "uv": [172, 182]},
						{"origin": [17.1, 10.5, -12], "size": [1, 1, 20], "uv": [106, 153]}
					]
				},
				{
					"name": "sml",
					"parent": "leftdoor",
					"pivot": [18, 17, -12],
					"cubes": [
						{"origin": [17, 17.5, -10], "size": [1, 1, 1], "uv": [166, 182]},
						{"origin": [16, 18, -10], "size": [2, 1, 1], "uv": [16, 5]},
						{"origin": [18, 17.5, -10], "size": [3, 2, 1], "pivot": [18, 17.5, -10], "rotation": [0, -32.5, 0], "uv": [215, 193]}
					]
				},
				{
					"name": "rightdoor",
					"parent": "cabinex",
					"pivot": [-18, 17, -12],
					"cubes": [
						{"origin": [-18, 6.5, -12], "size": [1, 11, 20], "uv": [0, 126]},
						{"origin": [-17, 6.5, -12], "size": [1, 11, 20], "uv": [122, 122]},
						{"origin": [-17, 18.5, -12], "size": [1, 15, 1], "pivot": [-17, 17.5, -13], "rotation": [-52.5, 5, 0], "uv": [166, 141]},
						{"origin": [-15.8977, 27.26074, 0.574], "size": [1, 1, 1], "pivot": [-14.1, 27.2, -0.4], "rotation": [-72.5, 0, 0], "uv": [159, 181]},
						{"origin": [-15.8977, 26.5, 0.556], "size": [1, 7, 1], "pivot": [15.9, 26.5, 0.6], "rotation": [-90, 0, 0], "uv": [192, 173]},
						{"origin": [-15.8977, 25.5, 7.656], "size": [1, 1, 8], "pivot": [-15.9, 26.5, 7.6], "rotation": [-90, 0, 7.5], "uv": [47, 94]},
						{"origin": [-15.8977, 27.5, -2.344], "size": [1, 17, 1], "pivot": [-15.9, 26.5, -10.4], "rotation": [-90, 0, 7.5], "uv": [112, 55]},
						{"origin": [-16.95046, 17.5, -9.40609], "size": [1, 1, 1], "pivot": [-16.9, 18.5, -9.4], "rotation": [-90, -17.5, 7.5], "uv": [180, 179]},
						{"origin": [-18.1, 10.5, -12], "size": [1, 1, 20], "uv": [144, 144]}
					]
				},
				{
					"name": "smr",
					"parent": "rightdoor",
					"pivot": [-18, 17, -12],
					"cubes": [
						{"origin": [-18, 17.5, -10], "size": [1, 1, 1], "uv": [180, 167]},
						{"origin": [-21, 17.5, -10], "size": [3, 2, 1], "pivot": [-18, 17.5, -10], "rotation": [0, 32.5, 0], "uv": [215, 146]},
						{"origin": [-18, 18, -10], "size": [1, 1, 1], "uv": [180, 165]}
					]
				},
				{
					"name": "cabinin",
					"parent": "mid",
					"pivot": [0, 0, 0],
					"cubes": [
						{"origin": [-9.5, 13.5, -9], "size": [1, 1, 4], "pivot": [-8.5, 13.5, -9], "rotation": [7.5, 0, 0], "uv": [112, 194]},
						{"origin": [-10.5, 12.5, -9], "size": [3, 2, 2], "uv": [201, 184]},
						{"origin": [-10.5, 14, -9], "size": [1, 1, 2], "pivot": [-9.5, 15, -7], "rotation": [0, 0, -30], "uv": [217, 207]},
						{"origin": [-8.5, 14, -9], "size": [1, 1, 2], "pivot": [-8.5, 15, -7], "rotation": [0, 0, 30], "uv": [217, 204]},
						{"origin": [-9.5, 14, -9], "size": [1, 1, 2], "uv": [217, 201]}
					]
				},
				{
					"name": "driversseat",
					"parent": "cabinin",
					"pivot": [0, 0, 0],
					"cubes": [
						{"origin": [-14, 5.5, -3], "size": [10, 3, 10], "uv": [64, 133]},
						{"origin": [-4, 8.5, 4], "size": [1, 1, 2], "pivot": [-3, 9.5, 4], "rotation": [15, 0, 0], "uv": [217, 184]},
						{"origin": [-15, 8.5, 4], "size": [1, 1, 2], "pivot": [-14, 9.5, 4], "rotation": [15, 0, 0], "uv": [217, 167]},
						{"origin": [-4, 8.5, -3], "size": [1, 1, 10], "uv": [118, 193]},
						{"origin": [-4, 6.5, -3], "size": [1, 2, 10], "pivot": [-3, 8.5, 0], "rotation": [0, 0, 32.5], "uv": [166, 182]},
						{"origin": [-15, 8.5, -3], "size": [1, 1, 10], "uv": [192, 152]},
						{"origin": [-15, 8.5, -1], "size": [1, 1, 9], "pivot": [-15, 9.5, 7], "rotation": [-110, 0, 0], "uv": [195, 33]},
						{"origin": [-14, 8.5, -1], "size": [10, 1, 10], "pivot": [-5, 9.5, 7], "rotation": [-110, 0, 0], "uv": [138, 165]},
						{"origin": [-11, 17.41051, 4.83921], "size": [4, 1, 4], "pivot": [-5, 17.4, 8.8], "rotation": [-90, 0, 0], "uv": [16, 69]},
						{"origin": [-12, 21.41051, 8.83921], "size": [1, 1, 4], "pivot": [-12, 21.4, 8.8], "rotation": [-90, 0, 0], "uv": [193, 86]},
						{"origin": [-12, 21.41051, 8.83921], "size": [1, 1, 4], "pivot": [-12, 21.4, 8.8], "rotation": [-90, 0, 12.5], "uv": [130, 193]},
						{"origin": [-7, 21.41051, 8.83921], "size": [1, 1, 4], "pivot": [-6, 21.4, 8.8], "rotation": [-90, 0, 0], "uv": [66, 193]},
						{"origin": [-7, 21.41051, 8.83921], "size": [1, 1, 4], "pivot": [-6, 21.4, 8.8], "rotation": [-90, 0, -12.5], "uv": [48, 193]},
						{"origin": [-4, 17.41051, 8.83921], "size": [1, 1, 9], "pivot": [-4, 17.4, 8.8], "rotation": [-110, 0, 0], "uv": [195, 21]},
						{"origin": [-4, 16.8, 10.83921], "size": [1, 1, 7], "pivot": [-4, 17.4, 8.8], "rotation": [-110, 0, 0], "uv": [16, 61]},
						{"origin": [-4, 16.8, 10.73921], "size": [1, 1, 1], "pivot": [-4, 17.4, 8.8], "rotation": [-110, 0, 0], "uv": [180, 30]},
						{"origin": [-15, 16.8, 10.73921], "size": [1, 1, 1], "pivot": [-15, 17.4, 8.8], "rotation": [-110, 0, 0], "uv": [180, 7]},
						{"origin": [-15, 16.8, 10.83921], "size": [1, 1, 7], "pivot": [-15, 17.4, 8.8], "rotation": [-110, 0, 0], "uv": [0, 41]},
						{"origin": [-4, 17.41051, 8.83921], "size": [1, 1, 2], "pivot": [-4, 17.4, 8.8], "rotation": [-127.5, 0, 0], "uv": [217, 164]},
						{"origin": [-15, 17.41051, 8.83921], "size": [1, 1, 2], "pivot": [-15, 17.4, 8.8], "rotation": [-127.5, 0, 0], "uv": [217, 82]},
						{"origin": [-15, 6.5, -3], "size": [1, 2, 10], "pivot": [-15, 8.5, 0], "rotation": [0, 0, -32.5], "uv": [180, 161]}
					]
				},
				{
					"name": "passengerseat",
					"parent": "cabinin",
					"pivot": [18, 0, 0],
					"cubes": [
						{"origin": [4, 5.5, -3], "size": [10, 3, 10], "uv": [22, 126]},
						{"origin": [14, 8.5, 4], "size": [1, 1, 2], "pivot": [15, 9.5, 4], "rotation": [15, 0, 0], "uv": [217, 79]},
						{"origin": [3, 8.5, 4], "size": [1, 1, 2], "pivot": [4, 9.5, 4], "rotation": [15, 0, 0], "uv": [217, 14]},
						{"origin": [14, 8.5, -3], "size": [1, 1, 10], "uv": [192, 2]},
						{"origin": [14, 6.5, -3], "size": [1, 2, 10], "pivot": [15, 8.5, 0], "rotation": [0, 0, 32.5], "uv": [180, 0]},
						{"origin": [3, 8.5, -3], "size": [1, 1, 10], "uv": [48, 192]},
						{"origin": [3, 8.5, -1], "size": [1, 1, 9], "pivot": [3, 9.5, 7], "rotation": [-110, 0, 0], "uv": [190, 184]},
						{"origin": [4, 8.5, -1], "size": [10, 1, 10], "pivot": [13, 9.5, 7], "rotation": [-110, 0, 0], "uv": [163, 86]},
						{"origin": [7, 17.41051, 4.83921], "size": [4, 1, 4], "pivot": [13, 17.4, 8.8], "rotation": [-90, 0, 0], "uv": [16, 8]},
						{"origin": [6, 21.41051, 8.83921], "size": [1, 1, 4], "pivot": [6, 21.4, 8.8], "rotation": [-90, 0, 0], "uv": [192, 163]},
						{"origin": [6, 21.41051, 8.83921], "size": [1, 1, 4], "pivot": [6, 21.4, 8.8], "rotation": [-90, 0, 12.5], "uv": [192, 152]},
						{"origin": [11, 21.41051, 8.83921], "size": [1, 1, 4], "pivot": [12, 21.4, 8.8], "rotation": [-90, 0, 0], "uv": [192, 5]},
						{"origin": [11, 21.41051, 8.83921], "size": [1, 1, 4], "pivot": [12, 21.4, 8.8], "rotation": [-90, 0, -12.5], "uv": [192, 0]},
						{"origin": [14, 17.41051, 8.83921], "size": [1, 1, 9], "pivot": [14, 17.4, 8.8], "rotation": [-110, 0, 0], "uv": [78, 190]},
						{"origin": [14, 16.8, 10.83921], "size": [1, 1, 7], "pivot": [14, 17.4, 8.8], "rotation": [-110, 0, 0], "uv": [0, 33]},
						{"origin": [14, 16.8, 10.73921], "size": [1, 1, 1], "pivot": [14, 17.4, 8.8], "rotation": [-110, 0, 0], "uv": [180, 5]},
						{"origin": [3, 16.8, 10.73921], "size": [1, 1, 1], "pivot": [3, 17.4, 8.8], "rotation": [-110, 0, 0], "uv": [180, 2]},
						{"origin": [3, 16.8, 10.83921], "size": [1, 1, 7], "pivot": [3, 17.4, 8.8], "rotation": [-110, 0, 0], "uv": [16, 0]},
						{"origin": [14, 17.41051, 8.83921], "size": [1, 1, 2], "pivot": [14, 17.4, 8.8], "rotation": [-127.5, 0, 0], "uv": [66, 217]},
						{"origin": [3, 17.41051, 8.83921], "size": [1, 1, 2], "pivot": [3, 17.4, 8.8], "rotation": [-127.5, 0, 0], "uv": [191, 212]},
						{"origin": [3, 6.5, -3], "size": [1, 2, 10], "pivot": [3, 8.5, 0], "rotation": [0, 0, -32.5], "uv": [54, 180]}
					]
				},
				{
					"name": "pedals",
					"parent": "cabinin",
					"pivot": [0, 0, 0]
				},
				{
					"name": "pecutan",
					"parent": "pedals",
					"pivot": [0, 0, 0],
					"cubes": [
						{"origin": [-13, 5.7, -12], "size": [1, 1, 3], "uv": [196, 21]},
						{"origin": [-13.5, 6.5, -12], "size": [2, 1, 3], "pivot": [-12.5, 6.5, -12], "rotation": [-5, 0, 0], "uv": [201, 102]}
					]
				},
				{
					"name": "brake",
					"parent": "pedals",
					"pivot": [3, 0, 0],
					"cubes": [
						{"origin": [-10, 5.7, -12], "size": [1, 1, 3], "uv": [79, 195]},
						{"origin": [-10.5, 6.5, -12], "size": [2, 1, 3], "pivot": [-9.5, 6.5, -12], "rotation": [-5, 0, 0], "uv": [201, 98]}
					]
				},
				{
					"name": "clutch",
					"parent": "pedals",
					"pivot": [7, 0, 0],
					"cubes": [
						{"origin": [-6, 5.7, -12], "size": [1, 1, 3], "uv": [89, 194]},
						{"origin": [-6.5, 6.5, -12], "size": [2, 1, 3], "pivot": [-5.5, 6.5, -12], "rotation": [-5, 0, 0], "uv": [200, 94]}
					]
				},
				{
					"name": "steeringwheel",
					"parent": "cabinin",
					"pivot": [-9, 14, -5],
					"cubes": [
						{"origin": [-9.5, 14, -6], "size": [1, 1, 1], "uv": [180, 0]},
						{"origin": [-9.5, 11, -6], "size": [1, 3, 1], "uv": [96, 55]},
						{"origin": [-8.5, 14, -6], "size": [3, 1, 1], "pivot": [-8.5, 15, -5], "rotation": [0, 0, 17.5], "uv": [53, 161]},
						{"origin": [-12.5, 14, -6], "size": [3, 1, 1], "pivot": [-9.5, 15, -5], "rotation": [0, 0, -17.5], "uv": [35, 161]},
						{"origin": [-6.3, 14, -6], "size": [1, 1, 1], "pivot": [-8.5, 15, -6], "rotation": [0, 0, 17.5], "uv": [112, 180]},
						{"origin": [-12.7, 14, -6], "size": [1, 1, 1], "pivot": [-9.5, 15, -6], "rotation": [0, 0, -17.5], "uv": [106, 180]}
					]
				},
				{
					"name": "sw1",
					"parent": "steeringwheel",
					"pivot": [-9, 14, -5],
					"cubes": [
						{"origin": [-9.5, 18, -6], "size": [1, 1, 1], "uv": [179, 115]},
						{"origin": [-9.5, 18, -6], "size": [1, 1, 1], "pivot": [-9, 14.5, -6], "rotation": [0, 0, 12.5], "uv": [163, 179]},
						{"origin": [-9.5, 18, -6], "size": [1, 1, 1], "pivot": [-9, 14.5, -6], "rotation": [0, 0, 37.5], "uv": [159, 179]},
						{"origin": [-9.5, 18, -6], "size": [1, 1, 1], "pivot": [-9, 14.5, -6], "rotation": [0, 0, 50], "uv": [145, 179]},
						{"origin": [-9.5, 18, -6], "size": [1, 1, 1], "pivot": [-9, 14.5, -6], "rotation": [0, 0, 62.5], "uv": [129, 179]},
						{"origin": [-9.5, 18, -6], "size": [1, 1, 1], "pivot": [-9, 14.5, -6], "rotation": [0, 0, 75], "uv": [173, 178]},
						{"origin": [-9.5, 18, -6], "size": [1, 1, 1], "pivot": [-9, 14.5, -6], "rotation": [0, 0, 25], "uv": [112, 178]}
					]
				},
				{
					"name": "sw2",
					"parent": "steeringwheel",
					"pivot": [-9, 14, -5],
					"rotation": [0, 0, 87.5],
					"cubes": [
						{"origin": [-9.99952, 17.52181, -6], "size": [1, 1, 1], "uv": [106, 178]},
						{"origin": [-9.9924, 17.41318, -6], "size": [1, 1, 1], "pivot": [-9, 14, -6], "rotation": [0, 0, 12.5], "uv": [102, 178]},
						{"origin": [-9.90958, 17.21321, -6], "size": [1, 1, 1], "pivot": [-9, 14, -6], "rotation": [0, 0, 37.5], "uv": [74, 178]},
						{"origin": [-9.8378, 17.13136, -6], "size": [1, 1, 1], "pivot": [-9, 14, -6], "rotation": [0, 0, 50], "uv": [70, 178]},
						{"origin": [-9.75, 17.06699, -6], "size": [1, 1, 1], "pivot": [-9, 14, -6], "rotation": [0, 0, 62.5], "uv": [84, 177]},
						{"origin": [-9.65035, 17.02314, -6], "size": [1, 1, 1], "pivot": [-9, 14, -6], "rotation": [0, 0, 75], "uv": [176, 30]},
						{"origin": [-9.96194, 17.30866, -6], "size": [1, 1, 1], "pivot": [-9, 14, -6], "rotation": [0, 0, 25], "uv": [173, 176]}
					]
				},
				{
					"name": "sw3",
					"parent": "steeringwheel",
					"pivot": [-9, 14, -5],
					"rotation": [0, 0, 175],
					"cubes": [
						{"origin": [-9.54358, 17.0019, -6], "size": [1, 1, 1], "uv": [129, 176]},
						{"origin": [-9.43474, 17.00428, -6], "size": [1, 1, 1], "pivot": [-9, 14, -6], "rotation": [0, 0, 12.5], "uv": [84, 175]},
						{"origin": [-9.23135, 17.0783, -6], "size": [1, 1, 1], "pivot": [-9, 14, -6], "rotation": [0, 0, 37.5], "uv": [174, 170]},
						{"origin": [-9.14645, 17.14645, -6], "size": [1, 1, 1], "pivot": [-9, 14, -6], "rotation": [0, 0, 50], "uv": [174, 168]},
						{"origin": [-9.0783, 17.23135, -6], "size": [1, 1, 1], "pivot": [-9, 14, -6], "rotation": [0, 0, 62.5], "uv": [132, 174]},
						{"origin": [-9.03015, 17.32899, -6], "size": [1, 1, 1], "pivot": [-9, 14, -6], "rotation": [0, 0, 75], "uv": [128, 174]},
						{"origin": [-9.32899, 17.03015, -6], "size": [1, 1, 1], "pivot": [-9, 14, -6], "rotation": [0, 0, 25], "uv": [112, 174]}
					]
				},
				{
					"name": "sw4",
					"parent": "steeringwheel",
					"pivot": [-9, 14, -5],
					"rotation": [0, 0, -97.5],
					"cubes": [
						{"origin": [-9.00428, 17.43474, -6], "size": [1, 1, 1], "uv": [173, 9]},
						{"origin": [-9.0019, 17.54358, -6], "size": [1, 1, 1], "pivot": [-9, 14, -6], "rotation": [0, 0, 12.5], "uv": [172, 173]},
						{"origin": [-9.06699, 17.75, -6], "size": [1, 1, 1], "pivot": [-9, 14, -6], "rotation": [0, 0, 37.5], "uv": [168, 173]},
						{"origin": [-9.13136, 17.8378, -6], "size": [1, 1, 1], "pivot": [-9, 14, -6], "rotation": [0, 0, 50], "uv": [172, 30]},
						{"origin": [-9.21321, 17.90958, -6], "size": [1, 1, 1], "pivot": [-9, 14, -6], "rotation": [0, 0, 62.5], "uv": [172, 13]},
						{"origin": [-9.30866, 17.96194, -6], "size": [1, 1, 1], "pivot": [-9, 14, -6], "rotation": [0, 0, 75], "uv": [142, 170]},
						{"origin": [-9.41318, 17.9924, -6], "size": [1, 1, 1], "pivot": [-9, 14, -6], "rotation": [0, 0, 87.5], "uv": [138, 170]},
						{"origin": [-9.02314, 17.65035, -6], "size": [1, 1, 1], "pivot": [-9, 14, -6], "rotation": [0, 0, 25], "uv": [84, 150]}
					]
				},
				{
					"name": "stickshift",
					"parent": "cabinin",
					"pivot": [0, 0, 0],
					"cubes": [
						{"origin": [-1.5, 9, -5], "size": [3, 1, 3], "uv": [54, 89]},
						{"origin": [-1, 9.4, -4.5], "size": [2, 1, 2], "uv": [164, 86]}
					]
				},
				{
					"name": "stick",
					"parent": "stickshift",
					"pivot": [-1, 10, -3],
					"rotation": [-7.5, 0, 0],
					"cubes": [
						{"origin": [-0.75, 10.29572, -3.825], "size": [1, 2, 1], "uv": [90, 164]},
						{"origin": [-0.5, 12.29572, -3.86526], "size": [1, 1, 1], "uv": [15, 144]},
						{"origin": [-0.25, 10.29572, -4.06526], "size": [1, 2, 1], "uv": [56, 164]},
						{"origin": [-0.45, 10.29572, -3.817], "size": [1, 2, 1], "uv": [38, 164]},
						{"origin": [-0.5, 10.29572, -4.06526], "size": [1, 2, 1], "uv": [58, 139]}
					]
				},
				{
					"name": "ebrake",
					"parent": "cabinin",
					"pivot": [0, 0, 0],
					"cubes": [
						{"origin": [-2, 9.5, 4], "size": [2, 2, 2], "uv": [142, 193]},
						{"origin": [-1.5, 10.5, 1], "size": [1, 1, 3], "uv": [191, 55]},
						{"origin": [-2, 9.5, 6], "size": [2, 2, 3], "pivot": [-1, 11.5, 6], "rotation": [-45, 0, 0], "uv": [60, 192]}
					]
				},
				{
					"name": "rvm",
					"parent": "cabinin",
					"pivot": [0, 0, 0],
					"cubes": [
						{"origin": [-0.5, 25.6, 0], "size": [1, 1, 1], "uv": [138, 122]},
						{"origin": [-2.5, 23.6, 0], "size": [5, 2, 1], "uv": [25, 192]}
					]
				},
				{
					"name": "back",
					"pivot": [0, 0, 1],
					"cubes": [
						{"origin": [17, 5.5, 31], "size": [1, 1, 2], "uv": [200, 167]},
						{"origin": [12.5, 5.5, 15], "size": [1, 10, 16], "uv": [72, 164]},
						{"origin": [-13.5, 5.5, 15], "size": [1, 10, 16], "uv": [162, 0]},
						{"origin": [-13, 5.5, 27], "size": [26, 11, 1], "uv": [144, 122]},
						{"origin": [12.5, 15.5, 15], "size": [5, 1, 17], "uv": [44, 157]},
						{"origin": [-17.5, 15.5, 15], "size": [5, 1, 17], "uv": [0, 157]},
						{"origin": [13.5, 5.5, 14.9], "size": [4, 10, 1], "uv": [0, 157]},
						{"origin": [-17.5, 5.5, 14.9], "size": [4, 10, 1], "uv": [106, 141]},
						{"origin": [17, 6.5, 31], "size": [1, 12, 7], "uv": [150, 176]},
						{"origin": [-18, 6.5, 31], "size": [1, 12, 7], "uv": [0, 126]},
						{"origin": [-18, 7.5, 38], "size": [1, 11, 1], "uv": [36, 175]},
						{"origin": [17, 7.5, 38], "size": [1, 11, 1], "uv": [116, 141]},
						{"origin": [-18, 8.2, 38.5], "size": [1, 4, 1], "uv": [197, 197]},
						{"origin": [17, 8.2, 38.5], "size": [1, 4, 1], "uv": [124, 194]},
						{"origin": [16.99, 17.5, 28], "size": [1, 1, 4], "uv": [190, 50]},
						{"origin": [-17.99, 17.5, 28], "size": [1, 1, 4], "uv": [100, 190]},
						{"origin": [-18, 5.5, 31], "size": [1, 1, 2], "uv": [56, 143]},
						{"origin": [-17, 5.5, 31], "size": [34, 1, 2], "uv": [119, 74]},
						{"origin": [17, 16.5, 15], "size": [1, 1, 16], "uv": [27, 157]},
						{"origin": [-18, 16.5, 15], "size": [1, 1, 16], "uv": [29, 94]},
						{"origin": [17, 5.5, 33], "size": [1, 1, 6], "pivot": [18, 5.5, 33], "rotation": [10, 0, 0], "uv": [68, 40]},
						{"origin": [-17, 5.5, 33], "size": [34, 1, 6], "pivot": [17, 5.5, 33], "rotation": [10, 0, 0], "uv": [78, 48]},
						{"origin": [-18, 5.5, 33], "size": [1, 1, 6], "pivot": [-17, 5.5, 33], "rotation": [10, 0, 0], "uv": [68, 33]},
						{"origin": [17, 6.53972, 37.888], "size": [1, 4, 1], "pivot": [18, 6.5, 38.9], "rotation": [-22.5, 0, 0], "uv": [72, 192]},
						{"origin": [-8, 6.53972, 37.888], "size": [16, 4, 1], "pivot": [17, 6.5, 38.9], "rotation": [-22.5, 0, 0], "uv": [29, 111]},
						{"origin": [8, 6.53972, 37.888], "size": [2, 4, 1], "pivot": [26, 6.5, 38.9], "rotation": [-22.5, 0, 0], "uv": [0, 33]},
						{"origin": [-10, 6.53972, 37.888], "size": [2, 4, 1], "pivot": [1, 6.5, 38.9], "rotation": [-22.5, 0, 0], "uv": [25, 0]},
						{"origin": [-17, 6.53972, 37.888], "size": [4, 4, 1], "pivot": [-6, 6.5, 38.9], "rotation": [-22.5, 0, 0], "uv": [178, 187]},
						{"origin": [13, 6.53972, 37.888], "size": [4, 4, 1], "pivot": [24, 6.5, 38.9], "rotation": [-22.5, 0, 0], "uv": [52, 126]},
						{"origin": [-13, 7.53972, 37.888], "size": [3, 3, 1], "pivot": [-3, 6.5, 38.9], "rotation": [-22.5, 0, 0], "uv": [190, 188]},
						{"origin": [10, 7.53972, 37.888], "size": [3, 3, 1], "pivot": [20, 6.5, 38.9], "rotation": [-22.5, 0, 0], "uv": [57, 98]},
						{"origin": [-13, 6.53972, 37.588], "size": [3, 1, 1], "pivot": [-3, 6.5, 38.9], "rotation": [-22.5, 0, 0], "uv": [37, 105]},
						{"origin": [10, 6.53972, 37.588], "size": [3, 1, 1], "pivot": [20, 6.5, 38.9], "rotation": [-22.5, 0, 0], "uv": [93, 89]},
						{"origin": [-18, 6.53972, 37.888], "size": [1, 4, 1], "pivot": [-17, 6.5, 38.9], "rotation": [-22.5, 0, 0], "uv": [54, 192]},
						{"origin": [17, 10.21668, 39.435], "size": [1, 2, 1], "uv": [138, 127]},
						{"origin": [-17, 10.21668, 39.435], "size": [34, 2, 1], "uv": [72, 124]},
						{"origin": [-18, 10.21668, 39.435], "size": [1, 2, 1], "uv": [70, 133]},
						{"origin": [17, 12.21668, 38.435], "size": [1, 1, 1], "uv": [52, 122]},
						{"origin": [17, 16.21668, 38.435], "size": [1, 3, 1], "uv": [18, 94]},
						{"origin": [-17, 16.21668, 38.435], "size": [34, 3, 1], "uv": [119, 77]},
						{"origin": [-17, 12.21668, 38.435], "size": [34, 1, 1], "uv": [127, 118]},
						{"origin": [7, 13.21668, 38.435], "size": [11, 3, 1], "uv": [0, 85]},
						{"origin": [-18, 13.21668, 38.435], "size": [11, 3, 1], "uv": [0, 28]},
						{"origin": [-18.05, 13.21668, 37.435], "size": [1, 3, 2], "uv": [16, 0]},
						{"origin": [17.05, 13.21668, 37.435], "size": [1, 3, 2], "uv": [7, 0]},
						{"origin": [-7, 13.21668, 37.835], "size": [14, 3, 1], "uv": [0, 24]},
						{"origin": [-18, 16.21668, 38.435], "size": [1, 3, 1], "uv": [12, 94]},
						{"origin": [-18, 12.21668, 38.435], "size": [1, 1, 1], "uv": [53, 118]},
						{"origin": [17, 18.21668, 28.435], "size": [1, 1, 10], "uv": [190, 49]},
						{"origin": [-17, 18.21668, 28.435], "size": [34, 1, 10], "uv": [0, 50]},
						{"origin": [17, 18.19, 25.435], "size": [1, 1, 3], "pivot": [18, 19.2, 28.4], "rotation": [45, 0, 0], "uv": [190, 184]},
						{"origin": [-17, 18.19, 26.435], "size": [34, 1, 2], "pivot": [17, 19.2, 28.4], "rotation": [45, 0, 0], "uv": [119, 71]},
						{"origin": [-18, 18.19, 25.435], "size": [1, 1, 3], "pivot": [-17, 19.2, 28.4], "rotation": [45, 0, 0], "uv": [89, 190]},
						{"origin": [-18, 18.21668, 28.435], "size": [1, 1, 10], "uv": [88, 190]}
					]
				},
				{
					"name": "exhaust",
					"parent": "back",
					"pivot": [0, 0, 1]
				},
				{
					"name": "ex1",
					"parent": "exhaust",
					"pivot": [0, 1.4, 2],
					"cubes": [
						{"origin": [-12, 5.9, 36.1], "size": [1, 1, 4], "uv": [166, 187]},
						{"origin": [-13, 5, 30.2], "size": [3, 2, 6], "uv": [200, 69]},
						{"origin": [-12, 6.4, 36], "size": [1, 1, 4], "pivot": [-11.5, 6.4, 39], "rotation": [0, 0, 5], "uv": [184, 146]},
						{"origin": [-12, 6.4, 36], "size": [1, 1, 4], "pivot": [-11.5, 6.4, 39], "rotation": [0, 0, 37.5], "uv": [184, 141]},
						{"origin": [-12, 6.4, 36], "size": [1, 1, 4], "pivot": [-11.5, 6.4, 39], "rotation": [0, 0, 75], "uv": [36, 183]},
						{"origin": [-12, 6.4, 36], "size": [1, 1, 4], "pivot": [-11.5, 6.4, 39], "rotation": [0, 0, 112.5], "uv": [166, 182]},
						{"origin": [-12, 6.4, 36], "size": [1, 1, 4], "pivot": [-11.5, 6.4, 39], "rotation": [0, 0, 150], "uv": [180, 165]},
						{"origin": [-12, 6.4, 36], "size": [1, 1, 4], "pivot": [-11.5, 6.4, 39], "rotation": [0, 0, -172.5], "uv": [180, 5]},
						{"origin": [-12, 6.4, 36], "size": [1, 1, 4], "pivot": [-11.5, 6.4, 39], "rotation": [0, 0, -135], "uv": [180, 0]},
						{"origin": [-12, 6.4, 36], "size": [1, 1, 4], "pivot": [-11.5, 6.4, 39], "rotation": [0, 0, -97.5], "uv": [106, 178]},
						{"origin": [-12, 6.4, 36], "size": [1, 1, 4], "pivot": [-11.5, 6.4, 39], "rotation": [0, 0, -60], "uv": [167, 176]},
						{"origin": [-12, 6.4, 36], "size": [1, 1, 4], "pivot": [-11.5, 6.4, 39], "rotation": [0, 0, -25], "uv": [78, 175]}
					]
				},
				{
					"name": "ex2",
					"parent": "exhaust",
					"pivot": [23, 1.4, 2],
					"cubes": [
						{"origin": [11, 5.9, 36.1], "size": [1, 1, 4], "uv": [22, 126]},
						{"origin": [10, 5, 30.2], "size": [3, 2, 6], "uv": [196, 13]},
						{"origin": [11, 6.4, 36], "size": [1, 1, 4], "pivot": [11.5, 6.4, 39], "rotation": [0, 0, 5], "uv": [106, 75]},
						{"origin": [11, 6.4, 36], "size": [1, 1, 4], "pivot": [11.5, 6.4, 39], "rotation": [0, 0, 37.5], "uv": [102, 60]},
						{"origin": [11, 6.4, 36], "size": [1, 1, 4], "pivot": [11.5, 6.4, 39], "rotation": [0, 0, 75], "uv": [102, 55]},
						{"origin": [11, 6.4, 36], "size": [1, 1, 4], "pivot": [11.5, 6.4, 39], "rotation": [0, 0, 112.5], "uv": [12, 99]},
						{"origin": [11, 6.4, 36], "size": [1, 1, 4], "pivot": [11.5, 6.4, 39], "rotation": [0, 0, 150], "uv": [0, 99]},
						{"origin": [11, 6.4, 36], "size": [1, 1, 4], "pivot": [11.5, 6.4, 39], "rotation": [0, 0, -172.5], "uv": [12, 94]},
						{"origin": [11, 6.4, 36], "size": [1, 1, 4], "pivot": [11.5, 6.4, 39], "rotation": [0, 0, -135], "uv": [0, 94]},
						{"origin": [11, 6.4, 36], "size": [1, 1, 4], "pivot": [11.5, 6.4, 39], "rotation": [0, 0, -97.5], "uv": [90, 60]},
						{"origin": [11, 6.4, 36], "size": [1, 1, 4], "pivot": [11.5, 6.4, 39], "rotation": [0, 0, -60], "uv": [90, 55]},
						{"origin": [11, 6.4, 36], "size": [1, 1, 4], "pivot": [11.5, 6.4, 39], "rotation": [0, 0, -25], "uv": [78, 55]}
					]
				},
				{
					"name": "spoiler",
					"parent": "back",
					"pivot": [0, 0, 1],
					"cubes": [
						{"origin": [16.9, 18.4, 29], "size": [1, 1, 1], "uv": [97, 91]},
						{"origin": [16.9, 18.4, 30], "size": [1, 1, 10], "pivot": [16.9, 19.4, 30], "rotation": [10, 0, 0], "uv": [66, 190]},
						{"origin": [-17.9, 18.4, 30], "size": [1, 1, 10], "pivot": [-17.9, 19.4, 30], "rotation": [10, 0, 0], "uv": [184, 141]},
						{"origin": [-17, 18.4, 36], "size": [34, 1, 4], "pivot": [-17, 19.4, 30], "rotation": [10, 0, 0], "uv": [97, 89]},
						{"origin": [16.9, 18.4, 30], "size": [1, 1, 10], "uv": [188, 67]},
						{"origin": [-17, 18.4, 39], "size": [34, 1, 1], "uv": [64, 127]},
						{"origin": [16.9, 19.2, 35], "size": [1, 1, 4], "uv": [64, 133]},
						{"origin": [-17.9, 19.2, 35], "size": [1, 1, 4], "uv": [52, 131]},
						{"origin": [16.9, 19.4, 39], "size": [1, 1, 1], "uv": [28, 66]},
						{"origin": [-17.9, 19.4, 39], "size": [1, 1, 1], "uv": [12, 38]},
						{"origin": [-17.9, 18.4, 30], "size": [1, 1, 10], "uv": [186, 173]},
						{"origin": [-17.9, 18.4, 29], "size": [1, 1, 1], "uv": [10, 72]}
					]
				},
				{
					"name": "backtireguard",
					"pivot": [0, 0, 48],
					"cubes": [
						{"origin": [17, 9.5, 15], "size": [1, 7, 1], "uv": [78, 190]},
						{"origin": [-18, 9.5, 15], "size": [1, 7, 1], "uv": [186, 161]},
						{"origin": [-18, 9.5, 30], "size": [1, 7, 1], "uv": [132, 164]},
						{"origin": [17, 9.5, 30], "size": [1, 7, 1], "uv": [128, 164]},
						{"origin": [17, 11.5, 29], "size": [1, 5, 1], "uv": [76, 33]},
						{"origin": [17, 11.5, 16], "size": [1, 5, 1], "uv": [68, 40]},
						{"origin": [-18, 11.5, 16], "size": [1, 5, 1], "uv": [68, 33]},
						{"origin": [-18, 11.5, 29], "size": [1, 5, 1], "uv": [25, 61]},
						{"origin": [17, 12.5, 17], "size": [1, 4, 1], "uv": [82, 190]},
						{"origin": [-18, 12.5, 17], "size": [1, 4, 1], "uv": [59, 184]},
						{"origin": [-18, 12.5, 28], "size": [1, 4, 1], "uv": [159, 153]},
						{"origin": [17, 12.5, 28], "size": [1, 4, 1], "uv": [128, 153]},
						{"origin": [17, 13.5, 27], "size": [1, 3, 1], "uv": [6, 94]},
						{"origin": [17, 13.5, 18], "size": [1, 3, 1], "uv": [0, 94]},
						{"origin": [-18, 13.5, 18], "size": [1, 3, 1], "uv": [90, 60]},
						{"origin": [-18, 13.5, 27], "size": [1, 3, 1], "uv": [90, 55]},
						{"origin": [-18, 14.5, 19], "size": [1, 2, 2], "uv": [16, 61]},
						{"origin": [-18, 14.5, 25], "size": [1, 2, 2], "uv": [7, 61]},
						{"origin": [17, 14.5, 19], "size": [1, 2, 2], "uv": [9, 41]},
						{"origin": [17, 14.5, 25], "size": [1, 2, 2], "uv": [0, 41]},
						{"origin": [17, 15.5, 21], "size": [1, 1, 4], "uv": [168, 168]},
						{"origin": [-18, 15.5, 21], "size": [1, 1, 4], "uv": [0, 168]}
					]
				},
				{
					"name": "hexadecagon2",
					"parent": "backtireguard",
					"pivot": [26, -1, 36],
					"cubes": [
						{"origin": [17.5, 5.9087, 15], "size": [1, 3.1826, 1], "pivot": [18, 7.5, 23], "rotation": [-45, 0, 0], "uv": [86, 89]},
						{"origin": [17.5, 5.9087, 30], "size": [1, 3.1826, 1], "pivot": [18, 7.5, 23], "rotation": [45, 0, 0], "uv": [80, 89]},
						{"origin": [17.5, 14.5, 21.4087], "size": [1, 1, 3.1826], "pivot": [18, 7.5, 23], "rotation": [22.5, 0, 0], "uv": [53, 157]},
						{"origin": [17.5, 14.5, 21.4087], "size": [1, 1, 3.1826], "uv": [35, 157]},
						{"origin": [17.5, 14.5, 21.4087], "size": [1, 1, 3.1826], "pivot": [18, 7.5, 23], "rotation": [-22.5, 0, 0], "uv": [53, 139]}
					]
				},
				{
					"name": "ft7",
					"parent": "hexadecagon2",
					"pivot": [18.5, 11.5, 16.2],
					"rotation": [0, 0, 2.5],
					"cubes": [
						{"origin": [17.47819, 5.8702, 14.80884], "size": [1, 3.1826, 1], "pivot": [18, 7, 23], "rotation": [-22.5, 0, 0], "uv": [74, 89]},
						{"origin": [17.45642, 4.9068, 15], "size": [1, 4.1826, 1], "pivot": [18.52964, 8.62465, 15], "rotation": [0, 0, 2.5], "uv": [22, 139]},
						{"origin": [17.55642, 4.5068, 15], "size": [1, 1.1826, 1], "pivot": [18.52964, 8.62465, 15], "rotation": [0, 0, 2.5], "uv": [22, 115]}
					]
				},
				{
					"name": "ft8",
					"parent": "hexadecagon2",
					"pivot": [18.5, 11.5, 29.8],
					"rotation": [0, 0, 2.5],
					"cubes": [
						{"origin": [17.47819, 5.8702, 30.19116], "size": [1, 3.1826, 1], "pivot": [18, 7, 23], "rotation": [22.5, 0, 0], "uv": [68, 89]},
						{"origin": [17.45642, 4.9068, 30], "size": [1, 4.1826, 1], "pivot": [18.52964, 8.62465, 31], "rotation": [0, 0, 2.5], "uv": [0, 61]},
						{"origin": [17.55642, 3.5068, 30], "size": [1, 2.1826, 1], "pivot": [18.52964, 8.62465, 31], "rotation": [0, 0, 2.5], "uv": [64, 133]}
					]
				},
				{
					"name": "hexadecagon3",
					"parent": "backtireguard",
					"pivot": [-10, -1, 36],
					"cubes": [
						{"origin": [-18.5, 5.9087, 15], "size": [1, 3.1826, 1], "pivot": [-18, 7.5, 23], "rotation": [-45, 0, 0], "uv": [84, 55]},
						{"origin": [-18.5, 5.9087, 30], "size": [1, 3.1826, 1], "pivot": [-18, 7.5, 23], "rotation": [45, 0, 0], "uv": [78, 55]},
						{"origin": [-18.5, 14.5, 21.4087], "size": [1, 1, 3.1826], "pivot": [-18, 7.5, 23], "rotation": [22.5, 0, 0], "uv": [133, 128]},
						{"origin": [-18.5, 14.5, 21.4087], "size": [1, 1, 3.1826], "uv": [17, 114]},
						{"origin": [-18.5, 14.5, 21.4087], "size": [1, 1, 3.1826], "pivot": [-18, 7.5, 23], "rotation": [-22.5, 0, 0], "uv": [37, 101]}
					]
				},
				{
					"name": "ft9",
					"parent": "hexadecagon3",
					"pivot": [-18.5, 11.5, 16.2],
					"rotation": [0, 0, -2.5],
					"cubes": [
						{"origin": [-18.47819, 5.8702, 14.80884], "size": [1, 3.1826, 1], "pivot": [-18, 7, 23], "rotation": [-22.5, 0, 0], "uv": [28, 69]},
						{"origin": [-18.45642, 4.9068, 15], "size": [1, 4.1826, 1], "pivot": [-18.47036, 8.62465, 15], "rotation": [0, 0, -2.5], "uv": [0, 0]},
						{"origin": [-18.55642, 4.5068, 15], "size": [1, 1.1826, 1], "pivot": [-18.47036, 8.62465, 15], "rotation": [0, 0, -2.5], "uv": [62, 110]}
					]
				},
				{
					"name": "ft10",
					"parent": "hexadecagon3",
					"pivot": [-18.5, 11.5, 29.8],
					"rotation": [0, 0, -2.5],
					"cubes": [
						{"origin": [-18.47819, 5.8702, 30.19116], "size": [1, 3.1826, 1], "pivot": [-18, 7, 23], "rotation": [22.5, 0, 0], "uv": [16, 69]},
						{"origin": [-18.45642, 3.9068, 30], "size": [1, 5.1826, 1], "pivot": [-18.47036, 8.62465, 31], "rotation": [0, 0, -2.5], "uv": [9, 33]},
						{"origin": [-18.45642, 3.5068, 30], "size": [1, 1.1826, 1], "pivot": [-18.47036, 8.62465, 31], "rotation": [0, 0, -2.5], "uv": [39, 108]}
					]
				},
				{
					"name": "hexadecagon6",
					"parent": "backtireguard",
					"pivot": [-9, -1, 36],
					"cubes": [
						{"origin": [-17.5, 5.9087, 15], "size": [4, 3.1826, 1], "pivot": [-17, 7.5, 23], "rotation": [-45, 0, 0], "uv": [168, 199]},
						{"origin": [-17.5, 5.9087, 30], "size": [4, 3.1826, 1], "pivot": [-17, 7.5, 23], "rotation": [45, 0, 0], "uv": [152, 199]},
						{"origin": [-17.5, 14.5, 21.4087], "size": [4, 1, 3.1826], "pivot": [-17, 7.5, 23], "rotation": [22.5, 0, 0], "uv": [101, 174]},
						{"origin": [-17.5, 14.5, 21.4087], "size": [4, 1, 3.1826], "uv": [90, 173]},
						{"origin": [-17.5, 14.5, 21.4087], "size": [4, 1, 3.1826], "pivot": [-17, 7.5, 23], "rotation": [-22.5, 0, 0], "uv": [45, 168]}
					]
				},
				{
					"name": "ft11",
					"parent": "hexadecagon6",
					"pivot": [-17.5, 11.5, 16.2],
					"cubes": [
						{"origin": [-17.5, 5.9087, 15], "size": [4, 3.1826, 1], "pivot": [-17, 7.5, 23], "rotation": [-22.5, 0, 0], "uv": [130, 198]},
						{"origin": [-17.5, 4.9087, 15], "size": [4, 4.1826, 1], "uv": [138, 165]},
						{"origin": [-17.5, 4.5087, 15], "size": [4, 1.1826, 1], "uv": [29, 108]}
					]
				},
				{
					"name": "ft12",
					"parent": "hexadecagon6",
					"pivot": [-17.5, 11.5, 29.8],
					"cubes": [
						{"origin": [-17.5, 5.9087, 30], "size": [4, 3.1826, 1], "pivot": [-17, 7.5, 23], "rotation": [22.5, 0, 0], "uv": [48, 198]},
						{"origin": [-17.5, 4.9087, 30], "size": [4, 4.1826, 1], "uv": [94, 138]},
						{"origin": [-17.5, 3.5087, 30], "size": [4, 2.1826, 1], "uv": [94, 211]}
					]
				},
				{
					"name": "hexadecagon8",
					"parent": "backtireguard",
					"pivot": [23, -1, 36],
					"cubes": [
						{"origin": [13.5, 5.9087, 15], "size": [4, 3.1826, 1], "pivot": [15, 7.5, 23], "rotation": [-45, 0, 0], "uv": [195, 60]},
						{"origin": [13.5, 5.9087, 30], "size": [4, 3.1826, 1], "pivot": [15, 7.5, 23], "rotation": [45, 0, 0], "uv": [152, 195]},
						{"origin": [13.5, 14.5, 21.4087], "size": [4, 1, 3.1826], "pivot": [15, 7.5, 23], "rotation": [22.5, 0, 0], "uv": [27, 168]},
						{"origin": [13.5, 14.5, 21.4087], "size": [4, 1, 3.1826], "uv": [45, 164]},
						{"origin": [13.5, 14.5, 21.4087], "size": [4, 1, 3.1826], "pivot": [15, 7.5, 23], "rotation": [-22.5, 0, 0], "uv": [27, 164]}
					]
				},
				{
					"name": "ft13",
					"parent": "hexadecagon8",
					"pivot": [14.5, 11.5, 16.2],
					"cubes": [
						{"origin": [13.5, 5.9087, 15], "size": [4, 3.1826, 1], "pivot": [15, 7.5, 23], "rotation": [-22.5, 0, 0], "uv": [41, 193]},
						{"origin": [13.5, 4.9087, 15], "size": [4, 4.1826, 1], "uv": [64, 138]},
						{"origin": [13.5, 4.5087, 15], "size": [4, 1.1826, 1], "uv": [106, 80]}
					]
				},
				{
					"name": "ft14",
					"parent": "hexadecagon8",
					"pivot": [14.5, 11.5, 29.8],
					"cubes": [
						{"origin": [13.5, 5.9087, 30], "size": [4, 3.1826, 1], "pivot": [15, 7.5, 23], "rotation": [22.5, 0, 0], "uv": [118, 180]},
						{"origin": [13.5, 4.9087, 30], "size": [4, 4.1826, 1], "uv": [94, 133]},
						{"origin": [13.5, 3.5087, 30], "size": [4, 2.1826, 1], "uv": [30, 211]}
					]
				},
				{
					"name": "fronttires",
					"pivot": [0, 0, 0]
				},
				{
					"name": "fronttire1",
					"parent": "fronttires",
					"pivot": [17, 7, -25],
					"cubes": [
						{"origin": [16, 2, -30], "size": [1, 10, 10], "uv": [106, 174]},
						{"origin": [15.8, 6, -26], "size": [2, 2, 2], "uv": [47, 98]}
					]
				},
				{
					"name": "ftl",
					"parent": "fronttire1",
					"pivot": [26, -1, -33],
					"cubes": [
						{"origin": [14.5, 5.60761, -32], "size": [4, 2.78477, 1.6], "pivot": [18, 7, -25], "rotation": [45, 0, 0], "uv": [20, 211]},
						{"origin": [14.5, 5.60761, -32], "size": [4, 2.78477, 1.6], "pivot": [18, 7, -25], "rotation": [22.5, 0, 0], "uv": [10, 211]},
						{"origin": [14.5, 5.60761, -32], "size": [4, 2.78477, 1.6], "uv": [0, 211]},
						{"origin": [14.5, 5.60761, -32], "size": [4, 2.78477, 1.6], "pivot": [18, 7, -25], "rotation": [-22.5, 0, 0], "uv": [210, 127]},
						{"origin": [14.5, 5.60761, -32], "size": [4, 2.78477, 1.6], "pivot": [18, 7, -25], "rotation": [-45, 0, 0], "uv": [210, 124]},
						{"origin": [14.5, 5.60761, -19.6], "size": [4, 2.78477, 1.6], "pivot": [18, 7, -25], "rotation": [45, 0, 0], "uv": [210, 121]},
						{"origin": [14.5, 5.60761, -19.6], "size": [4, 2.78477, 1.6], "pivot": [18, 7, -25], "rotation": [22.5, 0, 0], "uv": [210, 118]},
						{"origin": [14.5, 5.60761, -19.6], "size": [4, 2.78477, 1.6], "uv": [210, 63]},
						{"origin": [14.5, 5.60761, -19.6], "size": [4, 2.78477, 1.6], "pivot": [18, 7, -25], "rotation": [-22.5, 0, 0], "uv": [210, 60]},
						{"origin": [14.5, 5.60761, -19.6], "size": [4, 2.78477, 1.6], "pivot": [18, 7, -25], "rotation": [-45, 0, 0], "uv": [210, 46]},
						{"origin": [14.5, 0, -26.39239], "size": [4, 1.6, 2.78477], "pivot": [18, 7, -25], "rotation": [22.5, 0, 0], "uv": [190, 13]},
						{"origin": [14.5, 0, -26.39239], "size": [4, 1.6, 2.78477], "uv": [41, 190]},
						{"origin": [14.5, 0, -26.39239], "size": [4, 1.6, 2.78477], "pivot": [18, 7, -25], "rotation": [-22.5, 0, 0], "uv": [189, 78]},
						{"origin": [14.5, 12.4, -26.39239], "size": [4, 1.6, 2.78477], "pivot": [18, 7, -25], "rotation": [22.5, 0, 0], "uv": [25, 189]},
						{"origin": [14.5, 12.4, -26.39239], "size": [4, 1.6, 2.78477], "uv": [9, 189]},
						{"origin": [14.5, 12.4, -26.39239], "size": [4, 1.6, 2.78477], "pivot": [18, 7, -25], "rotation": [-22.5, 0, 0], "uv": [9, 186]}
					]
				},
				{
					"name": "frl",
					"parent": "fronttire1",
					"pivot": [25.5, -1, -33],
					"cubes": [
						{"origin": [15, 5.92587, -30.4], "size": [3, 2.14825, 1], "pivot": [17.5, 7, -25], "rotation": [45, 0, 0], "uv": [215, 143]},
						{"origin": [15, 5.92587, -30.4], "size": [3, 2.14825, 1], "pivot": [17.5, 7, -25], "rotation": [22.5, 0, 0], "uv": [215, 91]},
						{"origin": [15, 5.92587, -30.4], "size": [3, 2.14825, 1], "uv": [215, 39]},
						{"origin": [15, 5.92587, -30.4], "size": [3, 2.14825, 1], "pivot": [17.5, 7, -25], "rotation": [-22.5, 0, 0], "uv": [215, 29]},
						{"origin": [15, 5.92587, -30.4], "size": [3, 2.14825, 1], "pivot": [17.5, 7, -25], "rotation": [-45, 0, 0], "uv": [215, 19]},
						{"origin": [15, 5.92587, -20.6], "size": [3, 2.14825, 1], "pivot": [17.5, 7, -25], "rotation": [45, 0, 0], "uv": [208, 215]},
						{"origin": [15, 5.92587, -20.6], "size": [3, 2.14825, 1], "pivot": [17.5, 7, -25], "rotation": [22.5, 0, 0], "uv": [200, 215]},
						{"origin": [15, 5.92587, -20.6], "size": [3, 2.14825, 1], "uv": [192, 215]},
						{"origin": [15, 5.92587, -20.6], "size": [3, 2.14825, 1], "pivot": [17.5, 7, -25], "rotation": [-22.5, 0, 0], "uv": [175, 215]},
						{"origin": [15, 5.92587, -20.6], "size": [3, 2.14825, 1], "pivot": [17.5, 7, -25], "rotation": [-45, 0, 0], "uv": [167, 215]},
						{"origin": [15, 1.6, -26.07413], "size": [3, 1, 2.14825], "pivot": [17.5, 7, -25], "rotation": [22.5, 0, 0], "uv": [209, 206]},
						{"origin": [15, 1.6, -26.07413], "size": [3, 1, 2.14825], "uv": [209, 203]},
						{"origin": [15, 1.6, -26.07413], "size": [3, 1, 2.14825], "pivot": [17.5, 7, -25], "rotation": [-22.5, 0, 0], "uv": [209, 200]},
						{"origin": [15, 11.4, -26.07413], "size": [3, 1, 2.14825], "pivot": [17.5, 7, -25], "rotation": [22.5, 0, 0], "uv": [209, 190]},
						{"origin": [15, 11.4, -26.07413], "size": [3, 1, 2.14825], "uv": [209, 186]},
						{"origin": [15, 11.4, -26.07413], "size": [3, 1, 2.14825], "pivot": [17.5, 7, -25], "rotation": [-22.5, 0, 0], "uv": [209, 183]}
					]
				},
				{
					"name": "firl",
					"parent": "fronttire1",
					"pivot": [25.5, -1, -33],
					"cubes": [
						{"origin": [15, 6.40326, -28], "size": [3, 1.19347, 2], "pivot": [17.5, 7, -25], "rotation": [45, 0, 0], "uv": [209, 80]},
						{"origin": [15, 6.40326, -28], "size": [3, 1.19347, 2], "pivot": [17.5, 7, -25], "rotation": [22.5, 0, 0], "uv": [209, 77]},
						{"origin": [15, 6.40326, -28], "size": [3, 1.19347, 2], "uv": [209, 209]},
						{"origin": [15, 6.40326, -28], "size": [3, 1.19347, 2], "pivot": [17.5, 7, -25], "rotation": [-22.5, 0, 0], "uv": [176, 209]},
						{"origin": [15, 6.40326, -28], "size": [3, 1.19347, 2], "pivot": [17.5, 7, -25], "rotation": [-45, 0, 0], "uv": [166, 209]},
						{"origin": [15, 6.40326, -24], "size": [3, 1.19347, 2], "pivot": [17.5, 7, -25], "rotation": [45, 0, 0], "uv": [112, 209]},
						{"origin": [15, 6.40326, -24], "size": [3, 1.19347, 2], "pivot": [17.5, 7, -25], "rotation": [22.5, 0, 0], "uv": [52, 209]},
						{"origin": [15, 6.40326, -24], "size": [3, 1.19347, 2], "uv": [42, 209]},
						{"origin": [15, 6.40326, -24], "size": [3, 1.19347, 2], "pivot": [17.5, 7, -25], "rotation": [-22.5, 0, 0], "uv": [208, 177]},
						{"origin": [15, 6.40326, -24], "size": [3, 1.19347, 2], "pivot": [17.5, 7, -25], "rotation": [-45, 0, 0], "uv": [208, 131]},
						{"origin": [15, 4, -25.59674], "size": [3, 2, 1.19347], "pivot": [17.5, 7, -25], "rotation": [22.5, 0, 0], "uv": [159, 215]},
						{"origin": [15, 4, -25.59674], "size": [3, 2, 1.19347], "uv": [110, 215]},
						{"origin": [15, 4, -25.59674], "size": [3, 2, 1.19347], "pivot": [17.5, 7, -25], "rotation": [-22.5, 0, 0], "uv": [48, 215]},
						{"origin": [15, 8, -25.59674], "size": [3, 2, 1.19347], "pivot": [17.5, 7, -25], "rotation": [22.5, 0, 0], "uv": [40, 215]},
						{"origin": [15, 8, -25.59674], "size": [3, 2, 1.19347], "uv": [214, 197]},
						{"origin": [15.5, 10, -25.59674], "size": [2, 2, 1.19347], "uv": [188, 218]},
						{"origin": [15.5, 10, -25.59674], "size": [2, 2, 1.19347], "pivot": [20, 7, -25], "rotation": [22.5, 0, 0], "uv": [171, 218]},
						{"origin": [15.5, 10, -25.59674], "size": [2, 2, 1.19347], "pivot": [20, 7, -25], "rotation": [45, 0, 0], "uv": [165, 218]},
						{"origin": [15.5, 10, -25.59674], "size": [2, 2, 1.19347], "pivot": [20, 7, -25], "rotation": [67.5, 0, 0], "uv": [159, 218]},
						{"origin": [15.5, 10, -25.59674], "size": [2, 2, 1.19347], "pivot": [20, 7, -25], "rotation": [90, 0, 0], "uv": [106, 218]},
						{"origin": [15.5, 10, -25.59674], "size": [2, 2, 1.19347], "pivot": [20, 7, -25], "rotation": [112.5, 0, 0], "uv": [77, 218]},
						{"origin": [15.5, 10, -25.59674], "size": [2, 2, 1.19347], "pivot": [20, 7, -25], "rotation": [135, 0, 0], "uv": [48, 218]},
						{"origin": [15.5, 10, -25.59674], "size": [2, 2, 1.19347], "pivot": [20, 7, -25], "rotation": [157.5, 0, 0], "uv": [42, 218]},
						{"origin": [15.5, 10, -25.59674], "size": [2, 2, 1.19347], "pivot": [20, 7, -25], "rotation": [180, 0, 0], "uv": [36, 218]},
						{"origin": [15.5, 10, -25.59674], "size": [2, 2, 1.19347], "pivot": [20, 7, -25], "rotation": [-157.5, 0, 0], "uv": [217, 212]},
						{"origin": [15.5, 10, -25.59674], "size": [2, 2, 1.19347], "pivot": [20, 7, -25], "rotation": [-135, 0, 0], "uv": [217, 189]},
						{"origin": [15.5, 10, -25.59674], "size": [2, 2, 1.19347], "pivot": [20, 7, -25], "rotation": [-112.5, 0, 0], "uv": [217, 176]},
						{"origin": [15.5, 10, -25.59674], "size": [2, 2, 1.19347], "pivot": [20, 7, -25], "rotation": [-90, 0, 0], "uv": [217, 171]},
						{"origin": [15.5, 10, -25.59674], "size": [2, 2, 1.19347], "pivot": [20, 7, -25], "rotation": [-67.5, 0, 0], "uv": [217, 161]},
						{"origin": [15.5, 10, -25.59674], "size": [2, 2, 1.19347], "pivot": [20, 7, -25], "rotation": [-45, 0, 0], "uv": [217, 100]},
						{"origin": [15.5, 10, -25.59674], "size": [2, 2, 1.19347], "pivot": [20, 7, -25], "rotation": [-22.5, 0, 0], "uv": [217, 94]},
						{"origin": [15, 8, -25.59674], "size": [3, 2, 1.19347], "pivot": [17.5, 7, -25], "rotation": [-22.5, 0, 0], "uv": [214, 158]}
					]
				},
				{
					"name": "fronttire2",
					"parent": "fronttires",
					"pivot": [-17, 7, -25],
					"cubes": [
						{"origin": [-17, 2, -30], "size": [1, 10, 10], "uv": [0, 94]},
						{"origin": [-17.8, 6, -26], "size": [2, 2, 2], "uv": [57, 94]}
					]
				},
				{
					"name": "ftr",
					"parent": "fronttire2",
					"pivot": [-7, -1, -33],
					"cubes": [
						{"origin": [-18.5, 5.60761, -32], "size": [4, 2.78477, 1.6], "pivot": [-15, 7, -25], "rotation": [45, 0, 0], "uv": [208, 174]},
						{"origin": [-18.5, 5.60761, -32], "size": [4, 2.78477, 1.6], "pivot": [-15, 7, -25], "rotation": [22.5, 0, 0], "uv": [208, 169]},
						{"origin": [-18.5, 5.60761, -32], "size": [4, 2.78477, 1.6], "uv": [208, 166]},
						{"origin": [-18.5, 5.60761, -32], "size": [4, 2.78477, 1.6], "pivot": [-15, 7, -25], "rotation": [-22.5, 0, 0], "uv": [208, 163]},
						{"origin": [-18.5, 5.60761, -32], "size": [4, 2.78477, 1.6], "pivot": [-15, 7, -25], "rotation": [-45, 0, 0], "uv": [208, 102]},
						{"origin": [-18.5, 5.60761, -19.6], "size": [4, 2.78477, 1.6], "pivot": [-15, 7, -25], "rotation": [45, 0, 0], "uv": [208, 98]},
						{"origin": [-18.5, 5.60761, -19.6], "size": [4, 2.78477, 1.6], "pivot": [-15, 7, -25], "rotation": [22.5, 0, 0], "uv": [208, 16]},
						{"origin": [-18.5, 5.60761, -19.6], "size": [4, 2.78477, 1.6], "uv": [208, 13]},
						{"origin": [-18.5, 5.60761, -19.6], "size": [4, 2.78477, 1.6], "pivot": [-15, 7, -25], "rotation": [-22.5, 0, 0], "uv": [187, 208]},
						{"origin": [-18.5, 5.60761, -19.6], "size": [4, 2.78477, 1.6], "pivot": [-15, 7, -25], "rotation": [-45, 0, 0], "uv": [158, 208]},
						{"origin": [-18.5, 0, -26.39239], "size": [4, 1.6, 2.78477], "pivot": [-15, 7, -25], "rotation": [22.5, 0, 0], "uv": [184, 152]},
						{"origin": [-18.5, 0, -26.39239], "size": [4, 1.6, 2.78477], "uv": [178, 184]},
						{"origin": [-18.5, 0, -26.39239], "size": [4, 1.6, 2.78477], "pivot": [-15, 7, -25], "rotation": [-22.5, 0, 0], "uv": [181, 115]},
						{"origin": [-18.5, 12.4, -26.39239], "size": [4, 1.6, 2.78477], "pivot": [-15, 7, -25], "rotation": [22.5, 0, 0], "uv": [180, 176]},
						{"origin": [-18.5, 12.4, -26.39239], "size": [4, 1.6, 2.78477], "uv": [180, 173]},
						{"origin": [-18.5, 12.4, -26.39239], "size": [4, 1.6, 2.78477], "pivot": [-15, 7, -25], "rotation": [-22.5, 0, 0], "uv": [180, 12]}
					]
				},
				{
					"name": "frr",
					"parent": "fronttire2",
					"pivot": [-7.5, -1, -33],
					"cubes": [
						{"origin": [-18, 5.92587, -30.4], "size": [3, 2.14825, 1], "pivot": [-15.5, 7, -25], "rotation": [45, 0, 0], "uv": [214, 155]},
						{"origin": [-18, 5.92587, -30.4], "size": [3, 2.14825, 1], "pivot": [-15.5, 7, -25], "rotation": [22.5, 0, 0], "uv": [214, 152]},
						{"origin": [-18, 5.92587, -30.4], "size": [3, 2.14825, 1], "uv": [214, 114]},
						{"origin": [-18, 5.92587, -30.4], "size": [3, 2.14825, 1], "pivot": [-15.5, 7, -25], "rotation": [-22.5, 0, 0], "uv": [214, 111]},
						{"origin": [-18, 5.92587, -30.4], "size": [3, 2.14825, 1], "pivot": [-15.5, 7, -25], "rotation": [-45, 0, 0], "uv": [214, 105]},
						{"origin": [-18, 5.92587, -20.6], "size": [3, 2.14825, 1], "pivot": [-15.5, 7, -25], "rotation": [45, 0, 0], "uv": [214, 88]},
						{"origin": [-18, 5.92587, -20.6], "size": [3, 2.14825, 1], "pivot": [-15.5, 7, -25], "rotation": [22.5, 0, 0], "uv": [214, 85]},
						{"origin": [-18, 5.92587, -20.6], "size": [3, 2.14825, 1], "uv": [214, 9]},
						{"origin": [-18, 5.92587, -20.6], "size": [3, 2.14825, 1], "pivot": [-15.5, 7, -25], "rotation": [-22.5, 0, 0], "uv": [214, 6]},
						{"origin": [-18, 5.92587, -20.6], "size": [3, 2.14825, 1], "pivot": [-15.5, 7, -25], "rotation": [-45, 0, 0], "uv": [214, 3]},
						{"origin": [-18, 1.6, -26.07413], "size": [3, 1, 2.14825], "pivot": [-15.5, 7, -25], "rotation": [22.5, 0, 0], "uv": [148, 208]},
						{"origin": [-18, 1.6, -26.07413], "size": [3, 1, 2.14825], "uv": [138, 208]},
						{"origin": [-18, 1.6, -26.07413], "size": [3, 1, 2.14825], "pivot": [-15.5, 7, -25], "rotation": [-22.5, 0, 0], "uv": [128, 208]},
						{"origin": [-18, 11.4, -26.07413], "size": [3, 1, 2.14825], "pivot": [-15.5, 7, -25], "rotation": [22.5, 0, 0], "uv": [104, 208]},
						{"origin": [-18, 11.4, -26.07413], "size": [3, 1, 2.14825], "uv": [94, 208]},
						{"origin": [-18, 11.4, -26.07413], "size": [3, 1, 2.14825], "pivot": [-15.5, 7, -25], "rotation": [-22.5, 0, 0], "uv": [34, 208]}
					]
				},
				{
					"name": "firr",
					"parent": "fronttire2",
					"pivot": [-7.5, -1, -33],
					"cubes": [
						{"origin": [-18, 6.40326, -28], "size": [3, 1.19347, 2], "pivot": [-15.5, 7, -25], "rotation": [45, 0, 0], "uv": [24, 208]},
						{"origin": [-18, 6.40326, -28], "size": [3, 1.19347, 2], "pivot": [-15.5, 7, -25], "rotation": [22.5, 0, 0], "uv": [8, 208]},
						{"origin": [-18, 6.40326, -28], "size": [3, 1.19347, 2], "uv": [207, 194]},
						{"origin": [-18, 6.40326, -28], "size": [3, 1.19347, 2], "pivot": [-15.5, 7, -25], "rotation": [-22.5, 0, 0], "uv": [207, 94]},
						{"origin": [-18, 6.40326, -28], "size": [3, 1.19347, 2], "pivot": [-15.5, 7, -25], "rotation": [-45, 0, 0], "uv": [120, 207]},
						{"origin": [-18, 6.40326, -24], "size": [3, 1.19347, 2], "pivot": [-15.5, 7, -25], "rotation": [45, 0, 0], "uv": [16, 207]},
						{"origin": [-18, 6.40326, -24], "size": [3, 1.19347, 2], "pivot": [-15.5, 7, -25], "rotation": [22.5, 0, 0], "uv": [0, 207]},
						{"origin": [-18, 6.40326, -24], "size": [3, 1.19347, 2], "uv": [206, 144]},
						{"origin": [-18, 6.40326, -24], "size": [3, 1.19347, 2], "pivot": [-15.5, 7, -25], "rotation": [-22.5, 0, 0], "uv": [178, 206]},
						{"origin": [-18, 6.40326, -24], "size": [3, 1.19347, 2], "pivot": [-15.5, 7, -25], "rotation": [-45, 0, 0], "uv": [112, 206]},
						{"origin": [-18, 4, -25.59674], "size": [3, 2, 1.19347], "pivot": [-15.5, 7, -25], "rotation": [22.5, 0, 0], "uv": [214, 0]},
						{"origin": [-18, 4, -25.59674], "size": [3, 2, 1.19347], "uv": [184, 214]},
						{"origin": [-18, 4, -25.59674], "size": [3, 2, 1.19347], "pivot": [-15.5, 7, -25], "rotation": [-22.5, 0, 0], "uv": [151, 214]},
						{"origin": [-18, 8, -25.59674], "size": [3, 2, 1.19347], "pivot": [-15.5, 7, -25], "rotation": [22.5, 0, 0], "uv": [143, 214]},
						{"origin": [-18, 8, -25.59674], "size": [3, 2, 1.19347], "uv": [135, 214]},
						{"origin": [-17.5, 10, -25.59674], "size": [2, 2, 1.19347], "uv": [217, 76]},
						{"origin": [-17.5, 10, -25.59674], "size": [2, 2, 1.19347], "pivot": [-13, 7, -25], "rotation": [22.5, 0, 0], "uv": [182, 217]},
						{"origin": [-17.5, 10, -25.59674], "size": [2, 2, 1.19347], "pivot": [-13, 7, -25], "rotation": [45, 0, 0], "uv": [153, 217]},
						{"origin": [-17.5, 10, -25.59674], "size": [2, 2, 1.19347], "pivot": [-13, 7, -25], "rotation": [67.5, 0, 0], "uv": [147, 217]},
						{"origin": [-17.5, 10, -25.59674], "size": [2, 2, 1.19347], "pivot": [-13, 7, -25], "rotation": [90, 0, 0], "uv": [141, 217]},
						{"origin": [-17.5, 10, -25.59674], "size": [2, 2, 1.19347], "pivot": [-13, 7, -25], "rotation": [112.5, 0, 0], "uv": [135, 217]},
						{"origin": [-17.5, 10, -25.59674], "size": [2, 2, 1.19347], "pivot": [-13, 7, -25], "rotation": [135, 0, 0], "uv": [129, 217]},
						{"origin": [-17.5, 10, -25.59674], "size": [2, 2, 1.19347], "pivot": [-13, 7, -25], "rotation": [157.5, 0, 0], "uv": [123, 217]},
						{"origin": [-17.5, 10, -25.59674], "size": [2, 2, 1.19347], "pivot": [-13, 7, -25], "rotation": [180, 0, 0], "uv": [117, 217]},
						{"origin": [-17.5, 10, -25.59674], "size": [2, 2, 1.19347], "pivot": [-13, 7, -25], "rotation": [-157.5, 0, 0], "uv": [100, 217]},
						{"origin": [-17.5, 10, -25.59674], "size": [2, 2, 1.19347], "pivot": [-13, 7, -25], "rotation": [-135, 0, 0], "uv": [94, 217]},
						{"origin": [-17.5, 10, -25.59674], "size": [2, 2, 1.19347], "pivot": [-13, 7, -25], "rotation": [-112.5, 0, 0], "uv": [30, 217]},
						{"origin": [-17.5, 10, -25.59674], "size": [2, 2, 1.19347], "pivot": [-13, 7, -25], "rotation": [-90, 0, 0], "uv": [24, 217]},
						{"origin": [-17.5, 10, -25.59674], "size": [2, 2, 1.19347], "pivot": [-13, 7, -25], "rotation": [-67.5, 0, 0], "uv": [18, 217]},
						{"origin": [-17.5, 10, -25.59674], "size": [2, 2, 1.19347], "pivot": [-13, 7, -25], "rotation": [-45, 0, 0], "uv": [12, 217]},
						{"origin": [-17.5, 10, -25.59674], "size": [2, 2, 1.19347], "pivot": [-13, 7, -25], "rotation": [-22.5, 0, 0], "uv": [6, 217]},
						{"origin": [-18, 8, -25.59674], "size": [3, 2, 1.19347], "pivot": [-15.5, 7, -25], "rotation": [-22.5, 0, 0], "uv": [127, 214]}
					]
				},
				{
					"name": "backtires",
					"pivot": [18, 7, 23]
				},
				{
					"name": "backtire1",
					"parent": "backtires",
					"pivot": [17, 7, 23],
					"cubes": [
						{"origin": [16, 2, 18], "size": [1, 10, 10], "uv": [90, 55]},
						{"origin": [15.8, 6, 22], "size": [2, 2, 2], "uv": [47, 94]}
					]
				},
				{
					"name": "btl",
					"parent": "backtire1",
					"pivot": [26, -1, 15],
					"cubes": [
						{"origin": [14.5, 5.60761, 16], "size": [4, 2.78477, 1.6], "pivot": [18, 7, 23], "rotation": [45, 0, 0], "uv": [206, 141]},
						{"origin": [14.5, 5.60761, 16], "size": [4, 2.78477, 1.6], "pivot": [18, 7, 23], "rotation": [22.5, 0, 0], "uv": [206, 138]},
						{"origin": [14.5, 5.60761, 16], "size": [4, 2.78477, 1.6], "uv": [206, 43]},
						{"origin": [14.5, 5.60761, 16], "size": [4, 2.78477, 1.6], "pivot": [18, 7, 23], "rotation": [-22.5, 0, 0], "uv": [206, 37]},
						{"origin": [14.5, 5.60761, 16], "size": [4, 2.78477, 1.6], "pivot": [18, 7, 23], "rotation": [-45, 0, 0], "uv": [206, 34]},
						{"origin": [14.5, 5.60761, 28.4], "size": [4, 2.78477, 1.6], "pivot": [18, 7, 23], "rotation": [45, 0, 0], "uv": [206, 31]},
						{"origin": [14.5, 5.60761, 28.4], "size": [4, 2.78477, 1.6], "pivot": [18, 7, 23], "rotation": [22.5, 0, 0], "uv": [206, 27]},
						{"origin": [14.5, 5.60761, 28.4], "size": [4, 2.78477, 1.6], "uv": [206, 24]},
						{"origin": [14.5, 5.60761, 28.4], "size": [4, 2.78477, 1.6], "pivot": [18, 7, 23], "rotation": [-22.5, 0, 0], "uv": [206, 21]},
						{"origin": [14.5, 5.60761, 28.4], "size": [4, 2.78477, 1.6], "pivot": [18, 7, 23], "rotation": [-45, 0, 0], "uv": [168, 206]},
						{"origin": [14.5, 0, 21.60761], "size": [4, 1.6, 2.78477], "pivot": [18, 7, 23], "rotation": [22.5, 0, 0], "uv": [118, 177]},
						{"origin": [14.5, 0, 21.60761], "size": [4, 1.6, 2.78477], "uv": [90, 177]},
						{"origin": [14.5, 0, 21.60761], "size": [4, 1.6, 2.78477], "pivot": [18, 7, 23], "rotation": [-22.5, 0, 0], "uv": [159, 176]},
						{"origin": [14.5, 12.4, 21.60761], "size": [4, 1.6, 2.78477], "pivot": [18, 7, 23], "rotation": [22.5, 0, 0], "uv": [145, 176]},
						{"origin": [14.5, 12.4, 21.60761], "size": [4, 1.6, 2.78477], "uv": [70, 175]},
						{"origin": [14.5, 12.4, 21.60761], "size": [4, 1.6, 2.78477], "pivot": [18, 7, 23], "rotation": [-22.5, 0, 0], "uv": [118, 174]}
					]
				},
				{
					"name": "brl",
					"parent": "backtire1",
					"pivot": [25.5, -1, 15],
					"cubes": [
						{"origin": [15, 5.92587, 17.6], "size": [3, 2.14825, 1], "pivot": [17.5, 7, 23], "rotation": [45, 0, 0], "uv": [119, 214]},
						{"origin": [15, 5.92587, 17.6], "size": [3, 2.14825, 1], "pivot": [17.5, 7, 23], "rotation": [22.5, 0, 0], "uv": [102, 214]},
						{"origin": [15, 5.92587, 17.6], "size": [3, 2.14825, 1], "uv": [94, 214]},
						{"origin": [15, 5.92587, 17.6], "size": [3, 2.14825, 1], "pivot": [17.5, 7, 23], "rotation": [-22.5, 0, 0], "uv": [32, 214]},
						{"origin": [15, 5.92587, 17.6], "size": [3, 2.14825, 1], "pivot": [17.5, 7, 23], "rotation": [-45, 0, 0], "uv": [24, 214]},
						{"origin": [15, 5.92587, 27.4], "size": [3, 2.14825, 1], "pivot": [17.5, 7, 23], "rotation": [45, 0, 0], "uv": [16, 214]},
						{"origin": [15, 5.92587, 27.4], "size": [3, 2.14825, 1], "pivot": [17.5, 7, 23], "rotation": [22.5, 0, 0], "uv": [8, 214]},
						{"origin": [15, 5.92587, 27.4], "size": [3, 2.14825, 1], "uv": [0, 214]},
						{"origin": [15, 5.92587, 27.4], "size": [3, 2.14825, 1], "pivot": [17.5, 7, 23], "rotation": [-22.5, 0, 0], "uv": [213, 149]},
						{"origin": [15, 5.92587, 27.4], "size": [3, 2.14825, 1], "pivot": [17.5, 7, 23], "rotation": [-45, 0, 0], "uv": [213, 134]},
						{"origin": [15, 1.6, 21.92587], "size": [3, 1, 2.14825], "pivot": [17.5, 7, 23], "rotation": [22.5, 0, 0], "uv": [56, 206]},
						{"origin": [15, 1.6, 21.92587], "size": [3, 1, 2.14825], "uv": [46, 206]},
						{"origin": [15, 1.6, 21.92587], "size": [3, 1, 2.14825], "pivot": [17.5, 7, 23], "rotation": [-22.5, 0, 0], "uv": [205, 135]},
						{"origin": [15, 11.4, 21.92587], "size": [3, 1, 2.14825], "pivot": [17.5, 7, 23], "rotation": [22.5, 0, 0], "uv": [205, 115]},
						{"origin": [15, 11.4, 21.92587], "size": [3, 1, 2.14825], "uv": [205, 112]},
						{"origin": [15, 11.4, 21.92587], "size": [3, 1, 2.14825], "pivot": [17.5, 7, 23], "rotation": [-22.5, 0, 0], "uv": [205, 109]}
					]
				},
				{
					"name": "birl",
					"parent": "backtire1",
					"pivot": [25.5, -1, 15],
					"cubes": [
						{"origin": [15, 6.40326, 20], "size": [3, 1.19347, 2], "pivot": [17.5, 7, 23], "rotation": [45, 0, 0], "uv": [205, 89]},
						{"origin": [15, 6.40326, 20], "size": [3, 1.19347, 2], "pivot": [17.5, 7, 23], "rotation": [22.5, 0, 0], "uv": [205, 86]},
						{"origin": [15, 6.40326, 20], "size": [3, 1.19347, 2], "uv": [205, 83]},
						{"origin": [15, 6.40326, 20], "size": [3, 1.19347, 2], "pivot": [17.5, 7, 23], "rotation": [-22.5, 0, 0], "uv": [186, 205]},
						{"origin": [15, 6.40326, 20], "size": [3, 1.19347, 2], "pivot": [17.5, 7, 23], "rotation": [-45, 0, 0], "uv": [158, 205]},
						{"origin": [15, 6.40326, 24], "size": [3, 1.19347, 2], "pivot": [17.5, 7, 23], "rotation": [45, 0, 0], "uv": [148, 205]},
						{"origin": [15, 6.40326, 24], "size": [3, 1.19347, 2], "pivot": [17.5, 7, 23], "rotation": [22.5, 0, 0], "uv": [138, 205]},
						{"origin": [15, 6.40326, 24], "size": [3, 1.19347, 2], "uv": [128, 205]},
						{"origin": [15, 6.40326, 24], "size": [3, 1.19347, 2], "pivot": [17.5, 7, 23], "rotation": [-22.5, 0, 0], "uv": [104, 205]},
						{"origin": [15, 6.40326, 24], "size": [3, 1.19347, 2], "pivot": [17.5, 7, 23], "rotation": [-45, 0, 0], "uv": [8, 205]},
						{"origin": [15, 4, 22.40326], "size": [3, 2, 1.19347], "pivot": [17.5, 7, 23], "rotation": [22.5, 0, 0], "uv": [213, 108]},
						{"origin": [15, 4, 22.40326], "size": [3, 2, 1.19347], "uv": [56, 213]},
						{"origin": [15, 4, 22.40326], "size": [3, 2, 1.19347], "pivot": [17.5, 7, 23], "rotation": [-22.5, 0, 0], "uv": [212, 72]},
						{"origin": [15, 8, 22.40326], "size": [3, 2, 1.19347], "pivot": [17.5, 7, 23], "rotation": [22.5, 0, 0], "uv": [212, 69]},
						{"origin": [15, 8, 22.40326], "size": [3, 2, 1.19347], "uv": [212, 57]},
						{"origin": [15.5, 10, 22.40326], "size": [2, 2, 1.19347], "uv": [0, 217]},
						{"origin": [15.5, 10, 22.40326], "size": [2, 2, 1.19347], "pivot": [20, 7, 23], "rotation": [22.5, 0, 0], "uv": [216, 180]},
						{"origin": [15.5, 10, 22.40326], "size": [2, 2, 1.19347], "pivot": [20, 7, 23], "rotation": [45, 0, 0], "uv": [216, 140]},
						{"origin": [15.5, 10, 22.40326], "size": [2, 2, 1.19347], "pivot": [20, 7, 23], "rotation": [67.5, 0, 0], "uv": [216, 137]},
						{"origin": [15.5, 10, 22.40326], "size": [2, 2, 1.19347], "pivot": [20, 7, 23], "rotation": [90, 0, 0], "uv": [216, 130]},
						{"origin": [15.5, 10, 22.40326], "size": [2, 2, 1.19347], "pivot": [20, 7, 23], "rotation": [112.5, 0, 0], "uv": [216, 42]},
						{"origin": [15.5, 10, 22.40326], "size": [2, 2, 1.19347], "pivot": [20, 7, 23], "rotation": [135, 0, 0], "uv": [216, 35]},
						{"origin": [15.5, 10, 22.40326], "size": [2, 2, 1.19347], "pivot": [20, 7, 23], "rotation": [157.5, 0, 0], "uv": [216, 32]},
						{"origin": [15.5, 10, 22.40326], "size": [2, 2, 1.19347], "pivot": [20, 7, 23], "rotation": [180, 0, 0], "uv": [216, 25]},
						{"origin": [15.5, 10, 22.40326], "size": [2, 2, 1.19347], "pivot": [20, 7, 23], "rotation": [-157.5, 0, 0], "uv": [216, 22]},
						{"origin": [15.5, 10, 22.40326], "size": [2, 2, 1.19347], "pivot": [20, 7, 23], "rotation": [-135, 0, 0], "uv": [216, 216]},
						{"origin": [15.5, 10, 22.40326], "size": [2, 2, 1.19347], "pivot": [20, 7, 23], "rotation": [-112.5, 0, 0], "uv": [88, 216]},
						{"origin": [15.5, 10, 22.40326], "size": [2, 2, 1.19347], "pivot": [20, 7, 23], "rotation": [-90, 0, 0], "uv": [82, 216]},
						{"origin": [15.5, 10, 22.40326], "size": [2, 2, 1.19347], "pivot": [20, 7, 23], "rotation": [-67.5, 0, 0], "uv": [62, 216]},
						{"origin": [15.5, 10, 22.40326], "size": [2, 2, 1.19347], "pivot": [20, 7, 23], "rotation": [-45, 0, 0], "uv": [56, 216]},
						{"origin": [15.5, 10, 22.40326], "size": [2, 2, 1.19347], "pivot": [20, 7, 23], "rotation": [-22.5, 0, 0], "uv": [64, 213]},
						{"origin": [15, 8, 22.40326], "size": [3, 2, 1.19347], "pivot": [17.5, 7, 23], "rotation": [-22.5, 0, 0], "uv": [209, 212]}
					]
				},
				{
					"name": "backtire2",
					"parent": "backtires",
					"pivot": [-17, 7, 23],
					"cubes": [
						{"origin": [-17, 2, 18], "size": [1, 10, 10], "uv": [68, 89]},
						{"origin": [-17.8, 6, 22], "size": [2, 2, 2], "uv": [24, 28]}
					]
				},
				{
					"name": "btr",
					"parent": "backtire2",
					"pivot": [-7, -1, 15],
					"cubes": [
						{"origin": [-18.5, 5.60761, 16], "size": [4, 2.78477, 1.6], "pivot": [-15, 7, 23], "rotation": [45, 0, 0], "uv": [94, 205]},
						{"origin": [-18.5, 5.60761, 16], "size": [4, 2.78477, 1.6], "pivot": [-15, 7, 23], "rotation": [22.5, 0, 0], "uv": [204, 197]},
						{"origin": [-18.5, 5.60761, 16], "size": [4, 2.78477, 1.6], "uv": [204, 158]},
						{"origin": [-18.5, 5.60761, 16], "size": [4, 2.78477, 1.6], "pivot": [-15, 7, 23], "rotation": [-22.5, 0, 0], "uv": [204, 155]},
						{"origin": [-18.5, 5.60761, 16], "size": [4, 2.78477, 1.6], "pivot": [-15, 7, 23], "rotation": [-45, 0, 0], "uv": [204, 152]},
						{"origin": [-18.5, 5.60761, 28.4], "size": [4, 2.78477, 1.6], "pivot": [-15, 7, 23], "rotation": [45, 0, 0], "uv": [204, 106]},
						{"origin": [-18.5, 5.60761, 28.4], "size": [4, 2.78477, 1.6], "pivot": [-15, 7, 23], "rotation": [22.5, 0, 0], "uv": [204, 9]},
						{"origin": [-18.5, 5.60761, 28.4], "size": [4, 2.78477, 1.6], "uv": [204, 6]},
						{"origin": [-18.5, 5.60761, 28.4], "size": [4, 2.78477, 1.6], "pivot": [-15, 7, 23], "rotation": [-22.5, 0, 0], "uv": [204, 3]},
						{"origin": [-18.5, 5.60761, 28.4], "size": [4, 2.78477, 1.6], "pivot": [-15, 7, 23], "rotation": [-45, 0, 0], "uv": [204, 0]},
						{"origin": [-18.5, 0, 21.60761], "size": [4, 1.6, 2.78477], "pivot": [-15, 7, 23], "rotation": [22.5, 0, 0], "uv": [169, 115]},
						{"origin": [-18.5, 0, 21.60761], "size": [4, 1.6, 2.78477], "uv": [162, 13]},
						{"origin": [-18.5, 0, 21.60761], "size": [4, 1.6, 2.78477], "pivot": [-15, 7, 23], "rotation": [-22.5, 0, 0], "uv": [92, 149]},
						{"origin": [-18.5, 12.4, 21.60761], "size": [4, 1.6, 2.78477], "pivot": [-15, 7, 23], "rotation": [22.5, 0, 0], "uv": [92, 146]},
						{"origin": [-18.5, 12.4, 21.60761], "size": [4, 1.6, 2.78477], "uv": [0, 72]},
						{"origin": [-18.5, 12.4, 21.60761], "size": [4, 1.6, 2.78477], "pivot": [-15, 7, 23], "rotation": [-22.5, 0, 0], "uv": [0, 11]}
					]
				},
				{
					"name": "brr",
					"parent": "backtire2",
					"pivot": [-7.5, -1, 15],
					"cubes": [
						{"origin": [-18, 5.92587, 17.6], "size": [3, 2.14825, 1], "pivot": [-15.5, 7, 23], "rotation": [45, 0, 0], "uv": [177, 212]},
						{"origin": [-18, 5.92587, 17.6], "size": [3, 2.14825, 1], "pivot": [-15.5, 7, 23], "rotation": [22.5, 0, 0], "uv": [169, 212]},
						{"origin": [-18, 5.92587, 17.6], "size": [3, 2.14825, 1], "uv": [161, 212]},
						{"origin": [-18, 5.92587, 17.6], "size": [3, 2.14825, 1], "pivot": [-15.5, 7, 23], "rotation": [-22.5, 0, 0], "uv": [112, 212]},
						{"origin": [-18, 5.92587, 17.6], "size": [3, 2.14825, 1], "pivot": [-15.5, 7, 23], "rotation": [-45, 0, 0], "uv": [48, 212]},
						{"origin": [-18, 5.92587, 27.4], "size": [3, 2.14825, 1], "pivot": [-15.5, 7, 23], "rotation": [45, 0, 0], "uv": [40, 212]},
						{"origin": [-18, 5.92587, 27.4], "size": [3, 2.14825, 1], "pivot": [-15.5, 7, 23], "rotation": [22.5, 0, 0], "uv": [211, 54]},
						{"origin": [-18, 5.92587, 27.4], "size": [3, 2.14825, 1], "uv": [211, 51]},
						{"origin": [-18, 5.92587, 27.4], "size": [3, 2.14825, 1], "pivot": [-15.5, 7, 23], "rotation": [-22.5, 0, 0], "uv": [185, 211]},
						{"origin": [-18, 5.92587, 27.4], "size": [3, 2.14825, 1], "pivot": [-15.5, 7, 23], "rotation": [-45, 0, 0], "uv": [153, 211]},
						{"origin": [-18, 1.6, 21.92587], "size": [3, 1, 2.14825], "pivot": [-15.5, 7, 23], "rotation": [22.5, 0, 0], "uv": [120, 204]},
						{"origin": [-18, 1.6, 21.92587], "size": [3, 1, 2.14825], "uv": [0, 204]},
						{"origin": [-18, 1.6, 21.92587], "size": [3, 1, 2.14825], "pivot": [-15.5, 7, 23], "rotation": [-22.5, 0, 0], "uv": [58, 203]},
						{"origin": [-18, 11.4, 21.92587], "size": [3, 1, 2.14825], "pivot": [-15.5, 7, 23], "rotation": [22.5, 0, 0], "uv": [48, 203]},
						{"origin": [-18, 11.4, 21.92587], "size": [3, 1, 2.14825], "uv": [202, 55]},
						{"origin": [-18, 11.4, 21.92587], "size": [3, 1, 2.14825], "pivot": [-15.5, 7, 23], "rotation": [-22.5, 0, 0], "uv": [202, 52]}
					]
				},
				{
					"name": "birr",
					"parent": "backtire2",
					"pivot": [-7.5, -1, 15],
					"cubes": [
						{"origin": [-18, 6.40326, 20], "size": [3, 1.19347, 2], "pivot": [-15.5, 7, 23], "rotation": [45, 0, 0], "uv": [201, 78]},
						{"origin": [-18, 6.40326, 20], "size": [3, 1.19347, 2], "pivot": [-15.5, 7, 23], "rotation": [22.5, 0, 0], "uv": [94, 201]},
						{"origin": [-18, 6.40326, 20], "size": [3, 1.19347, 2], "uv": [112, 200]},
						{"origin": [-18, 6.40326, 20], "size": [3, 1.19347, 2], "pivot": [-15.5, 7, 23], "rotation": [-22.5, 0, 0], "uv": [197, 194]},
						{"origin": [-18, 6.40326, 20], "size": [3, 1.19347, 2], "pivot": [-15.5, 7, 23], "rotation": [-45, 0, 0], "uv": [196, 43]},
						{"origin": [-18, 6.40326, 24], "size": [3, 1.19347, 2], "pivot": [-15.5, 7, 23], "rotation": [45, 0, 0], "uv": [195, 64]},
						{"origin": [-18, 6.40326, 24], "size": [3, 1.19347, 2], "pivot": [-15.5, 7, 23], "rotation": [22.5, 0, 0], "uv": [193, 115]},
						{"origin": [-18, 6.40326, 24], "size": [3, 1.19347, 2], "uv": [192, 168]},
						{"origin": [-18, 6.40326, 24], "size": [3, 1.19347, 2], "pivot": [-15.5, 7, 23], "rotation": [-22.5, 0, 0], "uv": [168, 165]},
						{"origin": [-18, 6.40326, 24], "size": [3, 1.19347, 2], "pivot": [-15.5, 7, 23], "rotation": [-45, 0, 0], "uv": [45, 118]},
						{"origin": [-18, 4, 22.40326], "size": [3, 2, 1.19347], "pivot": [-15.5, 7, 23], "rotation": [22.5, 0, 0], "uv": [145, 211]},
						{"origin": [-18, 4, 22.40326], "size": [3, 2, 1.19347], "uv": [137, 211]},
						{"origin": [-18, 4, 22.40326], "size": [3, 2, 1.19347], "pivot": [-15.5, 7, 23], "rotation": [-22.5, 0, 0], "uv": [129, 211]},
						{"origin": [-18, 8, 22.40326], "size": [3, 2, 1.19347], "pivot": [-15.5, 7, 23], "rotation": [22.5, 0, 0], "uv": [121, 211]},
						{"origin": [-18, 8, 22.40326], "size": [3, 2, 1.19347], "uv": [104, 211]},
						{"origin": [-17.5, 10, 22.40326], "size": [2, 2, 1.19347], "uv": [64, 209]},
						{"origin": [-17.5, 10, 22.40326], "size": [2, 2, 1.19347], "pivot": [-13, 7, 23], "rotation": [22.5, 0, 0], "uv": [104, 201]},
						{"origin": [-17.5, 10, 22.40326], "size": [2, 2, 1.19347], "pivot": [-13, 7, 23], "rotation": [45, 0, 0], "uv": [200, 72]},
						{"origin": [-17.5, 10, 22.40326], "size": [2, 2, 1.19347], "pivot": [-13, 7, 23], "rotation": [67.5, 0, 0], "uv": [200, 69]},
						{"origin": [-17.5, 10, 22.40326], "size": [2, 2, 1.19347], "pivot": [-13, 7, 23], "rotation": [90, 0, 0], "uv": [122, 200]},
						{"origin": [-17.5, 10, 22.40326], "size": [2, 2, 1.19347], "pivot": [-13, 7, 23], "rotation": [112.5, 0, 0], "uv": [196, 16]},
						{"origin": [-17.5, 10, 22.40326], "size": [2, 2, 1.19347], "pivot": [-13, 7, 23], "rotation": [135, 0, 0], "uv": [174, 194]},
						{"origin": [-17.5, 10, 22.40326], "size": [2, 2, 1.19347], "pivot": [-13, 7, 23], "rotation": [157.5, 0, 0], "uv": [16, 192]},
						{"origin": [-17.5, 10, 22.40326], "size": [2, 2, 1.19347], "pivot": [-13, 7, 23], "rotation": [180, 0, 0], "uv": [42, 184]},
						{"origin": [-17.5, 10, 22.40326], "size": [2, 2, 1.19347], "pivot": [-13, 7, 23], "rotation": [-157.5, 0, 0], "uv": [150, 179]},
						{"origin": [-17.5, 10, 22.40326], "size": [2, 2, 1.19347], "pivot": [-13, 7, 23], "rotation": [-135, 0, 0], "uv": [172, 0]},
						{"origin": [-17.5, 10, 22.40326], "size": [2, 2, 1.19347], "pivot": [-13, 7, 23], "rotation": [-112.5, 0, 0], "uv": [9, 130]},
						{"origin": [-17.5, 10, 22.40326], "size": [2, 2, 1.19347], "pivot": [-13, 7, 23], "rotation": [-90, 0, 0], "uv": [0, 130]},
						{"origin": [-17.5, 10, 22.40326], "size": [2, 2, 1.19347], "pivot": [-13, 7, 23], "rotation": [-67.5, 0, 0], "uv": [16, 65]},
						{"origin": [-17.5, 10, 22.40326], "size": [2, 2, 1.19347], "pivot": [-13, 7, 23], "rotation": [-45, 0, 0], "uv": [9, 45]},
						{"origin": [-17.5, 10, 22.40326], "size": [2, 2, 1.19347], "pivot": [-13, 7, 23], "rotation": [-22.5, 0, 0], "uv": [0, 45]},
						{"origin": [-18, 8, 22.40326], "size": [3, 2, 1.19347], "pivot": [-15.5, 7, 23], "rotation": [-22.5, 0, 0], "uv": [18, 118]}
					]
				}
			]
		}
	]
}