{
	"format_version": "1.12.0",
	"minecraft:geometry": [
		{
			"description": {
				"identifier": "geometry.85saga_m1",
				"texture_width": 256,
				"texture_height": 256,
				"visible_bounds_width": 7,
				"visible_bounds_height": 4,
				"visible_bounds_offset": [0, 1, 0]
			},
			"bones": [
				{
					"name": "front",
					"pivot": [0, 0, -5],
					"cubes": [
						{"origin": [-8, 4.5, -34], "size": [16, 1, 1], "uv": [22, 131]},
						{"origin": [8, 4.5, -34], "size": [10, 1, 1], "uv": [90, 75]},
						{"origin": [17, 4.5, -38], "size": [1, 1, 4], "uv": [24, 191]},
						{"origin": [17, 5.5, -38], "size": [1, 6, 5], "uv": [0, 61]},
						{"origin": [17.1, 10.5, -40], "size": [1, 1, 8], "uv": [195, 105]},
						{"origin": [-18.1, 10.5, -40], "size": [1, 1, 8], "uv": [195, 32]},
						{"origin": [17.1, 10.5, -18], "size": [1, 1, 6], "uv": [51, 177]},
						{"origin": [-18.1, 10.5, -18], "size": [1, 1, 6], "uv": [116, 168]},
						{"origin": [17.1, 10.5, 8], "size": [1, 1, 8], "uv": [194, 149]},
						{"origin": [-18.1, 10.5, 8], "size": [1, 1, 8], "uv": [194, 137]},
						{"origin": [17.1, 10.5, 30], "size": [1, 1, 10], "uv": [24, 192]},
						{"origin": [-18.1, 10.5, 30], "size": [1, 1, 10], "uv": [191, 191]},
						{"origin": [-18, 5.5, -38], "size": [1, 6, 5], "uv": [0, 0]},
						{"origin": [17, 11.5, -37], "size": [1, 4, 4], "uv": [80, 89]},
						{"origin": [-18, 11.5, -37], "size": [1, 4, 4], "uv": [68, 89]},
						{"origin": [-18, 14.6, -34], "size": [1, 1, 1], "uv": [75, 204]},
						{"origin": [17, 14.6, -34], "size": [1, 1, 1], "uv": [65, 204]},
						{"origin": [17, 6.5, -38.2], "size": [1, 1, 1], "uv": [8, 204]},
						{"origin": [-18, 6.5, -38.2], "size": [1, 1, 1], "uv": [199, 109]},
						{"origin": [16.99, 11.5, -37.8], "size": [1, 1, 1], "uv": [199, 37]},
						{"origin": [-17.99, 11.5, -37.8], "size": [1, 1, 1], "uv": [198, 185]},
						{"origin": [17, 7.5, -39], "size": [1, 4, 1], "uv": [99, 212]},
						{"origin": [-18, 7.5, -39], "size": [1, 4, 1], "uv": [95, 212]},
						{"origin": [17, 8.5, -40], "size": [1, 3, 1], "uv": [40, 169]},
						{"origin": [-18, 8.5, -40], "size": [1, 3, 1], "uv": [34, 169]},
						{"origin": [17, 10.58, -40.859], "size": [1, 1, 3], "uv": [206, 46]},
						{"origin": [17, 11.58, -38.859], "size": [1, 0, 1], "pivot": [18, 11.6, -38.9], "rotation": [-17.5, 0, 0], "uv": [2, 0]},
						{"origin": [17, 15.38021, -37.74346], "size": [1, 1, 1], "pivot": [18, 15.3, -37.7], "rotation": [-52.5, 0, 0], "uv": [5, 198]},
						{"origin": [8, 15.34, -37.625], "size": [9, 1, 1], "pivot": [17, 15.4, -37.6], "rotation": [-52.5, 0, 0], "uv": [90, 80]},
						{"origin": [-8, 15.34, -37.625], "size": [16, 1, 1], "pivot": [8, 15.4, -37.6], "rotation": [-52.5, 0, 0], "uv": [34, 86]},
						{"origin": [-17, 15.34, -37.625], "size": [9, 1, 1], "pivot": [-8, 15.4, -37.6], "rotation": [-52.5, 0, 0], "uv": [68, 86]},
						{"origin": [-18, 15.34, -37.625], "size": [1, 1, 1], "pivot": [-17, 15.4, -37.6], "rotation": [-52.5, 0, 0], "uv": [196, 41]},
						{"origin": [17, 16.026, -36.884], "size": [1, 2, 1], "pivot": [18, 16, -36.9], "rotation": [-77.5, 0, 0], "uv": [181, 106]},
						{"origin": [-18, 16.026, -36.884], "size": [1, 2, 1], "pivot": [-17, 16, -36.9], "rotation": [-77.5, 0, 0], "uv": [181, 101]},
						{"origin": [-8, 16.026, -36.884], "size": [16, 2, 1], "pivot": [-7, 16, -36.9], "rotation": [-77.5, 0, 0], "uv": [0, 179]},
						{"origin": [-17, 16.026, -36.884], "size": [9, 2, 1], "pivot": [-16, 16, -36.9], "rotation": [-77.5, 0, 0], "uv": [64, 154]},
						{"origin": [8, 16.026, -36.884], "size": [9, 2, 1], "pivot": [9, 16, -36.9], "rotation": [-77.5, 0, 0], "uv": [64, 151]},
						{"origin": [17, 16.38683, -34.92636], "size": [1, 20, 1], "pivot": [18, 16.4, -34.9], "rotation": [-85, 0, 0], "uv": [22, 94]},
						{"origin": [17, 18.20568, -14.96761], "size": [1, 2, 1], "pivot": [18, 18.2, -15], "rotation": [-90, 0, 0], "uv": [69, 181]},
						{"origin": [17, 18.20568, -12.96761], "size": [1, 1, 1], "pivot": [18, 18.2, -13], "rotation": [-132.5, 0, 0], "uv": [41, 196]},
						{"origin": [-17, 18.20568, -12.96761], "size": [34, 1, 1], "pivot": [17, 18.2, -13], "rotation": [-132.5, 0, 0], "uv": [120, 133]},
						{"origin": [-18, 18.20568, -12.96761], "size": [1, 1, 1], "pivot": [-17, 18.2, -13], "rotation": [-132.5, 0, 0], "uv": [158, 195]},
						{"origin": [-18, 18.20568, -14.96761], "size": [1, 2, 1], "pivot": [-17, 18.2, -15], "rotation": [-90, 0, 0], "uv": [178, 95]},
						{"origin": [-17, 18.20568, -14.96761], "size": [9, 2, 1], "pivot": [-16, 18.2, -15], "rotation": [-90, 0, 0], "uv": [29, 118]},
						{"origin": [8, 18.20568, -14.96761], "size": [9, 2, 1], "pivot": [9, 18.2, -15], "rotation": [-90, 0, 0], "uv": [90, 77]},
						{"origin": [-8, 18.60568, -14.92], "size": [16, 3, 1], "pivot": [-7, 18.6, -15], "rotation": [-90, 0, 0], "uv": [178, 15]},
						{"origin": [-18, 16.38683, -34.92636], "size": [1, 20, 1], "pivot": [-17, 16.4, -34.9], "rotation": [-85, 0, 0], "uv": [90, 90]},
						{"origin": [-17, 16.38683, -34.92636], "size": [9, 20, 1], "pivot": [-16, 16.4, -34.9], "rotation": [-85, 0, 0], "uv": [67, 61]},
						{"origin": [-8, 16.38683, -34.92636], "size": [16, 20, 1], "pivot": [-7, 16.4, -34.9], "rotation": [-84, 0, 0], "uv": [29, 94]},
						{"origin": [8, 16.38683, -34.92636], "size": [9, 20, 1], "pivot": [9, 16.4, -34.9], "rotation": [-85, 0, 0], "uv": [34, 61]},
						{"origin": [-18, 12.58, -38.859], "size": [8, 3, 1], "pivot": [-16, 11.6, -38.9], "rotation": [-17.5, 0, 0], "uv": [18, 164]},
						{"origin": [-18, 12.08, -38.859], "size": [8, 1, 1], "pivot": [-16, 11.6, -38.9], "rotation": [-17.5, 0, 0], "uv": [158, 53]},
						{"origin": [10, 12.08, -38.859], "size": [8, 1, 1], "pivot": [11, 11.6, -38.9], "rotation": [-17.5, 0, 0], "uv": [158, 8]},
						{"origin": [10, 12.71885, -37.95688], "size": [8, 3, 1], "pivot": [11, 14.6, -38.9], "rotation": [-17.5, 0, 0], "uv": [158, 4]},
						{"origin": [17.01, 12.39503, -37.66078], "size": [1, 3, 1], "uv": [168, 84]},
						{"origin": [-18.01, 12.39503, -37.66078], "size": [1, 3, 1], "uv": [164, 152]},
						{"origin": [17.015, 11.72, -37.76078], "size": [1, 1, 1], "uv": [194, 116]},
						{"origin": [-18.015, 11.72, -37.76078], "size": [1, 1, 1], "uv": [24, 193]},
						{"origin": [10, 11.08, -38.859], "size": [8, 1, 1], "pivot": [11, 11.6, -38.9], "rotation": [-17.5, 0, 0], "uv": [44, 151]},
						{"origin": [-10, 12.58, -38.859], "size": [20, 3, 1], "pivot": [4, 11.6, -38.9], "rotation": [-17.5, 0, 0], "uv": [158, 0]},
						{"origin": [-9, 11.58, -38.559], "size": [18, 2, 1], "pivot": [4, 11.6, -38.6], "rotation": [-17.5, 0, 0], "uv": [164, 164]},
						{"origin": [-10, 11.58, -38.859], "size": [1, 1, 1], "pivot": [4, 11.6, -38.9], "rotation": [-17.5, 0, 0], "uv": [192, 174]},
						{"origin": [9, 11.58, -38.859], "size": [1, 1, 1], "pivot": [23, 11.6, -38.9], "rotation": [-17.5, 0, 0], "uv": [192, 172]},
						{"origin": [-0.5, 11.58, -38.859], "size": [1, 1, 1], "pivot": [13.5, 11.6, -38.9], "rotation": [-17.5, 0, 0], "uv": [192, 169]},
						{"origin": [-18, 11.08, -38.859], "size": [8, 1, 1], "pivot": [-16, 11.6, -38.9], "rotation": [-17.5, 0, 0], "uv": [0, 91]},
						{"origin": [-17, 10.58, -40.859], "size": [34, 1, 3], "uv": [97, 109]},
						{"origin": [-18, 10.58, -40.859], "size": [1, 1, 3], "uv": [206, 42]},
						{"origin": [-18, 4.5, -38], "size": [1, 1, 4], "uv": [117, 187]},
						{"origin": [-17, 4.5, -38], "size": [34, 1, 4], "uv": [97, 89]},
						{"origin": [17, 5.5, -38], "size": [1, 5, 1], "pivot": [16, 5.5, -38], "rotation": [35, 0, 0], "uv": [110, 187]},
						{"origin": [-18, 5.5, -38], "size": [1, 5, 1], "pivot": [-19, 5.5, -38], "rotation": [35, 0, 0], "uv": [175, 185]},
						{"origin": [10, 4.5, -38], "size": [7, 6, 1], "pivot": [15, 5.5, -38], "rotation": [35, 0, 0], "uv": [0, 114]},
						{"origin": [-17, 4.5, -38], "size": [7, 6, 1], "pivot": [-12, 5.5, -38], "rotation": [35, 0, 0], "uv": [68, 109]},
						{"origin": [-10, 5.5, -37.2], "size": [20, 5, 1], "pivot": [-5, 5.5, -37.2], "rotation": [35, 0, 0], "uv": [152, 47]},
						{"origin": [17, 9.59, -40.869], "size": [1, 1, 1], "pivot": [18, 9.6, -40.9], "rotation": [5, 0, 0], "uv": [192, 167]},
						{"origin": [-18, 9.59, -40.869], "size": [1, 1, 1], "pivot": [-17, 9.6, -40.9], "rotation": [5, 0, 0], "uv": [41, 192]},
						{"origin": [-17, 9.59, -40.869], "size": [34, 1, 1], "pivot": [-16, 9.6, -40.9], "rotation": [5, 0, 0], "uv": [120, 131]},
						{"origin": [12, 9.68, -40.954], "size": [4, 1, 1], "uv": [87, 176]},
						{"origin": [-16, 9.68, -40.954], "size": [4, 1, 1], "uv": [87, 173]},
						{"origin": [17, 10.58, -40.954], "size": [1, 1, 1], "pivot": [18, 10.6, -41], "rotation": [-5, 0, 0], "uv": [191, 98]},
						{"origin": [-18, 10.58, -40.954], "size": [1, 1, 1], "pivot": [-17, 10.6, -41], "rotation": [-5, 0, 0], "uv": [191, 91]},
						{"origin": [-17, 10.58, -40.954], "size": [34, 1, 1], "pivot": [-16, 10.6, -41], "rotation": [-5, 0, 0], "uv": [120, 129]},
						{"origin": [-18, 4.5, -34], "size": [10, 1, 1], "uv": [0, 89]},
						{"origin": [12.5, 5.5, -32], "size": [1, 10, 14], "uv": [0, 61]},
						{"origin": [13.5, 6.5, -26], "size": [3, 2, 2], "uv": [198, 49]},
						{"origin": [-16.5, 6.5, -26], "size": [3, 2, 2], "uv": [198, 45]},
						{"origin": [-13.5, 5.5, -32], "size": [1, 10, 14], "uv": [0, 0]}
					]
				},
				{
					"name": "fronttireguard",
					"pivot": [0, 0, 0],
					"cubes": [
						{"origin": [17, 8.5, -33], "size": [1, 8, 1], "uv": [80, 169]},
						{"origin": [-18, 8.5, -33], "size": [1, 8, 1], "uv": [76, 169]},
						{"origin": [-18, 8.5, -18], "size": [1, 8, 1], "uv": [18, 153]},
						{"origin": [17, 8.5, -18], "size": [1, 8, 1], "uv": [112, 73]},
						{"origin": [17, 16.4, -23], "size": [1, 1, 6], "uv": [126, 158]},
						{"origin": [-18, 16.4, -23], "size": [1, 1, 6], "uv": [18, 85]},
						{"origin": [17, 11.5, -19], "size": [1, 5, 1], "uv": [51, 177]},
						{"origin": [17, 11.5, -32], "size": [1, 5, 1], "uv": [116, 167]},
						{"origin": [-18, 11.5, -32], "size": [1, 5, 1], "uv": [9, 161]},
						{"origin": [-18, 11.5, -19], "size": [1, 5, 1], "uv": [0, 161]},
						{"origin": [17, 12.5, -31], "size": [1, 4, 1], "uv": [91, 212]},
						{"origin": [-18, 12.5, -31], "size": [1, 4, 1], "uv": [32, 212]},
						{"origin": [-18, 12.5, -20], "size": [1, 4, 1], "uv": [28, 212]},
						{"origin": [17, 12.5, -20], "size": [1, 4, 1], "uv": [24, 212]},
						{"origin": [17, 13.5, -21], "size": [1, 3, 1], "uv": [80, 143]},
						{"origin": [17, 13.5, -30], "size": [1, 3, 1], "uv": [74, 143]},
						{"origin": [-18, 13.5, -30], "size": [1, 3, 1], "uv": [50, 143]},
						{"origin": [-18, 13.5, -21], "size": [1, 3, 1], "uv": [44, 143]},
						{"origin": [-18, 14.5, -29], "size": [1, 2, 2], "uv": [134, 158]},
						{"origin": [-18, 14.5, -23], "size": [1, 2, 2], "uv": [126, 158]},
						{"origin": [17, 14.5, -29], "size": [1, 2, 2], "uv": [9, 153]},
						{"origin": [17, 14.5, -23], "size": [1, 2, 2], "uv": [50, 122]},
						{"origin": [17, 15.5, -27], "size": [1, 1, 4], "uv": [0, 187]},
						{"origin": [-18, 15.5, -27], "size": [1, 1, 4], "uv": [186, 172]}
					]
				},
				{
					"name": "hexadecagon",
					"parent": "fronttireguard",
					"pivot": [26, -1, -12],
					"cubes": [
						{"origin": [17.5, 5.9087, -33], "size": [1, 3.1826, 1], "pivot": [18, 7.5, -25], "rotation": [-45, 0, 0], "uv": [114, 141]},
						{"origin": [17.5, 5.9087, -18], "size": [1, 3.1826, 1], "pivot": [18, 7.5, -25], "rotation": [45, 0, 0], "uv": [108, 141]},
						{"origin": [17.5, 14.5, -26.5913], "size": [1, 1, 3.1826], "pivot": [18, 7.5, -25], "rotation": [22.5, 0, 0], "uv": [206, 23]},
						{"origin": [17.5, 14.5, -26.5913], "size": [1, 1, 3.1826], "uv": [206, 19]},
						{"origin": [17.5, 14.5, -26.5913], "size": [1, 1, 3.1826], "pivot": [18, 7.5, -25], "rotation": [-22.5, 0, 0], "uv": [205, 173]}
					]
				},
				{
					"name": "ft1",
					"parent": "hexadecagon",
					"pivot": [18.5, 11.5, -31.8],
					"rotation": [0, 0, 2.5],
					"cubes": [
						{"origin": [17.47819, 5.8702, -33.19116], "size": [1, 3.1826, 1], "pivot": [18, 7, -25], "rotation": [-22.5, 0, 0], "uv": [80, 138]},
						{"origin": [17.45642, 4.9068, -33], "size": [1, 4.1826, 1], "pivot": [18.52964, 8.62465, -33], "rotation": [0, 0, 2.5], "uv": [15, 212]},
						{"origin": [17.45642, 4.5068, -33], "size": [1, 1.1826, 1], "pivot": [18.52964, 8.62465, -33], "rotation": [0, 0, 2.5], "uv": [191, 89]}
					]
				},
				{
					"name": "ft2",
					"parent": "hexadecagon",
					"pivot": [18.5, 11.5, -18.2],
					"rotation": [0, 0, 2.5],
					"cubes": [
						{"origin": [17.47819, 5.8702, -17.80884], "size": [1, 3.1826, 1], "pivot": [18, 7, -25], "rotation": [22.5, 0, 0], "uv": [74, 138]},
						{"origin": [17.45642, 4.9068, -18], "size": [1, 4.1826, 1], "pivot": [18.52964, 8.62465, -17], "rotation": [0, 0, 2.5], "uv": [202, 211]},
						{"origin": [17.45642, 4.5068, -18], "size": [1, 1.1826, 1], "pivot": [18.52964, 8.62465, -17], "rotation": [0, 0, 2.5], "uv": [191, 86]}
					]
				},
				{
					"name": "hexadecagon4",
					"parent": "fronttireguard",
					"pivot": [-10, -1, -12],
					"cubes": [
						{"origin": [-18.5, 5.9087, -33], "size": [1, 3.1826, 1], "pivot": [-18, 7.5, -25], "rotation": [-45, 0, 0], "uv": [50, 138]},
						{"origin": [-18.5, 5.9087, -18], "size": [1, 3.1826, 1], "pivot": [-18, 7.5, -25], "rotation": [45, 0, 0], "uv": [44, 138]},
						{"origin": [-18.5, 14.5, -26.5913], "size": [1, 1, 3.1826], "pivot": [-18, 7.5, -25], "rotation": [22.5, 0, 0], "uv": [205, 205]},
						{"origin": [-18.5, 14.5, -26.5913], "size": [1, 1, 3.1826], "uv": [94, 205]},
						{"origin": [-18.5, 14.5, -26.5913], "size": [1, 1, 3.1826], "pivot": [-18, 7.5, -25], "rotation": [-22.5, 0, 0], "uv": [0, 198]}
					]
				},
				{
					"name": "ft3",
					"parent": "hexadecagon4",
					"pivot": [-18.5, 11.5, -31.8],
					"rotation": [0, 0, -2.5],
					"cubes": [
						{"origin": [-18.47819, 5.8702, -33.19116], "size": [1, 3.1826, 1], "pivot": [-18, 7, -25], "rotation": [-22.5, 0, 0], "uv": [114, 136]},
						{"origin": [-18.45642, 4.9068, -33], "size": [1, 4.1826, 1], "pivot": [-18.47036, 8.62465, -33], "rotation": [0, 0, -2.5], "uv": [198, 211]},
						{"origin": [-18.45642, 4.5068, -33], "size": [1, 1.1826, 1], "pivot": [-18.47036, 8.62465, -33], "rotation": [0, 0, -2.5], "uv": [191, 84]}
					]
				},
				{
					"name": "ft4",
					"parent": "hexadecagon4",
					"pivot": [-18.5, 11.5, -18.2],
					"rotation": [0, 0, -2.5],
					"cubes": [
						{"origin": [-18.47819, 5.8702, -17.80884], "size": [1, 3.1826, 1], "pivot": [-18, 7, -25], "rotation": [22.5, 0, 0], "uv": [108, 136]},
						{"origin": [-18.45642, 4.9068, -18], "size": [1, 4.1826, 1], "pivot": [-18.47036, 8.62465, -17], "rotation": [0, 0, -2.5], "uv": [186, 210]},
						{"origin": [-18.45642, 4.5068, -18], "size": [1, 1.1826, 1], "pivot": [-18.47036, 8.62465, -17], "rotation": [0, 0, -2.5], "uv": [30, 191]}
					]
				},
				{
					"name": "hexadecagon5",
					"parent": "fronttireguard",
					"pivot": [-9, -1, -12],
					"cubes": [
						{"origin": [-17.5, 5.9087, -33], "size": [35, 3.1826, 1], "pivot": [-17, 7.5, -25], "rotation": [-45, 0, 0], "uv": [119, 67]},
						{"origin": [-17.5, 5.9087, -18], "size": [35, 3.1826, 1], "pivot": [-17, 7.5, -25], "rotation": [45, 0, 0], "uv": [119, 63]},
						{"origin": [-17.5, 14.5, -26.5913], "size": [35, 1, 3.1826], "pivot": [-17, 7.5, -25], "rotation": [22.5, 0, 0], "uv": [100, 17]},
						{"origin": [-17.5, 14.5, -26.5913], "size": [35, 1, 3.1826], "uv": [100, 13]},
						{"origin": [-17.5, 14.5, -26.5913], "size": [35, 1, 3.1826], "pivot": [-17, 7.5, -25], "rotation": [-22.5, 0, 0], "uv": [90, 84]}
					]
				},
				{
					"name": "ft5",
					"parent": "hexadecagon5",
					"pivot": [-17.5, 11.5, -31.8],
					"cubes": [
						{"origin": [-17.5, 5.9087, -33], "size": [35, 3.1826, 1], "pivot": [-17, 7.5, -25], "rotation": [-22.5, 0, 0], "uv": [119, 59]},
						{"origin": [-17.5, 4.9087, -33], "size": [35, 4.1826, 1], "uv": [118, 119]},
						{"origin": [-17.5, 4.5087, -33], "size": [35, 1.1826, 1], "uv": [119, 80]}
					]
				},
				{
					"name": "ft6",
					"parent": "hexadecagon5",
					"pivot": [-17.5, 11.5, -18.2],
					"cubes": [
						{"origin": [-17.5, 5.9087, -18], "size": [35, 3.1826, 1], "pivot": [-17, 7.5, -25], "rotation": [22.5, 0, 0], "uv": [119, 55]},
						{"origin": [-17.5, 4.9087, -18], "size": [35, 4.1826, 1], "uv": [97, 113]},
						{"origin": [-17.5, 4.5087, -18], "size": [35, 1.1826, 1], "uv": [119, 78]}
					]
				},
				{
					"name": "mid",
					"pivot": [0, 0, 0],
					"cubes": [
						{"origin": [-13, 4.5, 15], "size": [26, 1, 16], "pivot": [-3, 4.5, 15], "rotation": [3.5, 0, 0], "uv": [0, 33]},
						{"origin": [-13.5, 4.5, 15], "size": [1, 1, 16], "pivot": [-3.5, 4.5, 15], "rotation": [3.5, 0, 0], "uv": [58, 169]},
						{"origin": [12.5, 4.5, 15], "size": [1, 1, 16], "pivot": [22.5, 4.5, 15], "rotation": [3.5, 0, 0], "uv": [168, 168]},
						{"origin": [-17, 4.5, -17], "size": [34, 1, 32], "uv": [0, 0]},
						{"origin": [-13, 5.4, -32], "size": [26, 1, 14], "uv": [68, 33]},
						{"origin": [3, 11.5, -13], "size": [13, 6, 5], "uv": [92, 176]},
						{"origin": [-17, 5.5, -13], "size": [34, 11, 1], "uv": [97, 97]},
						{"origin": [-16, 11.5, -13], "size": [13, 1, 5], "uv": [178, 4]},
						{"origin": [-16, 12.5, -9], "size": [1, 5, 1], "pivot": [-16, 12.5, -8], "rotation": [12, 0, 0], "uv": [0, 153]},
						{"origin": [-16, 12.5, -13], "size": [1, 5, 4], "uv": [0, 50]},
						{"origin": [-15, 12.5, -13], "size": [12, 5, 4], "uv": [22, 122]},
						{"origin": [-3, 5.5, -12], "size": [6, 4, 21], "uv": [34, 61]},
						{"origin": [-3, 5.5, -13], "size": [6, 12, 5], "uv": [128, 180]},
						{"origin": [16, 16.5, -17], "size": [1, 1, 5], "uv": [12, 182]},
						{"origin": [-17, 16.5, -17], "size": [1, 1, 5], "uv": [36, 177]},
						{"origin": [17, 4.5, -17], "size": [1, 13, 5], "uv": [122, 197]},
						{"origin": [-18, 4.5, -17], "size": [1, 13, 5], "uv": [157, 195]},
						{"origin": [17, 4.5, -12], "size": [1, 2, 27], "uv": [90, 55]},
						{"origin": [17.1, 4.5, -17], "size": [1, 1, 32], "uv": [0, 61]},
						{"origin": [-18.1, 4.5, -17], "size": [1, 1, 32], "uv": [56, 56]},
						{"origin": [-18, 4.5, -12], "size": [1, 2, 27], "uv": [39, 89]},
						{"origin": [16, 5.5, -12], "size": [1, 1, 27], "uv": [0, 94]},
						{"origin": [16, 6.5, 8], "size": [1, 11, 7], "uv": [89, 187]},
						{"origin": [17, 6.5, 8], "size": [1, 11, 7], "uv": [73, 186]},
						{"origin": [-18, 6.5, 8], "size": [1, 11, 7], "uv": [57, 186]},
						{"origin": [-17, 16.5, 15], "size": [1, 1, 13], "uv": [36, 178]},
						{"origin": [-16, 16.5, 26], "size": [32, 1, 2], "uv": [134, 32]},
						{"origin": [-16, 17.5, 27], "size": [32, 1, 1], "uv": [134, 38]},
						{"origin": [16, 16.5, 15], "size": [1, 1, 13], "uv": [21, 177]},
						{"origin": [-17, 6.5, 8], "size": [1, 11, 7], "uv": [175, 185]},
						{"origin": [-17, 5.5, -12], "size": [1, 1, 27], "uv": [68, 91]}
					]
				},
				{
					"name": "cabinex",
					"parent": "mid",
					"pivot": [0, 0, 0],
					"cubes": [
						{"origin": [16, 17.5, -13], "size": [1, 16, 1], "pivot": [17, 17.5, -13], "rotation": [-52.5, -5, 0], "uv": [138, 198]},
						{"origin": [15, 17.5, -13], "size": [1, 16, 1], "pivot": [17, 17.5, -13], "rotation": [-52.5, -5, 0], "uv": [117, 198]},
						{"origin": [-15, 32.5, -13.05], "size": [30, 1, 1], "pivot": [15, 17.5, -13], "rotation": [-52.5, 0, 0], "uv": [146, 82]},
						{"origin": [-15, 17.5, -13], "size": [30, 2, 1], "pivot": [15, 17.5, -13], "rotation": [-52.5, 0, 0], "uv": [134, 40]},
						{"origin": [14.89765, 27.26074, -0.426], "size": [1, 1, 1], "pivot": [15.9, 27.2, -0.4], "rotation": [-72.5, 0, 0], "uv": [24, 191]},
						{"origin": [14.89765, 27.16074, -0.426], "size": [1, 1, 1], "pivot": [15.9, 27.2, -0.4], "rotation": [-72.5, 0, 0], "uv": [178, 190]},
						{"origin": [-15.8977, 27.26074, -0.426], "size": [1, 1, 1], "pivot": [-14.1, 27.2, -0.4], "rotation": [-72.5, 0, 0], "uv": [123, 189]},
						{"origin": [-15.8977, 27.16074, -0.426], "size": [1, 1, 1], "pivot": [-14.1, 27.2, -0.4], "rotation": [-72.5, 0, 0], "uv": [117, 189]},
						{"origin": [-15, 27.26074, -0.426], "size": [30, 1, 1], "pivot": [-13.1, 27.2, -0.4], "rotation": [-72.5, 0, 0], "uv": [44, 136]},
						{"origin": [14.89765, 27.5, 0.556], "size": [1, 16, 1], "pivot": [15.9, 27.5, 0.6], "rotation": [-90, 0, 0], "uv": [113, 198]},
						{"origin": [14.89765, 25.5, 7.556], "size": [1, 1, 10], "pivot": [15.9, 26.5, 8.6], "rotation": [-90, 0, -7.5], "uv": [12, 191]},
						{"origin": [-15.8977, 25.5, 7.556], "size": [1, 1, 10], "pivot": [-15.9, 26.5, 8.6], "rotation": [-90, 0, 7.5], "uv": [188, 114]},
						{"origin": [-15.8977, 25.5, 9.656], "size": [1, 1, 8], "pivot": [-15.9, 26.5, 9.6], "rotation": [-90, 0, 7.5], "uv": [194, 125]},
						{"origin": [-15.8977, 27.5, 15.656], "size": [1, 17, 1], "pivot": [-15.9, 26.5, 7.6], "rotation": [-90, 0, 7.5], "uv": [169, 195]},
						{"origin": [14.89765, 34.5, 0.556], "size": [1, 5, 1], "pivot": [15.9, 26.5, 0.6], "rotation": [-90, 0, 0], "uv": [151, 147]},
						{"origin": [-15.8977, 34.5, 0.556], "size": [1, 5, 1], "pivot": [17.9, 26.5, 0.6], "rotation": [-90, 0, 0], "uv": [142, 147]},
						{"origin": [-15.8977, 38.8, 0.556], "size": [1, 1, 1], "pivot": [17.9, 26.5, 0.6], "rotation": [-90, 0, 0], "uv": [92, 189]},
						{"origin": [14.89765, 38.8, 0.556], "size": [1, 1, 1], "pivot": [15.9, 26.5, 0.6], "rotation": [-90, 0, 0], "uv": [76, 189]},
						{"origin": [-15.00235, 27.5, 0.556], "size": [30, 16, 1], "pivot": [14.7, 27.5, 0.6], "rotation": [-90, 0, 0], "uv": [56, 119]},
						{"origin": [-15.8977, 27.5, 0.556], "size": [1, 16, 1], "pivot": [-13.1, 27.5, 0.6], "rotation": [-90, 0, 0], "uv": [109, 198]},
						{"origin": [14.89765, 9.5, 33.656], "size": [1, 17, 1], "pivot": [15.9, 26.5, 25.6], "rotation": [-90, 0, -7.5], "uv": [158, 147]},
						{"origin": [14.89765, 9.5, 25.656], "size": [1, 1, 8], "pivot": [15.9, 26.5, 25.6], "rotation": [-90, 0, -7.5], "uv": [165, 169]},
						{"origin": [14.89765, 27.5, 16.556], "size": [1, 1, 1], "pivot": [15.9, 27.5, 16.6], "rotation": [-117.5, 0, 0], "uv": [6, 189]},
						{"origin": [-15, 27.5, 16.556], "size": [30, 1, 1], "pivot": [15.9, 27.5, 16.6], "rotation": [-117.5, 0, 0], "uv": [134, 45]},
						{"origin": [14.89765, 26.5, 17.556], "size": [1, 2, 1], "pivot": [15.9, 27.5, 16.6], "rotation": [-117.5, 0, 0], "uv": [70, 177]},
						{"origin": [14.89765, 25.8, 17.556], "size": [1, 1, 1], "pivot": [15.9, 27.5, 16.6], "rotation": [-117.5, 0, 0], "uv": [0, 189]},
						{"origin": [14.89765, 25.5, 18.556], "size": [1, 3, 1], "pivot": [15.9, 27.5, 16.6], "rotation": [-117.5, 0, 0], "uv": [38, 133]},
						{"origin": [-15.8977, 25.5, 18.556], "size": [1, 3, 1], "pivot": [15.9, 27.5, 16.6], "rotation": [-117.5, 0, 0], "uv": [32, 133]},
						{"origin": [-15.8977, 27.5, 16.556], "size": [1, 1, 1], "pivot": [-14.1, 27.5, 16.6], "rotation": [-117.5, 0, 0], "uv": [188, 144]},
						{"origin": [-15.8977, 26.5, 17.556], "size": [1, 2, 1], "pivot": [-14.1, 27.5, 16.6], "rotation": [-117.5, 0, 0], "uv": [170, 152]},
						{"origin": [-15.8977, 25.8, 17.556], "size": [1, 1, 1], "pivot": [-14.1, 27.5, 16.6], "rotation": [-117.5, 0, 0], "uv": [188, 142]},
						{"origin": [-15.8977, 27.11699, 17.51677], "size": [1, 14, 1], "pivot": [-15.9, 27.1, 17.5], "rotation": [-127.5, -5, 2.5], "uv": [53, 202]},
						{"origin": [-15, 27.11699, 17.51677], "size": [30, 1, 1], "pivot": [-14.3, 27.1, 17.5], "rotation": [-127.5, 0, 0], "uv": [134, 43]},
						{"origin": [-16, 39.11699, 17.51677], "size": [32, 2, 1], "pivot": [-14.3, 27.1, 17.5], "rotation": [-127.5, 0, 0], "uv": [134, 35]},
						{"origin": [-14.8977, 27.11699, 17.51677], "size": [1, 14, 1], "pivot": [-15.9, 27.1, 17.5], "rotation": [-127.5, -5, 2.5], "uv": [49, 202]},
						{"origin": [-15.8977, 27.11699, 19.51677], "size": [1, 13, 1], "pivot": [-15.9, 27.1, 17.5], "rotation": [-127.5, -5, 2.5], "uv": [194, 202]},
						{"origin": [-15.8977, 27.11699, 18.51677], "size": [1, 14, 1], "pivot": [-15.9, 27.1, 17.5], "rotation": [-127.5, -5, 2.5], "uv": [45, 202]},
						{"origin": [14.89765, 27.11699, 17.51677], "size": [1, 14, 1], "pivot": [15.9, 27.1, 17.5], "rotation": [-127.5, 5, -2.5], "uv": [20, 202]},
						{"origin": [13.89765, 27.11699, 17.51677], "size": [1, 14, 1], "pivot": [15.9, 27.1, 17.5], "rotation": [-127.5, 5, -2.5], "uv": [150, 198]},
						{"origin": [14.89765, 27.11699, 18.5168], "size": [1, 14, 1], "pivot": [15.9, 27.1, 17.5], "rotation": [-127.5, 5, -2.5], "uv": [146, 198]},
						{"origin": [14.89765, 27.11699, 19.5168], "size": [1, 13, 1], "pivot": [15.9, 27.1, 17.5], "rotation": [-127.5, 5, -2.5], "uv": [190, 202]},
						{"origin": [-17, 17.5, -13], "size": [1, 16, 1], "pivot": [-17, 17.5, -13], "rotation": [-52.5, 5, 0], "uv": [105, 198]},
						{"origin": [-16, 17.5, -13], "size": [1, 16, 1], "pivot": [-17, 17.5, -13], "rotation": [-52.5, 5, 0], "uv": [134, 197]}
					]
				},
				{
					"name": "leftdoor",
					"parent": "cabinex",
					"pivot": [18, 17, -12],
					"cubes": [
						{"origin": [17, 6.5, -12], "size": [1, 11, 20], "uv": [64, 138]},
						{"origin": [16, 6.5, -12], "size": [1, 11, 20], "uv": [22, 133]},
						{"origin": [16, 18.5, -12], "size": [1, 15, 1], "pivot": [17, 17.5, -13], "rotation": [-52.5, -5, 0], "uv": [142, 198]},
						{"origin": [14.89765, 10.5, 14.656], "size": [1, 17, 1], "pivot": [15.9, 26.5, 6.6], "rotation": [-90, 0, -7.5], "uv": [16, 122]},
						{"origin": [15.95042, 17.5, -9.40609], "size": [1, 1, 1], "pivot": [16.9, 18.5, -9.4], "rotation": [-90, 17.5, -7.5], "uv": [188, 139]},
						{"origin": [14.89765, 25.5, 7.656], "size": [1, 1, 8], "pivot": [15.9, 26.5, 7.6], "rotation": [-90, 0, -7.5], "uv": [116, 158]},
						{"origin": [14.89765, 26.5, 0.556], "size": [1, 7, 1], "pivot": [15.9, 26.5, 0.6], "rotation": [-90, 0, 0], "uv": [183, 203]},
						{"origin": [14.89765, 27.26074, 0.574], "size": [1, 1, 1], "pivot": [15.9, 27.2, -0.4], "rotation": [-72.5, 0, 0], "uv": [188, 137]},
						{"origin": [17.1, 10.5, -12], "size": [1, 1, 20], "uv": [142, 148]}
					]
				},
				{
					"name": "sml",
					"parent": "leftdoor",
					"pivot": [18, 17, -12],
					"cubes": [
						{"origin": [17, 17.5, -10], "size": [1, 1, 1], "uv": [188, 125]},
						{"origin": [16, 18, -10], "size": [2, 1, 1], "uv": [212, 176]},
						{"origin": [18, 17.5, -10], "size": [3, 2, 1], "pivot": [18, 17.5, -10], "rotation": [0, -32.5, 0], "uv": [210, 205]}
					]
				},
				{
					"name": "rightdoor",
					"parent": "cabinex",
					"pivot": [-18, 17, -12],
					"cubes": [
						{"origin": [-18, 6.5, -12], "size": [1, 11, 20], "uv": [98, 127]},
						{"origin": [-17, 6.5, -12], "size": [1, 11, 20], "uv": [0, 122]},
						{"origin": [-17, 18.5, -12], "size": [1, 15, 1], "pivot": [-17, 17.5, -13], "rotation": [-52.5, 5, 0], "uv": [174, 135]},
						{"origin": [-15.8977, 27.26074, 0.574], "size": [1, 1, 1], "pivot": [-14.1, 27.2, -0.4], "rotation": [-72.5, 0, 0], "uv": [19, 188]},
						{"origin": [-15.8977, 26.5, 0.556], "size": [1, 7, 1], "pivot": [15.9, 26.5, 0.6], "rotation": [-90, 0, 0], "uv": [195, 54]},
						{"origin": [-15.8977, 25.5, 7.656], "size": [1, 1, 8], "pivot": [-15.9, 26.5, 7.6], "rotation": [-90, 0, 7.5], "uv": [22, 133]},
						{"origin": [-15.8977, 27.5, -2.344], "size": [1, 17, 1], "pivot": [-15.9, 26.5, -10.4], "rotation": [-90, 0, 7.5], "uv": [112, 55]},
						{"origin": [-16.95046, 17.5, -9.40609], "size": [1, 1, 1], "pivot": [-16.9, 18.5, -9.4], "rotation": [-90, -17.5, 7.5], "uv": [187, 108]},
						{"origin": [-18.1, 10.5, -12], "size": [1, 1, 20], "uv": [120, 147]}
					]
				},
				{
					"name": "smr",
					"parent": "rightdoor",
					"pivot": [-18, 17, -12],
					"cubes": [
						{"origin": [-18, 17.5, -10], "size": [1, 1, 1], "uv": [187, 106]},
						{"origin": [-21, 17.5, -10], "size": [3, 2, 1], "pivot": [-18, 17.5, -10], "rotation": [0, 32.5, 0], "uv": [210, 172]},
						{"origin": [-18, 18, -10], "size": [1, 1, 1], "uv": [187, 103]}
					]
				},
				{
					"name": "cabinin",
					"parent": "mid",
					"pivot": [0, 0, 0],
					"cubes": [
						{"origin": [-9.5, 13.5, -9], "size": [1, 1, 4], "pivot": [-8.5, 13.5, -9], "rotation": [7.5, 0, 0], "uv": [163, 169]},
						{"origin": [-10.5, 12.5, -9], "size": [3, 2, 2], "uv": [198, 41]},
						{"origin": [-10.5, 14, -9], "size": [1, 1, 2], "pivot": [-9.5, 15, -7], "rotation": [0, 0, -30], "uv": [85, 211]},
						{"origin": [-8.5, 14, -9], "size": [1, 1, 2], "pivot": [-8.5, 15, -7], "rotation": [0, 0, 30], "uv": [79, 211]},
						{"origin": [-9.5, 14, -9], "size": [1, 1, 2], "uv": [210, 156]}
					]
				},
				{
					"name": "driversseat",
					"parent": "cabinin",
					"pivot": [0, 0, 0],
					"cubes": [
						{"origin": [-14, 5.5, -3], "size": [10, 3, 10], "uv": [34, 164]},
						{"origin": [-4, 8.5, 4], "size": [1, 1, 2], "pivot": [-3, 9.5, 4], "rotation": [15, 0, 0], "uv": [210, 58]},
						{"origin": [-15, 8.5, 4], "size": [1, 1, 2], "pivot": [-14, 9.5, 4], "rotation": [15, 0, 0], "uv": [179, 210]},
						{"origin": [-4, 8.5, -3], "size": [1, 1, 10], "uv": [188, 64]},
						{"origin": [-4, 6.5, -3], "size": [1, 2, 10], "pivot": [-3, 8.5, 0], "rotation": [0, 0, 32.5], "uv": [182, 137]},
						{"origin": [-15, 8.5, -3], "size": [1, 1, 10], "uv": [140, 187]},
						{"origin": [-15, 8.5, -1], "size": [1, 1, 9], "pivot": [-15, 9.5, 7], "rotation": [-110, 0, 0], "uv": [0, 194]},
						{"origin": [-14, 8.5, -1], "size": [10, 1, 10], "pivot": [-5, 9.5, 7], "rotation": [-110, 0, 0], "uv": [123, 169]},
						{"origin": [-11, 17.41051, 4.83921], "size": [4, 1, 4], "pivot": [-5, 17.4, 8.8], "rotation": [-90, 0, 0], "uv": [16, 69]},
						{"origin": [-12, 21.41051, 8.83921], "size": [1, 1, 4], "pivot": [-12, 21.4, 8.8], "rotation": [-90, 0, 0], "uv": [186, 167]},
						{"origin": [-12, 21.41051, 8.83921], "size": [1, 1, 4], "pivot": [-12, 21.4, 8.8], "rotation": [-90, 0, 12.5], "uv": [185, 89]},
						{"origin": [-7, 21.41051, 8.83921], "size": [1, 1, 4], "pivot": [-6, 21.4, 8.8], "rotation": [-90, 0, 0], "uv": [185, 84]},
						{"origin": [-7, 21.41051, 8.83921], "size": [1, 1, 4], "pivot": [-6, 21.4, 8.8], "rotation": [-90, 0, -12.5], "uv": [182, 142]},
						{"origin": [-4, 17.41051, 8.83921], "size": [1, 1, 9], "pivot": [-4, 17.4, 8.8], "rotation": [-110, 0, 0], "uv": [193, 178]},
						{"origin": [-4, 16.8, 10.83921], "size": [1, 1, 7], "pivot": [-4, 17.4, 8.8], "rotation": [-110, 0, 0], "uv": [0, 161]},
						{"origin": [-4, 16.8, 10.73921], "size": [1, 1, 1], "pivot": [-4, 17.4, 8.8], "rotation": [-110, 0, 0], "uv": [187, 101]},
						{"origin": [-15, 16.8, 10.73921], "size": [1, 1, 1], "pivot": [-15, 17.4, 8.8], "rotation": [-110, 0, 0], "uv": [123, 187]},
						{"origin": [-15, 16.8, 10.83921], "size": [1, 1, 7], "pivot": [-15, 17.4, 8.8], "rotation": [-110, 0, 0], "uv": [0, 153]},
						{"origin": [-4, 17.41051, 8.83921], "size": [1, 1, 2], "pivot": [-4, 17.4, 8.8], "rotation": [-127.5, 0, 0], "uv": [38, 210]},
						{"origin": [-15, 17.41051, 8.83921], "size": [1, 1, 2], "pivot": [-15, 17.4, 8.8], "rotation": [-127.5, 0, 0], "uv": [99, 205]},
						{"origin": [-15, 6.5, -3], "size": [1, 2, 10], "pivot": [-15, 8.5, 0], "rotation": [0, 0, -32.5], "uv": [182, 125]}
					]
				},
				{
					"name": "passengerseat",
					"parent": "cabinin",
					"pivot": [18, 0, 0],
					"cubes": [
						{"origin": [4, 5.5, -3], "size": [10, 3, 10], "uv": [44, 138]},
						{"origin": [14, 8.5, 4], "size": [1, 1, 2], "pivot": [15, 9.5, 4], "rotation": [15, 0, 0], "uv": [121, 198]},
						{"origin": [3, 8.5, 4], "size": [1, 1, 2], "pivot": [4, 9.5, 4], "rotation": [15, 0, 0], "uv": [184, 189]},
						{"origin": [14, 8.5, -3], "size": [1, 1, 10], "uv": [105, 187]},
						{"origin": [14, 6.5, -3], "size": [1, 2, 10], "pivot": [15, 8.5, 0], "rotation": [0, 0, 32.5], "uv": [0, 182]},
						{"origin": [3, 8.5, -3], "size": [1, 1, 10], "uv": [186, 167]},
						{"origin": [3, 8.5, -1], "size": [1, 1, 9], "pivot": [3, 9.5, 7], "rotation": [-110, 0, 0], "uv": [193, 95]},
						{"origin": [4, 8.5, -1], "size": [10, 1, 10], "pivot": [13, 9.5, 7], "rotation": [-110, 0, 0], "uv": [164, 152]},
						{"origin": [7, 17.41051, 4.83921], "size": [4, 1, 4], "pivot": [13, 17.4, 8.8], "rotation": [-90, 0, 0], "uv": [16, 8]},
						{"origin": [6, 21.41051, 8.83921], "size": [1, 1, 4], "pivot": [6, 21.4, 8.8], "rotation": [-90, 0, 0], "uv": [182, 137]},
						{"origin": [6, 21.41051, 8.83921], "size": [1, 1, 4], "pivot": [6, 21.4, 8.8], "rotation": [-90, 0, 12.5], "uv": [0, 182]},
						{"origin": [11, 21.41051, 8.83921], "size": [1, 1, 4], "pivot": [12, 21.4, 8.8], "rotation": [-90, 0, 0], "uv": [181, 106]},
						{"origin": [11, 21.41051, 8.83921], "size": [1, 1, 4], "pivot": [12, 21.4, 8.8], "rotation": [-90, 0, -12.5], "uv": [181, 101]},
						{"origin": [14, 17.41051, 8.83921], "size": [1, 1, 9], "pivot": [14, 17.4, 8.8], "rotation": [-110, 0, 0], "uv": [36, 192]},
						{"origin": [14, 16.8, 10.83921], "size": [1, 1, 7], "pivot": [14, 17.4, 8.8], "rotation": [-110, 0, 0], "uv": [16, 61]},
						{"origin": [14, 16.8, 10.73921], "size": [1, 1, 1], "pivot": [14, 17.4, 8.8], "rotation": [-110, 0, 0], "uv": [117, 187]},
						{"origin": [3, 16.8, 10.73921], "size": [1, 1, 1], "pivot": [3, 17.4, 8.8], "rotation": [-110, 0, 0], "uv": [6, 187]},
						{"origin": [3, 16.8, 10.83921], "size": [1, 1, 7], "pivot": [3, 17.4, 8.8], "rotation": [-110, 0, 0], "uv": [0, 41]},
						{"origin": [14, 17.41051, 8.83921], "size": [1, 1, 2], "pivot": [14, 17.4, 8.8], "rotation": [-127.5, 0, 0], "uv": [38, 164]},
						{"origin": [3, 17.41051, 8.83921], "size": [1, 1, 2], "pivot": [3, 17.4, 8.8], "rotation": [-127.5, 0, 0], "uv": [9, 157]},
						{"origin": [3, 6.5, -3], "size": [1, 2, 10], "pivot": [3, 8.5, 0], "rotation": [0, 0, -32.5], "uv": [181, 101]}
					]
				},
				{
					"name": "passengerseat2",
					"parent": "cabinin",
					"pivot": [16, 0, 16],
					"cubes": [
						{"origin": [-12, 5.5, 13], "size": [24, 3, 10], "uv": [100, 0]},
						{"origin": [12, 8.5, 20], "size": [1, 1, 2], "pivot": [13, 9.5, 20], "rotation": [15, 0, 0], "uv": [25, 65]},
						{"origin": [-13, 8.5, 20], "size": [1, 1, 2], "pivot": [-12, 9.5, 20], "rotation": [15, 0, 0], "uv": [16, 65]},
						{"origin": [12, 8.5, 13], "size": [1, 1, 10], "uv": [186, 43]},
						{"origin": [-13, 8.5, 13], "size": [1, 1, 10], "uv": [185, 84]},
						{"origin": [-13, 8.5, 15], "size": [1, 1, 9], "pivot": [-13, 9.5, 23], "rotation": [-110, 0, 0], "uv": [190, 54]},
						{"origin": [-12, 8.5, 15], "size": [24, 1, 10], "pivot": [11, 9.5, 23], "rotation": [-110, 0, 0], "uv": [100, 21]},
						{"origin": [5, 17.41051, 22.83921], "size": [4, 1, 3], "pivot": [11, 17.4, 24.8], "rotation": [-90, 0, 0], "uv": [181, 113]},
						{"origin": [-9, 17.41051, 22.83921], "size": [4, 1, 3], "pivot": [-3, 17.4, 24.8], "rotation": [-90, 0, 0], "uv": [145, 180]},
						{"origin": [4, 21.41051, 26.83921], "size": [1, 1, 3], "pivot": [4, 21.4, 24.8], "rotation": [-90, 0, 0], "uv": [36, 196]},
						{"origin": [-10, 21.41051, 26.83921], "size": [1, 1, 3], "pivot": [-10, 21.4, 24.8], "rotation": [-90, 0, 0], "uv": [194, 152]},
						{"origin": [4, 21.41051, 26.83921], "size": [1, 1, 3], "pivot": [4, 21.4, 24.8], "rotation": [-90, 0, 12.5], "uv": [194, 141]},
						{"origin": [-10, 21.41051, 26.83921], "size": [1, 1, 3], "pivot": [-10, 21.4, 24.8], "rotation": [-90, 0, 12.5], "uv": [194, 137]},
						{"origin": [9, 21.41051, 26.83921], "size": [1, 1, 3], "pivot": [10, 21.4, 24.8], "rotation": [-90, 0, 0], "uv": [194, 129]},
						{"origin": [-5, 21.41051, 26.83921], "size": [1, 1, 3], "pivot": [-4, 21.4, 24.8], "rotation": [-90, 0, 0], "uv": [194, 125]},
						{"origin": [9, 21.41051, 26.83921], "size": [1, 1, 3], "pivot": [10, 21.4, 24.8], "rotation": [-90, 0, -12.5], "uv": [194, 95]},
						{"origin": [-5, 21.41051, 26.83921], "size": [1, 1, 3], "pivot": [-4, 21.4, 24.8], "rotation": [-90, 0, -12.5], "uv": [0, 194]},
						{"origin": [12, 17.41051, 24.83921], "size": [1, 1, 9], "pivot": [12, 17.4, 24.8], "rotation": [-110, 0, 0], "uv": [76, 169]},
						{"origin": [12, 16.8, 26.83921], "size": [1, 1, 7], "pivot": [12, 17.4, 24.8], "rotation": [-110, 0, 0], "uv": [0, 33]},
						{"origin": [12, 16.8, 26.73921], "size": [1, 1, 1], "pivot": [12, 17.4, 24.8], "rotation": [-110, 0, 0], "uv": [0, 187]},
						{"origin": [-13, 16.8, 26.73921], "size": [1, 1, 1], "pivot": [-13, 17.4, 24.8], "rotation": [-110, 0, 0], "uv": [186, 174]},
						{"origin": [-13, 16.8, 26.83921], "size": [1, 1, 7], "pivot": [-13, 17.4, 24.8], "rotation": [-110, 0, 0], "uv": [16, 0]},
						{"origin": [12, 17.41051, 24.83921], "size": [1, 1, 2], "pivot": [12, 17.4, 24.8], "rotation": [-127.5, 0, 0], "uv": [9, 45]},
						{"origin": [-13, 17.41051, 24.83921], "size": [1, 1, 2], "pivot": [-13, 17.4, 24.8], "rotation": [-127.5, 0, 0], "uv": [0, 45]}
					]
				},
				{
					"name": "pedals",
					"parent": "cabinin",
					"pivot": [0, 0, 0]
				},
				{
					"name": "pecutan",
					"parent": "pedals",
					"pivot": [0, 0, 0],
					"cubes": [
						{"origin": [-13, 5.7, -12], "size": [1, 1, 3], "uv": [36, 192]},
						{"origin": [-13.5, 6.5, -12], "size": [2, 1, 3], "pivot": [-12.5, 6.5, -12], "rotation": [-5, 0, 0], "uv": [197, 87]}
					]
				},
				{
					"name": "brake",
					"parent": "pedals",
					"pivot": [3, 0, 0],
					"cubes": [
						{"origin": [-10, 5.7, -12], "size": [1, 1, 3], "uv": [190, 119]},
						{"origin": [-10.5, 6.5, -12], "size": [2, 1, 3], "pivot": [-9.5, 6.5, -12], "rotation": [-5, 0, 0], "uv": [12, 188]}
					]
				},
				{
					"name": "clutch",
					"parent": "pedals",
					"pivot": [7, 0, 0],
					"cubes": [
						{"origin": [-6, 5.7, -12], "size": [1, 1, 3], "uv": [190, 64]},
						{"origin": [-6.5, 6.5, -12], "size": [2, 1, 3], "pivot": [-5.5, 6.5, -12], "rotation": [-5, 0, 0], "uv": [62, 181]}
					]
				},
				{
					"name": "steeringwheel",
					"parent": "cabinin",
					"pivot": [-9, 14, -5],
					"cubes": [
						{"origin": [-9.5, 14, -6], "size": [1, 1, 1], "uv": [186, 172]},
						{"origin": [-9.5, 11, -6], "size": [1, 3, 1], "uv": [22, 122]},
						{"origin": [-8.5, 14, -6], "size": [3, 1, 1], "pivot": [-8.5, 15, -5], "rotation": [0, 0, 17.5], "uv": [98, 142]},
						{"origin": [-12.5, 14, -6], "size": [3, 1, 1], "pivot": [-9.5, 15, -5], "rotation": [0, 0, -17.5], "uv": [49, 118]},
						{"origin": [-6.3, 14, -6], "size": [1, 1, 1], "pivot": [-8.5, 15, -6], "rotation": [0, 0, 17.5], "uv": [30, 193]},
						{"origin": [-12.7, 14, -6], "size": [1, 1, 1], "pivot": [-9.5, 15, -6], "rotation": [0, 0, -17.5], "uv": [5, 194]}
					]
				},
				{
					"name": "sw1",
					"parent": "steeringwheel",
					"pivot": [-9, 14, -5],
					"cubes": [
						{"origin": [-9.5, 18, -6], "size": [1, 1, 1], "uv": [186, 169]},
						{"origin": [-9.5, 18, -6], "size": [1, 1, 1], "pivot": [-9, 14.5, -6], "rotation": [0, 0, 12.5], "uv": [186, 167]},
						{"origin": [-9.5, 18, -6], "size": [1, 1, 1], "pivot": [-9, 14.5, -6], "rotation": [0, 0, 37.5], "uv": [76, 186]},
						{"origin": [-9.5, 18, -6], "size": [1, 1, 1], "pivot": [-9, 14.5, -6], "rotation": [0, 0, 50], "uv": [185, 91]},
						{"origin": [-9.5, 18, -6], "size": [1, 1, 1], "pivot": [-9, 14.5, -6], "rotation": [0, 0, 62.5], "uv": [185, 89]},
						{"origin": [-9.5, 18, -6], "size": [1, 1, 1], "pivot": [-9, 14.5, -6], "rotation": [0, 0, 75], "uv": [185, 86]},
						{"origin": [-9.5, 18, -6], "size": [1, 1, 1], "pivot": [-9, 14.5, -6], "rotation": [0, 0, 25], "uv": [185, 84]}
					]
				},
				{
					"name": "sw2",
					"parent": "steeringwheel",
					"pivot": [-9, 14, -5],
					"rotation": [0, 0, 87.5],
					"cubes": [
						{"origin": [-9.99952, 17.52181, -6], "size": [1, 1, 1], "uv": [19, 185]},
						{"origin": [-9.9924, 17.41318, -6], "size": [1, 1, 1], "pivot": [-9, 14, -6], "rotation": [0, 0, 12.5], "uv": [30, 184]},
						{"origin": [-9.90958, 17.21321, -6], "size": [1, 1, 1], "pivot": [-9, 14, -6], "rotation": [0, 0, 37.5], "uv": [6, 184]},
						{"origin": [-9.8378, 17.13136, -6], "size": [1, 1, 1], "pivot": [-9, 14, -6], "rotation": [0, 0, 50], "uv": [0, 184]},
						{"origin": [-9.75, 17.06699, -6], "size": [1, 1, 1], "pivot": [-9, 14, -6], "rotation": [0, 0, 62.5], "uv": [88, 183]},
						{"origin": [-9.65035, 17.02314, -6], "size": [1, 1, 1], "pivot": [-9, 14, -6], "rotation": [0, 0, 75], "uv": [182, 144]},
						{"origin": [-9.96194, 17.30866, -6], "size": [1, 1, 1], "pivot": [-9, 14, -6], "rotation": [0, 0, 25], "uv": [182, 142]}
					]
				},
				{
					"name": "sw3",
					"parent": "steeringwheel",
					"pivot": [-9, 14, -5],
					"rotation": [0, 0, 175],
					"cubes": [
						{"origin": [-9.54358, 17.0019, -6], "size": [1, 1, 1], "uv": [182, 139]},
						{"origin": [-9.43474, 17.00428, -6], "size": [1, 1, 1], "pivot": [-9, 14, -6], "rotation": [0, 0, 12.5], "uv": [182, 137]},
						{"origin": [-9.23135, 17.0783, -6], "size": [1, 1, 1], "pivot": [-9, 14, -6], "rotation": [0, 0, 37.5], "uv": [182, 53]},
						{"origin": [-9.14645, 17.14645, -6], "size": [1, 1, 1], "pivot": [-9, 14, -6], "rotation": [0, 0, 50], "uv": [29, 182]},
						{"origin": [-9.0783, 17.23135, -6], "size": [1, 1, 1], "pivot": [-9, 14, -6], "rotation": [0, 0, 62.5], "uv": [6, 182]},
						{"origin": [-9.03015, 17.32899, -6], "size": [1, 1, 1], "pivot": [-9, 14, -6], "rotation": [0, 0, 75], "uv": [0, 182]},
						{"origin": [-9.32899, 17.03015, -6], "size": [1, 1, 1], "pivot": [-9, 14, -6], "rotation": [0, 0, 25], "uv": [93, 179]}
					]
				},
				{
					"name": "sw4",
					"parent": "steeringwheel",
					"pivot": [-9, 14, -5],
					"rotation": [0, 0, -97.5],
					"cubes": [
						{"origin": [-9.00428, 17.43474, -6], "size": [1, 1, 1], "uv": [160, 173]},
						{"origin": [-9.0019, 17.54358, -6], "size": [1, 1, 1], "pivot": [-9, 14, -6], "rotation": [0, 0, 12.5], "uv": [12, 166]},
						{"origin": [-9.06699, 17.75, -6], "size": [1, 1, 1], "pivot": [-9, 14, -6], "rotation": [0, 0, 37.5], "uv": [3, 166]},
						{"origin": [-9.13136, 17.8378, -6], "size": [1, 1, 1], "pivot": [-9, 14, -6], "rotation": [0, 0, 50], "uv": [157, 165]},
						{"origin": [-9.21321, 17.90958, -6], "size": [1, 1, 1], "pivot": [-9, 14, -6], "rotation": [0, 0, 62.5], "uv": [18, 162]},
						{"origin": [-9.30866, 17.96194, -6], "size": [1, 1, 1], "pivot": [-9, 14, -6], "rotation": [0, 0, 75], "uv": [3, 158]},
						{"origin": [-9.41318, 17.9924, -6], "size": [1, 1, 1], "pivot": [-9, 14, -6], "rotation": [0, 0, 87.5], "uv": [154, 152]},
						{"origin": [-9.02314, 17.65035, -6], "size": [1, 1, 1], "pivot": [-9, 14, -6], "rotation": [0, 0, 25], "uv": [145, 152]}
					]
				},
				{
					"name": "stickshift",
					"parent": "cabinin",
					"pivot": [0, 0, 0],
					"cubes": [
						{"origin": [-1.5, 9, -5], "size": [3, 1, 3], "uv": [54, 89]},
						{"origin": [-1, 9.4, -4.5], "size": [2, 1, 2], "uv": [210, 55]}
					]
				},
				{
					"name": "stick",
					"parent": "stickshift",
					"pivot": [-1, 10, -3],
					"rotation": [-7.5, 0, 0],
					"cubes": [
						{"origin": [-0.5, 10.29572, -3.825], "size": [1, 2, 1], "uv": [169, 89]},
						{"origin": [-0.5, 12.29572, -3.86526], "size": [1, 1, 1], "uv": [15, 140]},
						{"origin": [-0.25, 10.29572, -4.06526], "size": [1, 2, 1], "uv": [169, 169]},
						{"origin": [-0.75, 10.29572, -4.06526], "size": [1, 2, 1], "uv": [70, 169]},
						{"origin": [-0.5, 10.29572, -4.06526], "size": [1, 2, 1], "uv": [64, 169]}
					]
				},
				{
					"name": "ebrake",
					"parent": "cabinin",
					"pivot": [0, 0, 0],
					"cubes": [
						{"origin": [-2, 9.5, 4], "size": [2, 2, 2], "uv": [189, 69]},
						{"origin": [-1.5, 10.5, 1], "size": [1, 1, 3], "uv": [176, 179]},
						{"origin": [-2, 9.5, 6], "size": [2, 2, 3], "pivot": [-1, 11.5, 6], "rotation": [-45, 0, 0], "uv": [153, 173]}
					]
				},
				{
					"name": "rvm",
					"parent": "cabinin",
					"pivot": [0, 0, 0],
					"cubes": [
						{"origin": [-0.5, 25.6, 0], "size": [1, 1, 1], "uv": [12, 127]},
						{"origin": [-2.5, 23.6, 0], "size": [5, 2, 1], "uv": [197, 84]}
					]
				},
				{
					"name": "back",
					"pivot": [0, 0, 1],
					"cubes": [
						{"origin": [17, 5.5, 31], "size": [1, 1, 2], "uv": [9, 37]},
						{"origin": [12.5, 5.5, 15], "size": [1, 10, 16], "uv": [160, 5]},
						{"origin": [-13.5, 5.5, 15], "size": [1, 10, 16], "uv": [0, 153]},
						{"origin": [-13, 5.5, 27], "size": [26, 11, 1], "uv": [120, 135]},
						{"origin": [12.5, 15.5, 15], "size": [5, 1, 17], "uv": [89, 158]},
						{"origin": [-17.5, 15.5, 15], "size": [5, 1, 17], "uv": [154, 101]},
						{"origin": [13.5, 5.5, 14.9], "size": [4, 10, 1], "uv": [173, 84]},
						{"origin": [-17.5, 5.5, 14.9], "size": [4, 10, 1], "uv": [86, 146]},
						{"origin": [17, 6.5, 31], "size": [1, 12, 7], "uv": [142, 147]},
						{"origin": [-18, 6.5, 31], "size": [1, 12, 7], "uv": [0, 122]},
						{"origin": [-18, 7.5, 38], "size": [1, 11, 1], "uv": [195, 188]},
						{"origin": [17, 7.5, 38], "size": [1, 11, 1], "uv": [191, 188]},
						{"origin": [-18, 8.2, 38.5], "size": [1, 4, 1], "uv": [16, 207]},
						{"origin": [17, 8.2, 38.5], "size": [1, 4, 1], "uv": [198, 178]},
						{"origin": [17, 17.5, 28], "size": [1, 1, 4], "uv": [64, 169]},
						{"origin": [-18, 17.5, 28], "size": [1, 1, 4], "uv": [34, 169]},
						{"origin": [-18, 5.5, 31], "size": [1, 1, 2], "uv": [0, 37]},
						{"origin": [-17, 5.5, 31], "size": [34, 1, 2], "uv": [119, 71]},
						{"origin": [17, 16.5, 15], "size": [1, 1, 16], "uv": [167, 84]},
						{"origin": [-18, 16.5, 15], "size": [1, 1, 16], "uv": [164, 135]},
						{"origin": [17, 5.5, 33], "size": [1, 1, 6], "pivot": [18, 5.5, 33], "rotation": [10, 0, 0], "uv": [68, 40]},
						{"origin": [-17, 5.5, 33], "size": [34, 1, 6], "pivot": [17, 5.5, 33], "rotation": [10, 0, 0], "uv": [78, 48]},
						{"origin": [-18, 5.5, 33], "size": [1, 1, 6], "pivot": [-17, 5.5, 33], "rotation": [10, 0, 0], "uv": [68, 33]},
						{"origin": [17, 6.53972, 37.888], "size": [1, 4, 1], "pivot": [18, 6.5, 38.9], "rotation": [-22.5, 0, 0], "uv": [129, 197]},
						{"origin": [-8, 6.53972, 37.888], "size": [16, 4, 1], "pivot": [17, 6.5, 38.9], "rotation": [-22.5, 0, 0], "uv": [178, 10]},
						{"origin": [8, 6.53972, 37.888], "size": [9, 4, 1], "pivot": [26, 6.5, 38.9], "rotation": [-22.5, 0, 0], "uv": [34, 88]},
						{"origin": [-10, 6.53972, 37.888], "size": [2, 4, 1], "pivot": [1, 6.5, 38.9], "rotation": [-22.5, 0, 0], "uv": [25, 0]},
						{"origin": [-17, 6.53972, 37.888], "size": [4, 4, 1], "pivot": [-6, 6.5, 38.9], "rotation": [-22.5, 0, 0], "uv": [164, 157]},
						{"origin": [-13, 7.53972, 37.888], "size": [3, 3, 1], "pivot": [-3, 6.5, 38.9], "rotation": [-22.5, 0, 0], "uv": [184, 185]},
						{"origin": [-13, 6.53972, 37.588], "size": [3, 1, 1], "pivot": [-3, 6.5, 38.9], "rotation": [-22.5, 0, 0], "uv": [93, 89]},
						{"origin": [-18, 6.53972, 37.888], "size": [1, 4, 1], "pivot": [-17, 6.5, 38.9], "rotation": [-22.5, 0, 0], "uv": [164, 195]},
						{"origin": [17, 10.21668, 39.435], "size": [1, 2, 1], "uv": [129, 168]},
						{"origin": [-17, 10.21668, 39.435], "size": [34, 2, 1], "uv": [118, 124]},
						{"origin": [-18, 10.21668, 39.435], "size": [1, 2, 1], "uv": [22, 115]},
						{"origin": [17, 12.21668, 38.435], "size": [1, 1, 1], "uv": [3, 127]},
						{"origin": [17, 16.21668, 38.435], "size": [1, 3, 1], "uv": [16, 114]},
						{"origin": [-17, 16.21668, 38.435], "size": [34, 3, 1], "uv": [119, 74]},
						{"origin": [-17, 12.21668, 38.435], "size": [34, 1, 1], "uv": [120, 127]},
						{"origin": [7, 13.21668, 38.435], "size": [11, 3, 1], "uv": [0, 85]},
						{"origin": [-18, 13.21668, 38.435], "size": [11, 3, 1], "uv": [0, 28]},
						{"origin": [-18.05, 13.21668, 37.435], "size": [1, 3, 2], "uv": [16, 0]},
						{"origin": [17.05, 13.21668, 37.435], "size": [1, 3, 2], "uv": [7, 0]},
						{"origin": [-7, 13.21668, 37.835], "size": [14, 3, 1], "uv": [0, 24]},
						{"origin": [-18, 16.21668, 38.435], "size": [1, 3, 1], "uv": [84, 109]},
						{"origin": [-18, 12.21668, 38.435], "size": [1, 1, 1], "uv": [62, 114]},
						{"origin": [17, 18.21668, 28.435], "size": [1, 1, 10], "uv": [184, 21]},
						{"origin": [-17, 18.21668, 28.435], "size": [34, 1, 10], "uv": [0, 50]},
						{"origin": [17, 18.19, 25.435], "size": [1, 1, 3], "pivot": [18, 19.2, 28.4], "rotation": [45, 0, 0], "uv": [98, 170]},
						{"origin": [-17, 18.19, 26.435], "size": [34, 1, 2], "pivot": [17, 19.2, 28.4], "rotation": [45, 0, 0], "uv": [97, 94]},
						{"origin": [-18, 18.19, 25.435], "size": [1, 1, 3], "pivot": [-17, 19.2, 28.4], "rotation": [45, 0, 0], "uv": [124, 168]},
						{"origin": [-18, 18.21668, 28.435], "size": [1, 1, 10], "uv": [96, 136]}
					]
				},
				{
					"name": "exhaust",
					"parent": "back",
					"pivot": [0, 0, 1]
				},
				{
					"name": "ex1",
					"parent": "exhaust",
					"pivot": [0, 1.4, 2],
					"cubes": [
						{"origin": [-12, 5.9, 36.1], "size": [1, 1, 4], "uv": [164, 152]},
						{"origin": [-13, 5, 30.2], "size": [3, 2, 6], "uv": [86, 138]},
						{"origin": [-12, 6.4, 36], "size": [1, 1, 4], "pivot": [-11.5, 6.4, 39], "rotation": [0, 0, 5], "uv": [32, 164]},
						{"origin": [-12, 6.4, 36], "size": [1, 1, 4], "pivot": [-11.5, 6.4, 39], "rotation": [0, 0, 37.5], "uv": [162, 84]},
						{"origin": [-12, 6.4, 36], "size": [1, 1, 4], "pivot": [-11.5, 6.4, 39], "rotation": [0, 0, 75], "uv": [74, 143]},
						{"origin": [-12, 6.4, 36], "size": [1, 1, 4], "pivot": [-11.5, 6.4, 39], "rotation": [0, 0, 112.5], "uv": [44, 143]},
						{"origin": [-12, 6.4, 36], "size": [1, 1, 4], "pivot": [-11.5, 6.4, 39], "rotation": [0, 0, 150], "uv": [108, 141]},
						{"origin": [-12, 6.4, 36], "size": [1, 1, 4], "pivot": [-11.5, 6.4, 39], "rotation": [0, 0, -172.5], "uv": [74, 138]},
						{"origin": [-12, 6.4, 36], "size": [1, 1, 4], "pivot": [-11.5, 6.4, 39], "rotation": [0, 0, -135], "uv": [44, 138]},
						{"origin": [-12, 6.4, 36], "size": [1, 1, 4], "pivot": [-11.5, 6.4, 39], "rotation": [0, 0, -97.5], "uv": [108, 136]},
						{"origin": [-12, 6.4, 36], "size": [1, 1, 4], "pivot": [-11.5, 6.4, 39], "rotation": [0, 0, -60], "uv": [32, 133]},
						{"origin": [-12, 6.4, 36], "size": [1, 1, 4], "pivot": [-11.5, 6.4, 39], "rotation": [0, 0, -25], "uv": [16, 114]}
					]
				},
				{
					"name": "backtireguard",
					"pivot": [0, 0, 48],
					"cubes": [
						{"origin": [17, 9.5, 15], "size": [1, 7, 1], "uv": [191, 54]},
						{"origin": [-18, 9.5, 15], "size": [1, 7, 1], "uv": [179, 169]},
						{"origin": [-18, 9.5, 30], "size": [1, 7, 1], "uv": [175, 169]},
						{"origin": [17, 9.5, 30], "size": [1, 7, 1], "uv": [167, 101]},
						{"origin": [17, 11.5, 29], "size": [1, 5, 1], "uv": [86, 138]},
						{"origin": [17, 11.5, 16], "size": [1, 5, 1], "uv": [9, 122]},
						{"origin": [-18, 11.5, 16], "size": [1, 5, 1], "uv": [0, 122]},
						{"origin": [-18, 11.5, 29], "size": [1, 5, 1], "uv": [26, 85]},
						{"origin": [17, 12.5, 17], "size": [1, 4, 1], "uv": [12, 182]},
						{"origin": [-18, 12.5, 17], "size": [1, 4, 1], "uv": [159, 180]},
						{"origin": [-18, 12.5, 28], "size": [1, 4, 1], "uv": [128, 180]},
						{"origin": [17, 12.5, 28], "size": [1, 4, 1], "uv": [178, 4]},
						{"origin": [17, 13.5, 27], "size": [1, 3, 1], "uv": [108, 60]},
						{"origin": [17, 13.5, 18], "size": [1, 3, 1], "uv": [102, 60]},
						{"origin": [-18, 13.5, 18], "size": [1, 3, 1], "uv": [86, 89]},
						{"origin": [-18, 13.5, 27], "size": [1, 3, 1], "uv": [80, 89]},
						{"origin": [-18, 14.5, 19], "size": [1, 2, 2], "uv": [78, 50]},
						{"origin": [-18, 14.5, 25], "size": [1, 2, 2], "uv": [76, 40]},
						{"origin": [17, 14.5, 19], "size": [1, 2, 2], "uv": [76, 33]},
						{"origin": [17, 14.5, 25], "size": [1, 2, 2], "uv": [68, 40]},
						{"origin": [17, 15.5, 21], "size": [1, 1, 4], "uv": [84, 109]},
						{"origin": [-18, 15.5, 21], "size": [1, 1, 4], "uv": [102, 60]}
					]
				},
				{
					"name": "hexadecagon2",
					"parent": "backtireguard",
					"pivot": [26, -1, 36],
					"cubes": [
						{"origin": [17.5, 5.9087, 15], "size": [1, 3.1826, 1], "pivot": [18, 7.5, 23], "rotation": [-45, 0, 0], "uv": [74, 89]},
						{"origin": [17.5, 5.9087, 30], "size": [1, 3.1826, 1], "pivot": [18, 7.5, 23], "rotation": [45, 0, 0], "uv": [68, 89]},
						{"origin": [17.5, 14.5, 21.4087], "size": [1, 1, 3.1826], "pivot": [18, 7.5, 23], "rotation": [22.5, 0, 0], "uv": [116, 162]},
						{"origin": [17.5, 14.5, 21.4087], "size": [1, 1, 3.1826], "uv": [116, 158]},
						{"origin": [17.5, 14.5, 21.4087], "size": [1, 1, 3.1826], "pivot": [18, 7.5, 23], "rotation": [-22.5, 0, 0], "uv": [98, 138]}
					]
				},
				{
					"name": "ft7",
					"parent": "hexadecagon2",
					"pivot": [18.5, 11.5, 16.2],
					"rotation": [0, 0, 2.5],
					"cubes": [
						{"origin": [17.47819, 5.8702, 14.80884], "size": [1, 3.1826, 1], "pivot": [18, 7, 23], "rotation": [-22.5, 0, 0], "uv": [28, 69]},
						{"origin": [17.45642, 4.9068, 15], "size": [1, 4.1826, 1], "pivot": [18.52964, 8.62465, 15], "rotation": [0, 0, 2.5], "uv": [43, 177]},
						{"origin": [17.45642, 4.5068, 15], "size": [1, 1.1826, 1], "pivot": [18.52964, 8.62465, 15], "rotation": [0, 0, 2.5], "uv": [90, 111]}
					]
				},
				{
					"name": "ft8",
					"parent": "hexadecagon2",
					"pivot": [18.5, 11.5, 29.8],
					"rotation": [0, 0, 2.5],
					"cubes": [
						{"origin": [17.47819, 5.8702, 30.19116], "size": [1, 3.1826, 1], "pivot": [18, 7, 23], "rotation": [22.5, 0, 0], "uv": [16, 69]},
						{"origin": [17.45642, 4.9068, 30], "size": [1, 4.1826, 1], "pivot": [18.52964, 8.62465, 31], "rotation": [0, 0, 2.5], "uv": [36, 177]},
						{"origin": [17.45642, 4.5068, 30], "size": [1, 1.1826, 1], "pivot": [18.52964, 8.62465, 31], "rotation": [0, 0, 2.5], "uv": [97, 91]}
					]
				},
				{
					"name": "hexadecagon3",
					"parent": "backtireguard",
					"pivot": [-10, -1, 36],
					"cubes": [
						{"origin": [-18.5, 5.9087, 15], "size": [1, 3.1826, 1], "pivot": [-18, 7.5, 23], "rotation": [-45, 0, 0], "uv": [6, 50]},
						{"origin": [-18.5, 5.9087, 30], "size": [1, 3.1826, 1], "pivot": [-18, 7.5, 23], "rotation": [45, 0, 0], "uv": [0, 50]},
						{"origin": [-18.5, 14.5, 21.4087], "size": [1, 1, 3.1826], "pivot": [-18, 7.5, 23], "rotation": [22.5, 0, 0], "uv": [22, 137]},
						{"origin": [-18.5, 14.5, 21.4087], "size": [1, 1, 3.1826], "uv": [22, 133]},
						{"origin": [-18.5, 14.5, 21.4087], "size": [1, 1, 3.1826], "pivot": [-18, 7.5, 23], "rotation": [-22.5, 0, 0], "uv": [24, 28]}
					]
				},
				{
					"name": "ft9",
					"parent": "hexadecagon3",
					"pivot": [-18.5, 11.5, 16.2],
					"rotation": [0, 0, -2.5],
					"cubes": [
						{"origin": [-18.47819, 5.8702, 14.80884], "size": [1, 3.1826, 1], "pivot": [-18, 7, 23], "rotation": [-22.5, 0, 0], "uv": [28, 8]},
						{"origin": [-18.45642, 4.9068, 15], "size": [1, 4.1826, 1], "pivot": [-18.47036, 8.62465, 15], "rotation": [0, 0, -2.5], "uv": [0, 61]},
						{"origin": [-18.45642, 4.5068, 15], "size": [1, 1.1826, 1], "pivot": [-18.47036, 8.62465, 15], "rotation": [0, 0, -2.5], "uv": [10, 72]}
					]
				},
				{
					"name": "ft10",
					"parent": "hexadecagon3",
					"pivot": [-18.5, 11.5, 29.8],
					"rotation": [0, 0, -2.5],
					"cubes": [
						{"origin": [-18.47819, 5.8702, 30.19116], "size": [1, 3.1826, 1], "pivot": [-18, 7, 23], "rotation": [22.5, 0, 0], "uv": [16, 8]},
						{"origin": [-18.45642, 4.9068, 30], "size": [1, 4.1826, 1], "pivot": [-18.47036, 8.62465, 31], "rotation": [0, 0, -2.5], "uv": [0, 0]},
						{"origin": [-18.45642, 4.5068, 30], "size": [1, 1.1826, 1], "pivot": [-18.47036, 8.62465, 31], "rotation": [0, 0, -2.5], "uv": [10, 11]}
					]
				},
				{
					"name": "hexadecagon6",
					"parent": "backtireguard",
					"pivot": [-9, -1, 36],
					"cubes": [
						{"origin": [-17.5, 5.9087, 15], "size": [4, 3.1826, 1], "pivot": [-17, 7.5, 23], "rotation": [-45, 0, 0], "uv": [47, 196]},
						{"origin": [-17.5, 5.9087, 30], "size": [4, 3.1826, 1], "pivot": [-17, 7.5, 23], "rotation": [45, 0, 0], "uv": [24, 196]},
						{"origin": [-17.5, 14.5, 21.4087], "size": [4, 1, 3.1826], "pivot": [-17, 7.5, 23], "rotation": [22.5, 0, 0], "uv": [76, 179]},
						{"origin": [-17.5, 14.5, 21.4087], "size": [4, 1, 3.1826], "uv": [165, 178]},
						{"origin": [-17.5, 14.5, 21.4087], "size": [4, 1, 3.1826], "pivot": [-17, 7.5, 23], "rotation": [-22.5, 0, 0], "uv": [59, 177]}
					]
				},
				{
					"name": "ft11",
					"parent": "hexadecagon6",
					"pivot": [-17.5, 11.5, 16.2],
					"cubes": [
						{"origin": [-17.5, 5.9087, 15], "size": [4, 3.1826, 1], "pivot": [-17, 7.5, 23], "rotation": [-22.5, 0, 0], "uv": [11, 194]},
						{"origin": [-17.5, 4.9087, 15], "size": [4, 4.1826, 1], "uv": [102, 55]},
						{"origin": [-17.5, 4.5087, 15], "size": [4, 1.1826, 1], "uv": [16, 119]}
					]
				},
				{
					"name": "ft12",
					"parent": "hexadecagon6",
					"pivot": [-17.5, 11.5, 29.8],
					"cubes": [
						{"origin": [-17.5, 5.9087, 30], "size": [4, 3.1826, 1], "pivot": [-17, 7.5, 23], "rotation": [22.5, 0, 0], "uv": [193, 105]},
						{"origin": [-17.5, 4.9087, 30], "size": [4, 4.1826, 1], "uv": [100, 26]},
						{"origin": [-17.5, 4.5087, 30], "size": [4, 1.1826, 1], "uv": [84, 114]}
					]
				},
				{
					"name": "hexadecagon8",
					"parent": "backtireguard",
					"pivot": [23, -1, 36],
					"cubes": [
						{"origin": [13.5, 5.9087, 15], "size": [4, 3.1826, 1], "pivot": [15, 7.5, 23], "rotation": [-45, 0, 0], "uv": [105, 193]},
						{"origin": [13.5, 5.9087, 30], "size": [4, 3.1826, 1], "pivot": [15, 7.5, 23], "rotation": [45, 0, 0], "uv": [117, 192]},
						{"origin": [13.5, 14.5, 21.4087], "size": [4, 1, 3.1826], "pivot": [15, 7.5, 23], "rotation": [22.5, 0, 0], "uv": [153, 169]},
						{"origin": [13.5, 14.5, 21.4087], "size": [4, 1, 3.1826], "uv": [87, 169]},
						{"origin": [13.5, 14.5, 21.4087], "size": [4, 1, 3.1826], "pivot": [15, 7.5, 23], "rotation": [-22.5, 0, 0], "uv": [167, 95]}
					]
				},
				{
					"name": "ft13",
					"parent": "hexadecagon8",
					"pivot": [14.5, 11.5, 16.2],
					"cubes": [
						{"origin": [13.5, 5.9087, 15], "size": [4, 3.1826, 1], "pivot": [15, 7.5, 23], "rotation": [-22.5, 0, 0], "uv": [47, 192]},
						{"origin": [13.5, 4.9087, 15], "size": [4, 4.1826, 1], "uv": [100, 21]},
						{"origin": [13.5, 4.5087, 15], "size": [4, 1.1826, 1], "uv": [80, 97]}
					]
				},
				{
					"name": "ft14",
					"parent": "hexadecagon8",
					"pivot": [14.5, 11.5, 29.8],
					"cubes": [
						{"origin": [13.5, 5.9087, 30], "size": [4, 3.1826, 1], "pivot": [15, 7.5, 23], "rotation": [22.5, 0, 0], "uv": [164, 147]},
						{"origin": [13.5, 4.9087, 30], "size": [4, 4.1826, 1], "uv": [78, 55]},
						{"origin": [13.5, 4.5087, 30], "size": [4, 1.1826, 1], "uv": [68, 97]}
					]
				},
				{
					"name": "fronttires",
					"pivot": [0, 0, 0]
				},
				{
					"name": "fronttire1",
					"parent": "fronttires",
					"pivot": [17, 7, -25],
					"cubes": [
						{"origin": [16, 2, -30], "size": [1, 10, 10], "uv": [153, 175]}
					]
				},
				{
					"name": "ftl",
					"parent": "fronttire1",
					"pivot": [26, -1, -33],
					"cubes": [
						{"origin": [14.5, 5.60761, -32], "size": [4, 2.78477, 1.6], "pivot": [18, 7, -25], "rotation": [45, 0, 0], "uv": [173, 206]},
						{"origin": [14.5, 5.60761, -32], "size": [4, 2.78477, 1.6], "pivot": [18, 7, -25], "rotation": [22.5, 0, 0], "uv": [34, 206]},
						{"origin": [14.5, 5.60761, -32], "size": [4, 2.78477, 1.6], "uv": [24, 206]},
						{"origin": [14.5, 5.60761, -32], "size": [4, 2.78477, 1.6], "pivot": [18, 7, -25], "rotation": [-22.5, 0, 0], "uv": [205, 108]},
						{"origin": [14.5, 5.60761, -32], "size": [4, 2.78477, 1.6], "pivot": [18, 7, -25], "rotation": [-45, 0, 0], "uv": [205, 105]},
						{"origin": [14.5, 5.60761, -19.6], "size": [4, 2.78477, 1.6], "pivot": [18, 7, -25], "rotation": [45, 0, 0], "uv": [205, 37]},
						{"origin": [14.5, 5.60761, -19.6], "size": [4, 2.78477, 1.6], "pivot": [18, 7, -25], "rotation": [22.5, 0, 0], "uv": [205, 34]},
						{"origin": [14.5, 5.60761, -19.6], "size": [4, 2.78477, 1.6], "uv": [205, 31]},
						{"origin": [14.5, 5.60761, -19.6], "size": [4, 2.78477, 1.6], "pivot": [18, 7, -25], "rotation": [-22.5, 0, 0], "uv": [198, 205]},
						{"origin": [14.5, 5.60761, -19.6], "size": [4, 2.78477, 1.6], "pivot": [18, 7, -25], "rotation": [-45, 0, 0], "uv": [87, 205]},
						{"origin": [14.5, 0, -26.39239], "size": [4, 1.6, 2.78477], "pivot": [18, 7, -25], "rotation": [22.5, 0, 0], "uv": [196, 28]},
						{"origin": [14.5, 0, -26.39239], "size": [4, 1.6, 2.78477], "uv": [196, 25]},
						{"origin": [14.5, 0, -26.39239], "size": [4, 1.6, 2.78477], "pivot": [18, 7, -25], "rotation": [-22.5, 0, 0], "uv": [196, 22]},
						{"origin": [14.5, 12.4, -26.39239], "size": [4, 1.6, 2.78477], "pivot": [18, 7, -25], "rotation": [22.5, 0, 0], "uv": [196, 19]},
						{"origin": [14.5, 12.4, -26.39239], "size": [4, 1.6, 2.78477], "uv": [194, 158]},
						{"origin": [14.5, 12.4, -26.39239], "size": [4, 1.6, 2.78477], "pivot": [18, 7, -25], "rotation": [-22.5, 0, 0], "uv": [190, 78]}
					]
				},
				{
					"name": "frl",
					"parent": "fronttire1",
					"pivot": [25.5, -1, -33],
					"cubes": [
						{"origin": [15, 5.92587, -30.4], "size": [3, 2.14825, 1], "pivot": [17.5, 7, -25], "rotation": [45, 0, 0], "uv": [210, 122]},
						{"origin": [15, 5.92587, -30.4], "size": [3, 2.14825, 1], "pivot": [17.5, 7, -25], "rotation": [22.5, 0, 0], "uv": [210, 72]},
						{"origin": [15, 5.92587, -30.4], "size": [3, 2.14825, 1], "uv": [210, 65]},
						{"origin": [15, 5.92587, -30.4], "size": [3, 2.14825, 1], "pivot": [17.5, 7, -25], "rotation": [-22.5, 0, 0], "uv": [210, 62]},
						{"origin": [15, 5.92587, -30.4], "size": [3, 2.14825, 1], "pivot": [17.5, 7, -25], "rotation": [-45, 0, 0], "uv": [73, 210]},
						{"origin": [15, 5.92587, -20.6], "size": [3, 2.14825, 1], "pivot": [17.5, 7, -25], "rotation": [45, 0, 0], "uv": [65, 210]},
						{"origin": [15, 5.92587, -20.6], "size": [3, 2.14825, 1], "pivot": [17.5, 7, -25], "rotation": [22.5, 0, 0], "uv": [57, 210]},
						{"origin": [15, 5.92587, -20.6], "size": [3, 2.14825, 1], "uv": [8, 210]},
						{"origin": [15, 5.92587, -20.6], "size": [3, 2.14825, 1], "pivot": [17.5, 7, -25], "rotation": [-22.5, 0, 0], "uv": [0, 210]},
						{"origin": [15, 5.92587, -20.6], "size": [3, 2.14825, 1], "pivot": [17.5, 7, -25], "rotation": [-45, 0, 0], "uv": [209, 188]},
						{"origin": [15, 1.6, -26.07413], "size": [3, 1, 2.14825], "pivot": [17.5, 7, -25], "rotation": [22.5, 0, 0], "uv": [204, 184]},
						{"origin": [15, 1.6, -26.07413], "size": [3, 1, 2.14825], "uv": [204, 181]},
						{"origin": [15, 1.6, -26.07413], "size": [3, 1, 2.14825], "pivot": [17.5, 7, -25], "rotation": [-22.5, 0, 0], "uv": [204, 178]},
						{"origin": [15, 11.4, -26.07413], "size": [3, 1, 2.14825], "pivot": [17.5, 7, -25], "rotation": [22.5, 0, 0], "uv": [204, 159]},
						{"origin": [15, 11.4, -26.07413], "size": [3, 1, 2.14825], "uv": [204, 152]},
						{"origin": [15, 11.4, -26.07413], "size": [3, 1, 2.14825], "pivot": [17.5, 7, -25], "rotation": [-22.5, 0, 0], "uv": [204, 149]}
					]
				},
				{
					"name": "firl",
					"parent": "fronttire1",
					"pivot": [25, -1, -33],
					"cubes": [
						{"origin": [15.5, 6.40326, -28], "size": [2, 1.19347, 1], "pivot": [17, 7, -25], "rotation": [45, 0, 0], "uv": [212, 164]},
						{"origin": [15.5, 6.40326, -28], "size": [2, 1.19347, 1], "pivot": [17, 7, -25], "rotation": [22.5, 0, 0], "uv": [212, 159]},
						{"origin": [15.5, 6.40326, -28], "size": [2, 1.19347, 1], "uv": [212, 152]},
						{"origin": [15.5, 6.40326, -28], "size": [2, 1.19347, 1], "pivot": [17, 7, -25], "rotation": [-22.5, 0, 0], "uv": [212, 149]},
						{"origin": [15.5, 6.40326, -28], "size": [2, 1.19347, 1], "pivot": [17, 7, -25], "rotation": [-45, 0, 0], "uv": [212, 16]},
						{"origin": [15.5, 6.40326, -23], "size": [2, 1.19347, 1], "pivot": [17, 7, -25], "rotation": [45, 0, 0], "uv": [212, 12]},
						{"origin": [15.5, 6.40326, -23], "size": [2, 1.19347, 1], "pivot": [17, 7, -25], "rotation": [22.5, 0, 0], "uv": [212, 10]},
						{"origin": [15.5, 6.40326, -23], "size": [2, 1.19347, 1], "uv": [212, 212]},
						{"origin": [15.5, 6.40326, -23], "size": [2, 1.19347, 1], "pivot": [17, 7, -25], "rotation": [-22.5, 0, 0], "uv": [206, 212]},
						{"origin": [15.5, 6.40326, -23], "size": [2, 1.19347, 1], "pivot": [17, 7, -25], "rotation": [-45, 0, 0], "uv": [172, 212]},
						{"origin": [15.5, 4, -25.59674], "size": [2, 1, 1.19347], "pivot": [17, 7, -25], "rotation": [22.5, 0, 0], "uv": [211, 197]},
						{"origin": [15.5, 4, -25.59674], "size": [2, 1, 1.19347], "uv": [211, 162]},
						{"origin": [15.5, 4, -25.59674], "size": [2, 1, 1.19347], "pivot": [17, 7, -25], "rotation": [-22.5, 0, 0], "uv": [211, 111]},
						{"origin": [15.5, 9, -25.59674], "size": [2, 1, 1.19347], "pivot": [17, 7, -25], "rotation": [22.5, 0, 0], "uv": [211, 46]},
						{"origin": [15.5, 9, -25.59674], "size": [2, 1, 1.19347], "uv": [211, 43]},
						{"origin": [15.5, 5, -26.59674], "size": [2, 4, 3.19347], "uv": [100, 0]},
						{"origin": [15.5, 5.5, -27.09674], "size": [2, 3, 1.19347], "uv": [68, 33]},
						{"origin": [15.5, 5.5, -24.09674], "size": [2, 3, 1.19347], "uv": [25, 61]},
						{"origin": [15.5, 9, -25.59674], "size": [2, 1, 1.19347], "pivot": [17, 7, -25], "rotation": [-22.5, 0, 0], "uv": [211, 41]}
					]
				},
				{
					"name": "fronttire2",
					"parent": "fronttires",
					"pivot": [-17, 7, -25],
					"cubes": [
						{"origin": [-17, 2, -30], "size": [1, 10, 10], "uv": [0, 94]}
					]
				},
				{
					"name": "ftr",
					"parent": "fronttire2",
					"pivot": [-7, -1, -33],
					"cubes": [
						{"origin": [-18.5, 5.60761, -32], "size": [4, 2.78477, 1.6], "pivot": [-15, 7, -25], "rotation": [45, 0, 0], "uv": [204, 146]},
						{"origin": [-18.5, 5.60761, -32], "size": [4, 2.78477, 1.6], "pivot": [-15, 7, -25], "rotation": [22.5, 0, 0], "uv": [204, 140]},
						{"origin": [-18.5, 5.60761, -32], "size": [4, 2.78477, 1.6], "uv": [204, 137]},
						{"origin": [-18.5, 5.60761, -32], "size": [4, 2.78477, 1.6], "pivot": [-15, 7, -25], "rotation": [-22.5, 0, 0], "uv": [204, 134]},
						{"origin": [-18.5, 5.60761, -32], "size": [4, 2.78477, 1.6], "pivot": [-15, 7, -25], "rotation": [-45, 0, 0], "uv": [204, 128]},
						{"origin": [-18.5, 5.60761, -19.6], "size": [4, 2.78477, 1.6], "pivot": [-15, 7, -25], "rotation": [45, 0, 0], "uv": [204, 125]},
						{"origin": [-18.5, 5.60761, -19.6], "size": [4, 2.78477, 1.6], "pivot": [-15, 7, -25], "rotation": [22.5, 0, 0], "uv": [204, 101]},
						{"origin": [-18.5, 5.60761, -19.6], "size": [4, 2.78477, 1.6], "uv": [204, 98]},
						{"origin": [-18.5, 5.60761, -19.6], "size": [4, 2.78477, 1.6], "pivot": [-15, 7, -25], "rotation": [-22.5, 0, 0], "uv": [204, 95]},
						{"origin": [-18.5, 5.60761, -19.6], "size": [4, 2.78477, 1.6], "pivot": [-15, 7, -25], "rotation": [-45, 0, 0], "uv": [204, 87]},
						{"origin": [-18.5, 0, -26.39239], "size": [4, 1.6, 2.78477], "pivot": [-15, 7, -25], "rotation": [22.5, 0, 0], "uv": [98, 190]},
						{"origin": [-18.5, 0, -26.39239], "size": [4, 1.6, 2.78477], "uv": [189, 75]},
						{"origin": [-18.5, 0, -26.39239], "size": [4, 1.6, 2.78477], "pivot": [-15, 7, -25], "rotation": [-22.5, 0, 0], "uv": [82, 189]},
						{"origin": [-18.5, 12.4, -26.39239], "size": [4, 1.6, 2.78477], "pivot": [-15, 7, -25], "rotation": [22.5, 0, 0], "uv": [66, 189]},
						{"origin": [-18.5, 12.4, -26.39239], "size": [4, 1.6, 2.78477], "uv": [98, 187]},
						{"origin": [-18.5, 12.4, -26.39239], "size": [4, 1.6, 2.78477], "pivot": [-15, 7, -25], "rotation": [-22.5, 0, 0], "uv": [186, 181]}
					]
				},
				{
					"name": "frr",
					"parent": "fronttire2",
					"pivot": [-7.5, -1, -33],
					"cubes": [
						{"origin": [-18, 5.92587, -30.4], "size": [3, 2.14825, 1], "pivot": [-15.5, 7, -25], "rotation": [45, 0, 0], "uv": [209, 119]},
						{"origin": [-18, 5.92587, -30.4], "size": [3, 2.14825, 1], "pivot": [-15.5, 7, -25], "rotation": [22.5, 0, 0], "uv": [209, 116]},
						{"origin": [-18, 5.92587, -30.4], "size": [3, 2.14825, 1], "uv": [209, 78]},
						{"origin": [-18, 5.92587, -30.4], "size": [3, 2.14825, 1], "pivot": [-15.5, 7, -25], "rotation": [-22.5, 0, 0], "uv": [209, 69]},
						{"origin": [-18, 5.92587, -30.4], "size": [3, 2.14825, 1], "pivot": [-15.5, 7, -25], "rotation": [-45, 0, 0], "uv": [209, 5]},
						{"origin": [-18, 5.92587, -20.6], "size": [3, 2.14825, 1], "pivot": [-15.5, 7, -25], "rotation": [45, 0, 0], "uv": [209, 2]},
						{"origin": [-18, 5.92587, -20.6], "size": [3, 2.14825, 1], "pivot": [-15.5, 7, -25], "rotation": [22.5, 0, 0], "uv": [206, 209]},
						{"origin": [-18, 5.92587, -20.6], "size": [3, 2.14825, 1], "uv": [173, 209]},
						{"origin": [-18, 5.92587, -20.6], "size": [3, 2.14825, 1], "pivot": [-15.5, 7, -25], "rotation": [-22.5, 0, 0], "uv": [97, 209]},
						{"origin": [-18, 5.92587, -20.6], "size": [3, 2.14825, 1], "pivot": [-15.5, 7, -25], "rotation": [-45, 0, 0], "uv": [89, 209]},
						{"origin": [-18, 1.6, -26.07413], "size": [3, 1, 2.14825], "pivot": [-15.5, 7, -25], "rotation": [22.5, 0, 0], "uv": [77, 204]},
						{"origin": [-18, 1.6, -26.07413], "size": [3, 1, 2.14825], "uv": [67, 204]},
						{"origin": [-18, 1.6, -26.07413], "size": [3, 1, 2.14825], "pivot": [-15.5, 7, -25], "rotation": [-22.5, 0, 0], "uv": [57, 204]},
						{"origin": [-18, 11.4, -26.07413], "size": [3, 1, 2.14825], "pivot": [-15.5, 7, -25], "rotation": [22.5, 0, 0], "uv": [10, 204]},
						{"origin": [-18, 11.4, -26.07413], "size": [3, 1, 2.14825], "uv": [0, 204]},
						{"origin": [-18, 11.4, -26.07413], "size": [3, 1, 2.14825], "pivot": [-15.5, 7, -25], "rotation": [-22.5, 0, 0], "uv": [203, 197]}
					]
				},
				{
					"name": "firr",
					"parent": "fronttire2",
					"pivot": [-8, -1, -33],
					"cubes": [
						{"origin": [-17.5, 6.40326, -28], "size": [2, 1.19347, 1], "pivot": [-16, 7, -25], "rotation": [45, 0, 0], "uv": [211, 23]},
						{"origin": [-17.5, 6.40326, -28], "size": [2, 1.19347, 1], "pivot": [-16, 7, -25], "rotation": [22.5, 0, 0], "uv": [211, 20]},
						{"origin": [-17.5, 6.40326, -28], "size": [2, 1.19347, 1], "uv": [211, 18]},
						{"origin": [-17.5, 6.40326, -28], "size": [2, 1.19347, 1], "pivot": [-16, 7, -25], "rotation": [-22.5, 0, 0], "uv": [211, 14]},
						{"origin": [-17.5, 6.40326, -28], "size": [2, 1.19347, 1], "pivot": [-16, 7, -25], "rotation": [-45, 0, 0], "uv": [210, 143]},
						{"origin": [-17.5, 6.40326, -23], "size": [2, 1.19347, 1], "pivot": [-16, 7, -25], "rotation": [45, 0, 0], "uv": [210, 131]},
						{"origin": [-17.5, 6.40326, -23], "size": [2, 1.19347, 1], "pivot": [-16, 7, -25], "rotation": [22.5, 0, 0], "uv": [210, 53]},
						{"origin": [-17.5, 6.40326, -23], "size": [2, 1.19347, 1], "uv": [210, 0]},
						{"origin": [-17.5, 6.40326, -23], "size": [2, 1.19347, 1], "pivot": [-16, 7, -25], "rotation": [-22.5, 0, 0], "uv": [209, 85]},
						{"origin": [-17.5, 6.40326, -23], "size": [2, 1.19347, 1], "pivot": [-16, 7, -25], "rotation": [-45, 0, 0], "uv": [208, 114]},
						{"origin": [-17.5, 4, -25.59674], "size": [2, 1, 1.19347], "pivot": [-16, 7, -25], "rotation": [22.5, 0, 0], "uv": [207, 93]},
						{"origin": [-17.5, 4, -25.59674], "size": [2, 1, 1.19347], "uv": [205, 111]},
						{"origin": [-17.5, 4, -25.59674], "size": [2, 1, 1.19347], "pivot": [-16, 7, -25], "rotation": [-22.5, 0, 0], "uv": [204, 155]},
						{"origin": [-17.5, 9, -25.59674], "size": [2, 1, 1.19347], "pivot": [-16, 7, -25], "rotation": [22.5, 0, 0], "uv": [204, 143]},
						{"origin": [-17.5, 9, -25.59674], "size": [2, 1, 1.19347], "uv": [204, 131]},
						{"origin": [-17.5, 5, -26.59674], "size": [2, 4, 3.19347], "uv": [12, 94]},
						{"origin": [-17.5, 5.5, -27.09674], "size": [2, 3, 1.19347], "uv": [16, 61]},
						{"origin": [-17.5, 5.5, -24.09674], "size": [2, 3, 1.19347], "uv": [7, 61]},
						{"origin": [-17.5, 9, -25.59674], "size": [2, 1, 1.19347], "pivot": [-16, 7, -25], "rotation": [-22.5, 0, 0], "uv": [154, 198]}
					]
				},
				{
					"name": "backtires",
					"pivot": [0, 7, 23]
				},
				{
					"name": "backtire1",
					"parent": "backtires",
					"pivot": [17, 7, 23],
					"cubes": [
						{"origin": [16, 2, 18], "size": [1, 10, 10], "uv": [90, 55]}
					]
				},
				{
					"name": "btl",
					"parent": "backtire1",
					"pivot": [26, -1, 15],
					"cubes": [
						{"origin": [14.5, 5.60761, 16], "size": [4, 2.78477, 1.6], "pivot": [18, 7, 23], "rotation": [45, 0, 0], "uv": [203, 194]},
						{"origin": [14.5, 5.60761, 16], "size": [4, 2.78477, 1.6], "pivot": [18, 7, 23], "rotation": [22.5, 0, 0], "uv": [203, 191]},
						{"origin": [14.5, 5.60761, 16], "size": [4, 2.78477, 1.6], "uv": [173, 203]},
						{"origin": [14.5, 5.60761, 16], "size": [4, 2.78477, 1.6], "pivot": [18, 7, 23], "rotation": [-22.5, 0, 0], "uv": [34, 203]},
						{"origin": [14.5, 5.60761, 16], "size": [4, 2.78477, 1.6], "pivot": [18, 7, 23], "rotation": [-45, 0, 0], "uv": [24, 203]},
						{"origin": [14.5, 5.60761, 28.4], "size": [4, 2.78477, 1.6], "pivot": [18, 7, 23], "rotation": [45, 0, 0], "uv": [202, 163]},
						{"origin": [14.5, 5.60761, 28.4], "size": [4, 2.78477, 1.6], "pivot": [18, 7, 23], "rotation": [22.5, 0, 0], "uv": [198, 202]},
						{"origin": [14.5, 5.60761, 28.4], "size": [4, 2.78477, 1.6], "uv": [201, 60]},
						{"origin": [14.5, 5.60761, 28.4], "size": [4, 2.78477, 1.6], "pivot": [18, 7, 23], "rotation": [-22.5, 0, 0], "uv": [201, 57]},
						{"origin": [14.5, 5.60761, 28.4], "size": [4, 2.78477, 1.6], "pivot": [18, 7, 23], "rotation": [-45, 0, 0], "uv": [201, 54]},
						{"origin": [14.5, 0, 21.60761], "size": [4, 1.6, 2.78477], "pivot": [18, 7, 23], "rotation": [22.5, 0, 0], "uv": [186, 178]},
						{"origin": [14.5, 0, 21.60761], "size": [4, 1.6, 2.78477], "uv": [82, 186]},
						{"origin": [14.5, 0, 21.60761], "size": [4, 1.6, 2.78477], "pivot": [18, 7, 23], "rotation": [-22.5, 0, 0], "uv": [66, 186]},
						{"origin": [14.5, 12.4, 21.60761], "size": [4, 1.6, 2.78477], "pivot": [18, 7, 23], "rotation": [22.5, 0, 0], "uv": [51, 186]},
						{"origin": [14.5, 12.4, 21.60761], "size": [4, 1.6, 2.78477], "uv": [36, 186]},
						{"origin": [14.5, 12.4, 21.60761], "size": [4, 1.6, 2.78477], "pivot": [18, 7, 23], "rotation": [-22.5, 0, 0], "uv": [22, 186]}
					]
				},
				{
					"name": "brl",
					"parent": "backtire1",
					"pivot": [25.5, -1, 15],
					"cubes": [
						{"origin": [15, 5.92587, 17.6], "size": [3, 2.14825, 1], "pivot": [17.5, 7, 23], "rotation": [45, 0, 0], "uv": [32, 209]},
						{"origin": [15, 5.92587, 17.6], "size": [3, 2.14825, 1], "pivot": [17.5, 7, 23], "rotation": [22.5, 0, 0], "uv": [24, 209]},
						{"origin": [15, 5.92587, 17.6], "size": [3, 2.14825, 1], "uv": [208, 202]},
						{"origin": [15, 5.92587, 17.6], "size": [3, 2.14825, 1], "pivot": [17.5, 7, 23], "rotation": [-22.5, 0, 0], "uv": [208, 169]},
						{"origin": [15, 5.92587, 17.6], "size": [3, 2.14825, 1], "pivot": [17.5, 7, 23], "rotation": [-45, 0, 0], "uv": [208, 166]},
						{"origin": [15, 5.92587, 27.4], "size": [3, 2.14825, 1], "pivot": [17.5, 7, 23], "rotation": [45, 0, 0], "uv": [208, 82]},
						{"origin": [15, 5.92587, 27.4], "size": [3, 2.14825, 1], "pivot": [17.5, 7, 23], "rotation": [22.5, 0, 0], "uv": [208, 75]},
						{"origin": [15, 5.92587, 27.4], "size": [3, 2.14825, 1], "uv": [208, 50]},
						{"origin": [15, 5.92587, 27.4], "size": [3, 2.14825, 1], "pivot": [17.5, 7, 23], "rotation": [-22.5, 0, 0], "uv": [198, 208]},
						{"origin": [15, 5.92587, 27.4], "size": [3, 2.14825, 1], "pivot": [17.5, 7, 23], "rotation": [-45, 0, 0], "uv": [81, 208]},
						{"origin": [15, 1.6, 21.92587], "size": [3, 1, 2.14825], "pivot": [17.5, 7, 23], "rotation": [22.5, 0, 0], "uv": [200, 120]},
						{"origin": [15, 1.6, 21.92587], "size": [3, 1, 2.14825], "uv": [200, 117]},
						{"origin": [15, 1.6, 21.92587], "size": [3, 1, 2.14825], "pivot": [17.5, 7, 23], "rotation": [-22.5, 0, 0], "uv": [200, 114]},
						{"origin": [15, 11.4, 21.92587], "size": [3, 1, 2.14825], "pivot": [17.5, 7, 23], "rotation": [22.5, 0, 0], "uv": [200, 79]},
						{"origin": [15, 11.4, 21.92587], "size": [3, 1, 2.14825], "uv": [200, 76]},
						{"origin": [15, 11.4, 21.92587], "size": [3, 1, 2.14825], "pivot": [17.5, 7, 23], "rotation": [-22.5, 0, 0], "uv": [200, 70]}
					]
				},
				{
					"name": "birl",
					"parent": "backtire1",
					"pivot": [25, -1, 15],
					"cubes": [
						{"origin": [15.5, 6.40326, 20], "size": [2, 1.19347, 1], "pivot": [17, 7, 23], "rotation": [45, 0, 0], "uv": [152, 195]},
						{"origin": [15.5, 6.40326, 20], "size": [2, 1.19347, 1], "pivot": [17, 7, 23], "rotation": [22.5, 0, 0], "uv": [194, 149]},
						{"origin": [15.5, 6.40326, 20], "size": [2, 1.19347, 1], "uv": [193, 109]},
						{"origin": [15.5, 6.40326, 20], "size": [2, 1.19347, 1], "pivot": [17, 7, 23], "rotation": [-22.5, 0, 0], "uv": [192, 185]},
						{"origin": [15.5, 6.40326, 20], "size": [2, 1.19347, 1], "pivot": [17, 7, 23], "rotation": [-45, 0, 0], "uv": [192, 114]},
						{"origin": [15.5, 6.40326, 25], "size": [2, 1.19347, 1], "pivot": [17, 7, 23], "rotation": [45, 0, 0], "uv": [89, 192]},
						{"origin": [15.5, 6.40326, 25], "size": [2, 1.19347, 1], "pivot": [17, 7, 23], "rotation": [22.5, 0, 0], "uv": [190, 19]},
						{"origin": [15.5, 6.40326, 25], "size": [2, 1.19347, 1], "uv": [57, 189]},
						{"origin": [15.5, 6.40326, 25], "size": [2, 1.19347, 1], "pivot": [17, 7, 23], "rotation": [-22.5, 0, 0], "uv": [51, 189]},
						{"origin": [15.5, 6.40326, 25], "size": [2, 1.19347, 1], "pivot": [17, 7, 23], "rotation": [-45, 0, 0], "uv": [188, 149]},
						{"origin": [15.5, 4, 22.40326], "size": [2, 1, 1.19347], "pivot": [17, 7, 23], "rotation": [22.5, 0, 0], "uv": [185, 98]},
						{"origin": [15.5, 4, 22.40326], "size": [2, 1, 1.19347], "uv": [184, 19]},
						{"origin": [15.5, 4, 22.40326], "size": [2, 1, 1.19347], "pivot": [17, 7, 23], "rotation": [-22.5, 0, 0], "uv": [51, 184]},
						{"origin": [15.5, 9, 22.40326], "size": [2, 1, 1.19347], "pivot": [17, 7, 23], "rotation": [22.5, 0, 0], "uv": [82, 183]},
						{"origin": [15.5, 9, 22.40326], "size": [2, 1, 1.19347], "uv": [76, 183]},
						{"origin": [15.5, 5, 21.40326], "size": [2, 4, 3.19347], "uv": [0, 94]},
						{"origin": [15.5, 5.5, 20.90326], "size": [2, 3, 1.19347], "uv": [9, 41]},
						{"origin": [15.5, 5.5, 23.90326], "size": [2, 3, 1.19347], "uv": [0, 41]},
						{"origin": [15.5, 9, 22.40326], "size": [2, 1, 1.19347], "pivot": [17, 7, 23], "rotation": [-22.5, 0, 0], "uv": [182, 149]}
					]
				},
				{
					"name": "backtire2",
					"parent": "backtires",
					"pivot": [-17, 7, 23],
					"cubes": [
						{"origin": [-17, 2, 18], "size": [1, 10, 10], "uv": [68, 89]}
					]
				},
				{
					"name": "btr",
					"parent": "backtire2",
					"pivot": [-7, -1, 15],
					"cubes": [
						{"origin": [-18.5, 5.60761, 16], "size": [4, 2.78477, 1.6], "pivot": [-15, 7, 23], "rotation": [45, 0, 0], "uv": [200, 67]},
						{"origin": [-18.5, 5.60761, 16], "size": [4, 2.78477, 1.6], "pivot": [-15, 7, 23], "rotation": [22.5, 0, 0], "uv": [200, 64]},
						{"origin": [-18.5, 5.60761, 16], "size": [4, 2.78477, 1.6], "uv": [200, 0]},
						{"origin": [-18.5, 5.60761, 16], "size": [4, 2.78477, 1.6], "pivot": [-15, 7, 23], "rotation": [-22.5, 0, 0], "uv": [199, 188]},
						{"origin": [-18.5, 5.60761, 16], "size": [4, 2.78477, 1.6], "pivot": [-15, 7, 23], "rotation": [-45, 0, 0], "uv": [198, 173]},
						{"origin": [-18.5, 5.60761, 28.4], "size": [4, 2.78477, 1.6], "pivot": [-15, 7, 23], "rotation": [45, 0, 0], "uv": [198, 170]},
						{"origin": [-18.5, 5.60761, 28.4], "size": [4, 2.78477, 1.6], "pivot": [-15, 7, 23], "rotation": [22.5, 0, 0], "uv": [198, 167]},
						{"origin": [-18.5, 5.60761, 28.4], "size": [4, 2.78477, 1.6], "uv": [11, 198]},
						{"origin": [-18.5, 5.60761, 28.4], "size": [4, 2.78477, 1.6], "pivot": [-15, 7, 23], "rotation": [-22.5, 0, 0], "uv": [197, 91]},
						{"origin": [-18.5, 5.60761, 28.4], "size": [4, 2.78477, 1.6], "pivot": [-15, 7, 23], "rotation": [-45, 0, 0], "uv": [123, 176]},
						{"origin": [-18.5, 0, 21.60761], "size": [4, 1.6, 2.78477], "pivot": [-15, 7, 23], "rotation": [22.5, 0, 0], "uv": [185, 95]},
						{"origin": [-18.5, 0, 21.60761], "size": [4, 1.6, 2.78477], "uv": [36, 183]},
						{"origin": [-18.5, 0, 21.60761], "size": [4, 1.6, 2.78477], "pivot": [-15, 7, 23], "rotation": [-22.5, 0, 0], "uv": [19, 182]},
						{"origin": [-18.5, 12.4, 21.60761], "size": [4, 1.6, 2.78477], "pivot": [-15, 7, 23], "rotation": [22.5, 0, 0], "uv": [44, 133]},
						{"origin": [-18.5, 12.4, 21.60761], "size": [4, 1.6, 2.78477], "uv": [0, 72]},
						{"origin": [-18.5, 12.4, 21.60761], "size": [4, 1.6, 2.78477], "pivot": [-15, 7, 23], "rotation": [-22.5, 0, 0], "uv": [0, 11]}
					]
				},
				{
					"name": "brr",
					"parent": "backtire2",
					"pivot": [-7.5, -1, 15],
					"cubes": [
						{"origin": [-18, 5.92587, 17.6], "size": [3, 2.14825, 1], "pivot": [-15.5, 7, 23], "rotation": [45, 0, 0], "uv": [207, 90]},
						{"origin": [-18, 5.92587, 17.6], "size": [3, 2.14825, 1], "pivot": [-15.5, 7, 23], "rotation": [22.5, 0, 0], "uv": [207, 27]},
						{"origin": [-18, 5.92587, 17.6], "size": [3, 2.14825, 1], "uv": [73, 207]},
						{"origin": [-18, 5.92587, 17.6], "size": [3, 2.14825, 1], "pivot": [-15.5, 7, 23], "rotation": [-22.5, 0, 0], "uv": [65, 207]},
						{"origin": [-18, 5.92587, 17.6], "size": [3, 2.14825, 1], "pivot": [-15.5, 7, 23], "rotation": [-45, 0, 0], "uv": [57, 207]},
						{"origin": [-18, 5.92587, 27.4], "size": [3, 2.14825, 1], "pivot": [-15.5, 7, 23], "rotation": [45, 0, 0], "uv": [8, 207]},
						{"origin": [-18, 5.92587, 27.4], "size": [3, 2.14825, 1], "pivot": [-15.5, 7, 23], "rotation": [22.5, 0, 0], "uv": [0, 207]},
						{"origin": [-18, 5.92587, 27.4], "size": [3, 2.14825, 1], "uv": [193, 101]},
						{"origin": [-18, 5.92587, 27.4], "size": [3, 2.14825, 1], "pivot": [-15.5, 7, 23], "rotation": [-22.5, 0, 0], "uv": [165, 174]},
						{"origin": [-18, 5.92587, 27.4], "size": [3, 2.14825, 1], "pivot": [-15.5, 7, 23], "rotation": [-45, 0, 0], "uv": [168, 10]},
						{"origin": [-18, 1.6, 21.92587], "size": [3, 1, 2.14825], "pivot": [-15.5, 7, 23], "rotation": [22.5, 0, 0], "uv": [32, 138]},
						{"origin": [-18, 1.6, 21.92587], "size": [3, 1, 2.14825], "uv": [29, 115]},
						{"origin": [-18, 1.6, 21.92587], "size": [3, 1, 2.14825], "pivot": [-15.5, 7, 23], "rotation": [-22.5, 0, 0], "uv": [12, 101]},
						{"origin": [-18, 11.4, 21.92587], "size": [3, 1, 2.14825], "pivot": [-15.5, 7, 23], "rotation": [22.5, 0, 0], "uv": [0, 101]},
						{"origin": [-18, 11.4, 21.92587], "size": [3, 1, 2.14825], "uv": [100, 7]},
						{"origin": [-18, 11.4, 21.92587], "size": [3, 1, 2.14825], "pivot": [-15.5, 7, 23], "rotation": [-22.5, 0, 0], "uv": [90, 62]}
					]
				},
				{
					"name": "birr",
					"parent": "backtire2",
					"pivot": [-8, -1, 15],
					"cubes": [
						{"origin": [-17.5, 6.40326, 20], "size": [2, 1.19347, 1], "pivot": [-16, 7, 23], "rotation": [45, 0, 0], "uv": [171, 182]},
						{"origin": [-17.5, 6.40326, 20], "size": [2, 1.19347, 1], "pivot": [-16, 7, 23], "rotation": [22.5, 0, 0], "uv": [165, 182]},
						{"origin": [-17.5, 6.40326, 20], "size": [2, 1.19347, 1], "uv": [59, 181]},
						{"origin": [-17.5, 6.40326, 20], "size": [2, 1.19347, 1], "pivot": [-16, 7, 23], "rotation": [-22.5, 0, 0], "uv": [87, 179]},
						{"origin": [-17.5, 6.40326, 20], "size": [2, 1.19347, 1], "pivot": [-16, 7, 23], "rotation": [-45, 0, 0], "uv": [178, 19]},
						{"origin": [-17.5, 6.40326, 25], "size": [2, 1.19347, 1], "pivot": [-16, 7, 23], "rotation": [45, 0, 0], "uv": [176, 53]},
						{"origin": [-17.5, 6.40326, 25], "size": [2, 1.19347, 1], "pivot": [-16, 7, 23], "rotation": [22.5, 0, 0], "uv": [124, 172]},
						{"origin": [-17.5, 6.40326, 25], "size": [2, 1.19347, 1], "uv": [134, 165]},
						{"origin": [-17.5, 6.40326, 25], "size": [2, 1.19347, 1], "pivot": [-16, 7, 23], "rotation": [-22.5, 0, 0], "uv": [134, 162]},
						{"origin": [-17.5, 6.40326, 25], "size": [2, 1.19347, 1], "pivot": [-16, 7, 23], "rotation": [-45, 0, 0], "uv": [126, 162]},
						{"origin": [-17.5, 4, 22.40326], "size": [2, 1, 1.19347], "pivot": [-16, 7, 23], "rotation": [22.5, 0, 0], "uv": [76, 44]},
						{"origin": [-17.5, 4, 22.40326], "size": [2, 1, 1.19347], "uv": [76, 37]},
						{"origin": [-17.5, 4, 22.40326], "size": [2, 1, 1.19347], "pivot": [-16, 7, 23], "rotation": [-22.5, 0, 0], "uv": [68, 44]},
						{"origin": [-17.5, 9, 22.40326], "size": [2, 1, 1.19347], "pivot": [-16, 7, 23], "rotation": [22.5, 0, 0], "uv": [68, 37]},
						{"origin": [-17.5, 9, 22.40326], "size": [2, 1, 1.19347], "uv": [25, 5]},
						{"origin": [-17.5, 5, 21.40326], "size": [2, 4, 3.19347], "uv": [90, 55]},
						{"origin": [-17.5, 5.5, 20.90326], "size": [2, 3, 1.19347], "uv": [9, 33]},
						{"origin": [-17.5, 5.5, 23.90326], "size": [2, 3, 1.19347], "uv": [0, 33]},
						{"origin": [-17.5, 9, 22.40326], "size": [2, 1, 1.19347], "pivot": [-16, 7, 23], "rotation": [-22.5, 0, 0], "uv": [16, 5]}
					]
				}
			]
		}
	]
}