{
	"format_version": "1.12.0",
	"minecraft:geometry": [
		{
			"description": {
				"identifier": "geometry.pkancill200_m1",
				"texture_width": 256,
				"texture_height": 256,
				"visible_bounds_width": 6,
				"visible_bounds_height": 4,
				"visible_bounds_offset": [0, 1, 0]
			},
			"bones": [
				{
					"name": "front",
					"pivot": [0, 0, 0],
					"cubes": [
						{"origin": [-8, 4, -33], "size": [16, 1, 1], "uv": [21, 134]},
						{"origin": [8, 4, -33], "size": [10, 1, 1], "uv": [0, 119]},
						{"origin": [17, 5, -33], "size": [1, 5, 1], "pivot": [16, 5, -33], "rotation": [15, 0, 0], "uv": [16, 195]},
						{"origin": [10, 5, -33], "size": [7, 3, 1], "pivot": [15, 5, -33], "rotation": [15, 0, 0], "uv": [161, 146]},
						{"origin": [-17, 5, -33], "size": [7, 3, 1], "pivot": [-12, 5, -33], "rotation": [15, 0, 0], "uv": [114, 161]},
						{"origin": [-11, 8, -33], "size": [1, 2, 1], "pivot": [-12, 5, -33], "rotation": [15, 0, 0], "uv": [172, 0]},
						{"origin": [-17, 8, -32.6], "size": [6, 2, 1], "pivot": [-13, 5, -33], "rotation": [15, 0, 0], "uv": [15, 68]},
						{"origin": [11, 8, -32.6], "size": [6, 2, 1], "pivot": [15, 5, -33], "rotation": [15, 0, 0], "uv": [47, 41]},
						{"origin": [10, 8, -33], "size": [1, 2, 1], "pivot": [9, 5, -33], "rotation": [15, 0, 0], "uv": [169, 17]},
						{"origin": [-10, 4.5, -33], "size": [20, 1, 1], "pivot": [-5, 5, -33], "rotation": [15, 0, 0], "uv": [128, 76]},
						{"origin": [9, 5.49116, -33.13282], "size": [1, 4, 1], "pivot": [9, 5.5, -33.1], "rotation": [14.5, -3.5, 12.5], "uv": [138, 195]},
						{"origin": [9, 9.09116, -33.13282], "size": [1, 1, 1], "pivot": [9, 5.5, -33.1], "rotation": [14.5, -3.5, 12.5], "uv": [51, 200]},
						{"origin": [-10, 5.49116, -33.13282], "size": [1, 4, 1], "pivot": [-9, 5.5, -33.1], "rotation": [14.5, 3.5, -12.5], "uv": [134, 195]},
						{"origin": [-10, 9.09116, -33.13282], "size": [1, 1, 1], "pivot": [-9, 5.5, -33.1], "rotation": [14.5, 3.5, -12.5], "uv": [47, 200]},
						{"origin": [-10, 5.5, -32.3], "size": [20, 5, 1], "pivot": [-5, 5, -33], "rotation": [15, 0, 0], "uv": [134, 51]},
						{"origin": [17, 9.82709, -34.3], "size": [1, 1, 1], "uv": [43, 200]},
						{"origin": [-18, 9.82709, -34.3], "size": [1, 1, 1], "uv": [39, 200]},
						{"origin": [-17, 9.82709, -34.3], "size": [9, 1, 1], "uv": [142, 138]},
						{"origin": [8, 9.82709, -34.3], "size": [9, 1, 1], "uv": [31, 136]},
						{"origin": [-8, 9.82709, -34.3], "size": [16, 1, 1], "uv": [30, 106]},
						{"origin": [-9, 10.42709, -33.3], "size": [18, 1, 1], "pivot": [-2, 10.8, -33.3], "rotation": [-2.5, 0, 0], "uv": [155, 46]},
						{"origin": [-9, 11.42709, -32.8], "size": [18, 2, 1], "pivot": [-2, 10.8, -33.3], "rotation": [-2.5, 0, 0], "uv": [102, 134]},
						{"origin": [-9, 10.42766, -33.27383], "size": [1, 3, 1], "pivot": [-9, 11.4277, -33.3], "rotation": [-2.5, 0, -20], "uv": [146, 120]},
						{"origin": [8, 10.42766, -33.27383], "size": [1, 3, 1], "pivot": [9, 11.4277, -33.3], "rotation": [-2.5, 0, 20], "uv": [0, 146]},
						{"origin": [-18, 10.42709, -33.3], "size": [1, 4, 1], "pivot": [-12, 10.8, -33.3], "rotation": [-2.5, 0, 0], "uv": [130, 195]},
						{"origin": [17, 10.42709, -33.3], "size": [1, 4, 1], "pivot": [23, 10.8, -33.3], "rotation": [-2.5, 0, 0], "uv": [126, 195]},
						{"origin": [17, 14.431, -33.22], "size": [1, 1, 1], "pivot": [18, 14.3, -33.2], "rotation": [-35, 0, 0], "uv": [35, 200]},
						{"origin": [17, 14.431, -33.22], "size": [1, 1, 1], "pivot": [18, 14.3, -33.2], "rotation": [-35, 0, 0], "uv": [31, 200]},
						{"origin": [17, 15.25, -32.615], "size": [1, 1, 1], "pivot": [18, 15.2, -32.6], "rotation": [-57.5, 0, 0], "uv": [27, 200]},
						{"origin": [-17, 15.25, -32.615], "size": [34, 1, 1], "pivot": [17, 15.2, -32.6], "rotation": [-57.5, 0, 0], "uv": [30, 118]},
						{"origin": [-18, 15.25, -32.615], "size": [1, 1, 1], "pivot": [-17, 15.2, -32.6], "rotation": [-57.5, 0, 0], "uv": [23, 200]},
						{"origin": [17, 15.775, -31.681], "size": [1, 18, 1], "pivot": [18, 15.8, -31.7], "rotation": [-82.5, 0, 0], "uv": [92, 180]},
						{"origin": [17, 18.12707, -13.927], "size": [1, 2, 1], "pivot": [18, 18.1, -13.9], "rotation": [-90, 0, 0], "uv": [5, 167]},
						{"origin": [-18, 18.12707, -13.927], "size": [1, 2, 1], "pivot": [-17, 18.1, -13.9], "rotation": [-90, 0, 0], "uv": [166, 83]},
						{"origin": [-17, 18.12707, -13.927], "size": [33, 1, 1], "pivot": [-16, 18.1, -13.9], "rotation": [-90, 0, 0], "uv": [102, 118]},
						{"origin": [-18, 15.775, -31.681], "size": [1, 18, 1], "pivot": [-17, 15.8, -31.7], "rotation": [-82.5, 0, 0], "uv": [88, 180]},
						{"origin": [-17, 15.775, -31.681], "size": [9, 18, 1], "pivot": [-16, 15.8, -31.7], "rotation": [-82.5, 0, 0], "uv": [60, 165]},
						{"origin": [8, 15.775, -31.681], "size": [9, 18, 1], "pivot": [9, 15.8, -31.7], "rotation": [-82.5, 0, 0], "uv": [40, 165]},
						{"origin": [-8, 15.775, -31.681], "size": [16, 18, 1], "pivot": [0, 15.8, -31.7], "rotation": [-82.5, 0, 0], "uv": [80, 161]},
						{"origin": [-11, 14.431, -33.22], "size": [22, 1, 1], "pivot": [11, 14.3, -33.2], "rotation": [-35, 0, 0], "uv": [0, 127]},
						{"origin": [-18, 14.431, -33.22], "size": [1, 1, 1], "pivot": [-17, 14.3, -33.2], "rotation": [-35, 0, 0], "uv": [19, 200]},
						{"origin": [11, 14.431, -33.22], "size": [6, 1, 1], "pivot": [17, 14.3, -33.2], "rotation": [-35, 0, 0], "uv": [16, 43]},
						{"origin": [-17, 14.431, -33.22], "size": [6, 1, 1], "pivot": [-11, 14.3, -33.2], "rotation": [-35, 0, 0], "uv": [0, 43]},
						{"origin": [11, 10.42709, -33.3], "size": [6, 4, 1], "pivot": [22, 10.8, -33.3], "rotation": [-2.5, 0, 0], "uv": [47, 36]},
						{"origin": [-17, 10.42709, -33.3], "size": [6, 4, 1], "pivot": [-6, 10.8, -33.3], "rotation": [-2.5, 0, 0], "uv": [47, 31]},
						{"origin": [-11, 10.42709, -33.3], "size": [2, 4, 1], "pivot": [-4, 10.8, -33.3], "rotation": [-2.5, 0, 0], "uv": [168, 102]},
						{"origin": [9, 10.42709, -33.3], "size": [2, 4, 1], "pivot": [15, 10.8, -33.3], "rotation": [-2.5, 0, 0], "uv": [22, 116]},
						{"origin": [9, 9.42709, -33.3], "size": [1, 1, 1], "pivot": [15, 9.8, -33.3], "rotation": [-2.5, 0, 0], "uv": [199, 197]},
						{"origin": [10, 11.42766, -33.27383], "size": [1, 3, 1], "pivot": [10, 11.4, -33.3], "rotation": [-1.5, 0, 10], "uv": [21, 145]},
						{"origin": [10.52854, 14.48746, -32.24], "size": [1, 1, 1], "pivot": [10.5, 14.4, -32.3], "rotation": [-36.5, 5, 10], "uv": [199, 141]},
						{"origin": [-11, 10.42709, -30.3], "size": [1, 1, 1], "pivot": [-5, 10.8, -30.3], "rotation": [-2.5, 0, 0], "uv": [199, 120]},
						{"origin": [-11, 11.42766, -33.27383], "size": [1, 3, 1], "pivot": [-10, 11.4, -33.3], "rotation": [-1.5, 0, -10], "uv": [135, 36]},
						{"origin": [-11.52854, 14.48746, -32.24], "size": [1, 1, 1], "pivot": [-10.5, 14.4, -32.3], "rotation": [-36.5, -5, -10], "uv": [199, 75]},
						{"origin": [-9, 13.42709, -33.3], "size": [18, 1, 1], "pivot": [-2, 10.8, -33.3], "rotation": [-2.5, 0, 0], "uv": [155, 44]},
						{"origin": [-9, 11.685, -33.3], "size": [18, 1, 1], "pivot": [-2, 9.3, -33.3], "rotation": [-2.5, 0, 0], "uv": [134, 57]},
						{"origin": [-9, 11.92709, -33.3], "size": [18, 1, 1], "pivot": [-2, 9.3, -33.3], "rotation": [-2.5, 0, 0], "uv": [60, 130]},
						{"origin": [-18, 5, -33], "size": [1, 5, 1], "pivot": [-19, 5, -33], "rotation": [15, 0, 0], "uv": [12, 195]},
						{"origin": [17, 4, -33], "size": [1, 1, 5], "pivot": [16, 4, -33], "rotation": [-5, 0, 0], "uv": [47, 63]},
						{"origin": [-17, 4, -33], "size": [34, 1, 5], "pivot": [15, 4, -33], "rotation": [-5, 0, 0], "uv": [96, 96]},
						{"origin": [17, 5, -33], "size": [1, 9, 5], "uv": [16, 0]},
						{"origin": [17, 4.5, -33], "size": [1, 1, 5], "uv": [32, 63]},
						{"origin": [-18, 4.5, -33], "size": [1, 1, 5], "uv": [15, 62]},
						{"origin": [-18, 5, -33], "size": [1, 9, 5], "uv": [0, 0]},
						{"origin": [17, 14, -32], "size": [1, 1, 4], "uv": [174, 165]},
						{"origin": [-18, 14, -32], "size": [1, 1, 4], "uv": [172, 81]},
						{"origin": [17, 14.3, -30], "size": [1, 1, 2], "uv": [120, 195]},
						{"origin": [-18, 14.3, -30], "size": [1, 1, 2], "uv": [74, 195]},
						{"origin": [17, 14, -32.2], "size": [1, 1, 1], "uv": [199, 43]},
						{"origin": [-18, 14, -32.2], "size": [1, 1, 1], "uv": [199, 25]},
						{"origin": [17, 8.8, -33.9], "size": [1, 2, 1], "uv": [166, 80]},
						{"origin": [-18, 8.8, -33.9], "size": [1, 2, 1], "uv": [166, 0]},
						{"origin": [-18, 4, -33], "size": [1, 1, 5], "pivot": [-19, 4, -33], "rotation": [-5, 0, 0], "uv": [0, 62]},
						{"origin": [-18, 4, -33], "size": [10, 1, 1], "uv": [64, 60]},
						{"origin": [-13.5, 3, -28], "size": [1, 11, 14], "uv": [0, 31]},
						{"origin": [-12.5, 3, -28], "size": [25, 1, 14], "uv": [64, 64]}
					]
				},
				{
					"name": "fbl",
					"parent": "front",
					"pivot": [16.5, 6, -21],
					"cubes": [
						{"origin": [14.5, 5.42315, -23.9], "size": [2, 1.15369, 1], "pivot": [16, 6, -21], "rotation": [45, 0, 0], "uv": [198, 29]},
						{"origin": [14.5, 5.42315, -23.9], "size": [2, 1.15369, 1], "pivot": [16, 6, -21], "rotation": [22.5, 0, 0], "uv": [198, 23]},
						{"origin": [14.5, 5.42315, -23.9], "size": [2, 1.15369, 1], "uv": [198, 20]},
						{"origin": [14.5, 5.42315, -23.9], "size": [2, 1.15369, 1], "pivot": [16, 6, -21], "rotation": [-22.5, 0, 0], "uv": [198, 13]},
						{"origin": [14.5, 5.42315, -23.9], "size": [2, 1.15369, 1], "pivot": [16, 6, -21], "rotation": [-45, 0, 0], "uv": [194, 198]},
						{"origin": [14.5, 5.42315, -19.1], "size": [2, 1.15369, 1], "pivot": [16, 6, -21], "rotation": [45, 0, 0], "uv": [184, 198]},
						{"origin": [14.5, 5.42315, -19.1], "size": [2, 1.15369, 1], "pivot": [16, 6, -21], "rotation": [22.5, 0, 0], "uv": [142, 198]},
						{"origin": [14.5, 5.42315, -19.1], "size": [2, 1.15369, 1], "uv": [115, 198]},
						{"origin": [14.5, 5.42315, -19.1], "size": [2, 1.15369, 1], "pivot": [16, 6, -21], "rotation": [-22.5, 0, 0], "uv": [101, 198]},
						{"origin": [14.5, 5.42315, -19.1], "size": [2, 1.15369, 1], "pivot": [16, 6, -21], "rotation": [-45, 0, 0], "uv": [95, 198]},
						{"origin": [14.5, 3.1, -21.57685], "size": [2, 1, 1.15369], "pivot": [16, 6, -21], "rotation": [22.5, 0, 0], "uv": [72, 198]},
						{"origin": [14.5, 3.1, -21.57685], "size": [2, 1, 1.15369], "uv": [66, 198]},
						{"origin": [14.5, 3.1, -21.57685], "size": [2, 1, 1.15369], "pivot": [16, 6, -21], "rotation": [-22.5, 0, 0], "uv": [60, 198]},
						{"origin": [14.5, 7.9, -21.57685], "size": [2, 1, 1.15369], "pivot": [16, 6, -21], "rotation": [22.5, 0, 0], "uv": [54, 198]},
						{"origin": [14.5, 7.9, -21.57685], "size": [2, 1, 1.15369], "uv": [48, 198]},
						{"origin": [14.5, 7.9, -21.57685], "size": [2, 1, 1.15369], "pivot": [16, 6, -21], "rotation": [-22.5, 0, 0], "uv": [42, 198]}
					]
				},
				{
					"name": "fbr",
					"parent": "front",
					"pivot": [-16.5, 6, -21],
					"cubes": [
						{"origin": [-16.5, 5.42315, -23.9], "size": [2, 1.15369, 1], "pivot": [-15, 6, -21], "rotation": [45, 0, 0], "uv": [36, 198]},
						{"origin": [-16.5, 5.42315, -23.9], "size": [2, 1.15369, 1], "pivot": [-15, 6, -21], "rotation": [22.5, 0, 0], "uv": [30, 198]},
						{"origin": [-16.5, 5.42315, -23.9], "size": [2, 1.15369, 1], "uv": [24, 198]},
						{"origin": [-16.5, 5.42315, -23.9], "size": [2, 1.15369, 1], "pivot": [-15, 6, -21], "rotation": [-22.5, 0, 0], "uv": [197, 167]},
						{"origin": [-16.5, 5.42315, -23.9], "size": [2, 1.15369, 1], "pivot": [-15, 6, -21], "rotation": [-45, 0, 0], "uv": [197, 164]},
						{"origin": [-16.5, 5.42315, -19.1], "size": [2, 1.15369, 1], "pivot": [-15, 6, -21], "rotation": [45, 0, 0], "uv": [197, 159]},
						{"origin": [-16.5, 5.42315, -19.1], "size": [2, 1.15369, 1], "pivot": [-15, 6, -21], "rotation": [22.5, 0, 0], "uv": [197, 139]},
						{"origin": [-16.5, 5.42315, -19.1], "size": [2, 1.15369, 1], "uv": [197, 130]},
						{"origin": [-16.5, 5.42315, -19.1], "size": [2, 1.15369, 1], "pivot": [-15, 6, -21], "rotation": [-22.5, 0, 0], "uv": [197, 128]},
						{"origin": [-16.5, 5.42315, -19.1], "size": [2, 1.15369, 1], "pivot": [-15, 6, -21], "rotation": [-45, 0, 0], "uv": [197, 126]},
						{"origin": [-16.5, 3.1, -21.57685], "size": [2, 1, 1.15369], "pivot": [-15, 6, -21], "rotation": [22.5, 0, 0], "uv": [197, 114]},
						{"origin": [-16.5, 3.1, -21.57685], "size": [2, 1, 1.15369], "uv": [197, 108]},
						{"origin": [-16.5, 3.1, -21.57685], "size": [2, 1, 1.15369], "pivot": [-15, 6, -21], "rotation": [-22.5, 0, 0], "uv": [197, 93]},
						{"origin": [-16.5, 7.9, -21.57685], "size": [2, 1, 1.15369], "pivot": [-15, 6, -21], "rotation": [22.5, 0, 0], "uv": [197, 73]},
						{"origin": [-16.5, 7.9, -21.57685], "size": [2, 1, 1.15369], "uv": [197, 41]},
						{"origin": [-16.5, 7.9, -21.57685], "size": [2, 1, 1.15369], "pivot": [-15, 6, -21], "rotation": [-22.5, 0, 0], "uv": [197, 38]}
					]
				},
				{
					"name": "mid",
					"pivot": [0, 0, -3],
					"cubes": [
						{"origin": [17.1, 3, -14], "size": [1, 1, 30], "uv": [32, 63]},
						{"origin": [-18.1, 3, -14], "size": [1, 1, 30], "uv": [0, 62]},
						{"origin": [-17, 3, -14], "size": [34, 1, 30], "uv": [0, 0]},
						{"origin": [-13, 3, 16], "size": [26, 1, 13], "pivot": [9, 4, 16], "rotation": [8.5, 0, 0], "uv": [64, 31]},
						{"origin": [-13.5, 3, 16], "size": [1, 2, 13], "pivot": [8.5, 4, 16], "rotation": [8.5, 0, 0], "uv": [0, 93]},
						{"origin": [12.5, 3, 16], "size": [1, 2, 13], "pivot": [34.5, 4, 16], "rotation": [8.5, 0, 0], "uv": [32, 63]},
						{"origin": [-17, 4, -14], "size": [34, 14, 1], "uv": [64, 45]},
						{"origin": [3, 11, -13], "size": [14, 6, 4], "uv": [60, 120]},
						{"origin": [-16, 11, -13], "size": [14, 1, 4], "uv": [21, 129]},
						{"origin": [-16, 12, -13], "size": [1, 5, 3], "uv": [54, 81]},
						{"origin": [-16, 12, -10], "size": [1, 5, 1], "pivot": [-14, 12, -9], "rotation": [12.5, 0, 0], "uv": [8, 195]},
						{"origin": [-15, 12, -13], "size": [13, 5, 3], "uv": [161, 138]},
						{"origin": [-2, 4, -13], "size": [5, 13, 4], "uv": [0, 129]},
						{"origin": [-2, 4, -9], "size": [5, 4, 14], "uv": [142, 120]},
						{"origin": [17, 4, -14], "size": [1, 13, 2], "uv": [70, 63]},
						{"origin": [17, 16.2, -15], "size": [1, 1, 3], "uv": [21, 167]},
						{"origin": [-18, 16.2, -15], "size": [1, 1, 3], "uv": [11, 167]},
						{"origin": [16, 5, -13], "size": [1, 13, 1], "uv": [142, 120]},
						{"origin": [-17, 5, -13], "size": [1, 13, 1], "uv": [40, 31]},
						{"origin": [-18, 4, -14], "size": [1, 13, 2], "uv": [64, 63]},
						{"origin": [17, 5, 7], "size": [1, 12, 9], "uv": [163, 163]},
						{"origin": [16, 5, 7], "size": [1, 12, 9], "uv": [20, 163]},
						{"origin": [-17, 5, 7], "size": [1, 12, 9], "uv": [0, 163]},
						{"origin": [-17, 15, 16], "size": [1, 2, 12], "uv": [164, 1]},
						{"origin": [-16.99, 15, 16], "size": [1, 2, 12], "uv": [162, 100]},
						{"origin": [-16, 15, 27], "size": [32, 2, 1], "uv": [30, 115]},
						{"origin": [15.99, 15, 16], "size": [1, 2, 12], "uv": [158, 76]},
						{"origin": [-18, 5, 7], "size": [1, 12, 9], "uv": [143, 162]},
						{"origin": [17, 4, -12], "size": [1, 1, 28], "uv": [0, 93]},
						{"origin": [-18, 4, -12], "size": [1, 1, 28], "uv": [66, 79]},
						{"origin": [-17, 4, -14], "size": [1, 1, 30], "uv": [32, 32]},
						{"origin": [16, 4, -14], "size": [1, 1, 30], "uv": [0, 31]}
					]
				},
				{
					"name": "cabinex",
					"parent": "mid",
					"pivot": [0, 0, -3],
					"cubes": [
						{"origin": [16, 18, -14], "size": [1, 15, 1], "pivot": [17, 18, -14], "rotation": [-50, 0, 0], "uv": [147, 183]},
						{"origin": [16, 36.45, -10.2], "size": [1, 1, 1], "pivot": [17, 18.7, -10.3], "rotation": [-90, 0, 0], "uv": [199, 199]},
						{"origin": [-17, 36.45, -10.2], "size": [1, 1, 1], "pivot": [-16, 18.7, -10.3], "rotation": [-90, 0, 0], "uv": [189, 199]},
						{"origin": [14, 19.84888, 27.39], "size": [1, 7, 1], "pivot": [15, 19.8, 28.4], "rotation": [20, 0, 0], "uv": [24, 187]},
						{"origin": [-15, 19.84888, 27.39], "size": [1, 7, 1], "pivot": [-14, 19.8, 28.4], "rotation": [20, 0, 0], "uv": [20, 187]},
						{"origin": [-14, 25.84888, 27.399], "size": [28, 1, 1], "pivot": [-13, 19.8, 28.4], "rotation": [20, 0, 0], "uv": [0, 122]},
						{"origin": [15, 19, -14], "size": [1, 13, 1], "pivot": [16, 18, -14], "rotation": [-50, 0, 0], "uv": [36, 31]},
						{"origin": [-16, 19, -14], "size": [1, 13, 1], "pivot": [-15, 18, -14], "rotation": [-50, 0, 0], "uv": [32, 31]},
						{"origin": [-16, 18, -14], "size": [32, 1, 1], "pivot": [16, 18, -14], "rotation": [-50, 0, 0], "uv": [128, 72]},
						{"origin": [-16, 32, -14], "size": [32, 1, 1], "pivot": [16, 18, -14], "rotation": [-50, 0, 0], "uv": [128, 70]},
						{"origin": [-17, 18, -14], "size": [1, 15, 1], "pivot": [-16, 18, -14], "rotation": [-50, 0, 0], "uv": [100, 180]},
						{"origin": [16, 27.6025, -2.543], "size": [1, 1, 1], "pivot": [17, 27.6, -2.5], "rotation": [-75, 0, 0], "uv": [158, 199]},
						{"origin": [-16, 27.6025, -2.543], "size": [32, 1, 1], "pivot": [16, 27.6, -2.5], "rotation": [-75, 0, 0], "uv": [128, 68]},
						{"origin": [-17, 27.6025, -2.543], "size": [1, 1, 1], "pivot": [-16, 27.6, -2.5], "rotation": [-75, 0, 0], "uv": [147, 199]},
						{"origin": [16, 27.855, -1.505], "size": [1, 1, 1], "pivot": [17, 27.9, -1.5], "rotation": [-85, 0, 0], "uv": [110, 199]},
						{"origin": [-17, 27.855, -1.505], "size": [1, 1, 1], "pivot": [-16, 27.9, -1.5], "rotation": [-85, 0, 0], "uv": [92, 199]},
						{"origin": [-16, 27.855, -1.505], "size": [32, 1, 1], "pivot": [-15, 27.9, -1.5], "rotation": [-85, 0, 0], "uv": [128, 66]},
						{"origin": [16, 28.04971, -0.5885], "size": [1, 7, 1], "pivot": [17, 28, -0.6], "rotation": [-88.5, 0, 0], "uv": [16, 187]},
						{"origin": [-16, 28.04971, -0.5885], "size": [32, 7, 1], "pivot": [16, 28, -0.6], "rotation": [-88.5, 0, 0], "uv": [98, 21]},
						{"origin": [-17, 28.04971, -0.5885], "size": [1, 7, 1], "pivot": [-16, 28, -0.6], "rotation": [-88.5, 0, 0], "uv": [12, 187]},
						{"origin": [16, 28.24687, 6.42819], "size": [1, 1, 1], "pivot": [17, 28.2, 6.4], "rotation": [-90, 0, 0], "uv": [88, 199]},
						{"origin": [16, 26.24687, 7.42819], "size": [1, 1, 8], "pivot": [17, 26.2, 7.4], "rotation": [-90, 0, 0], "uv": [11, 163]},
						{"origin": [-17, 26.24687, 7.42819], "size": [1, 1, 8], "pivot": [-16, 26.2, 7.4], "rotation": [-90, 0, 0], "uv": [154, 162]},
						{"origin": [16, 16, 9.5], "size": [1, 16, 1], "pivot": [17, 17.7, 9.4], "rotation": [-90, 0, 0], "uv": [96, 180]},
						{"origin": [-17, 16, 9.5], "size": [1, 16, 1], "pivot": [-16, 17.7, 9.4], "rotation": [-90, 0, 0], "uv": [138, 166]},
						{"origin": [-17, 28.24687, 6.42819], "size": [1, 1, 1], "pivot": [-16, 28.2, 6.4], "rotation": [-90, 0, 0], "uv": [198, 194]},
						{"origin": [-16, 28.24687, 6.42819], "size": [32, 1, 1], "pivot": [-15, 28.2, 6.4], "rotation": [-90, 0, 0], "uv": [128, 64]},
						{"origin": [16, 28.24687, 7.42819], "size": [1, 6, 1], "pivot": [17, 28.2, 7.4], "rotation": [-91, 0, 0], "uv": [28, 187]},
						{"origin": [16, 28.24687, 8.42819], "size": [1, 6, 1], "pivot": [17, 28.2, 7.4], "rotation": [-91, 0, 0], "uv": [186, 90]},
						{"origin": [-17, 28.24687, 8.42819], "size": [1, 6, 1], "pivot": [-16, 28.2, 7.4], "rotation": [-91, 0, 0], "uv": [175, 125]},
						{"origin": [-16, 28.24687, 7.42819], "size": [32, 6, 1], "pivot": [16, 28.2, 7.4], "rotation": [-91, 0, 0], "uv": [30, 108]},
						{"origin": [-17, 28.24687, 7.42819], "size": [1, 6, 1], "pivot": [-16, 28.2, 7.4], "rotation": [-91, 0, 0], "uv": [166, 125]},
						{"origin": [16, 28.14604, 13.43292], "size": [1, 7, 1], "pivot": [17, 28.1, 13.4], "rotation": [-93.5, 0, 0], "uv": [8, 187]},
						{"origin": [16, 28.14604, 14.43292], "size": [1, 7, 1], "pivot": [17, 28.1, 13.4], "rotation": [-93.5, 0, 0], "uv": [4, 187]},
						{"origin": [-17, 28.14604, 14.43292], "size": [1, 7, 1], "pivot": [-16, 28.1, 13.4], "rotation": [-93.5, 0, 0], "uv": [0, 187]},
						{"origin": [-17, 28.14604, 13.43292], "size": [1, 7, 1], "pivot": [-16, 28.1, 13.4], "rotation": [-93.5, 0, 0], "uv": [186, 125]},
						{"origin": [-16, 28.14604, 13.43292], "size": [32, 7, 1], "pivot": [-15, 28.1, 13.4], "rotation": [-93.5, 0, 0], "uv": [98, 13]},
						{"origin": [16, 27.73468, 20.46101], "size": [1, 5, 1], "pivot": [17, 27.7, 20.4], "rotation": [-96, 0, 0], "uv": [4, 195]},
						{"origin": [16, 32.07, 20.46101], "size": [1, 1, 1], "pivot": [17, 27.7, 20.4], "rotation": [-96, 0, 0], "uv": [198, 186]},
						{"origin": [-17, 32.07, 20.46101], "size": [1, 1, 1], "pivot": [-16, 27.7, 20.4], "rotation": [-96, 0, 0], "uv": [198, 182]},
						{"origin": [16, 27.73468, 21.46101], "size": [1, 1, 1], "pivot": [17, 27.7, 20.4], "rotation": [-96, 0, 0], "uv": [198, 179]},
						{"origin": [-17, 27.73468, 21.46101], "size": [1, 1, 1], "pivot": [-16, 27.7, 20.4], "rotation": [-96, 0, 0], "uv": [198, 176]},
						{"origin": [16, 28.33468, 21.46101], "size": [1, 1, 1], "pivot": [17, 27.7, 20.4], "rotation": [-96, 0, 0], "uv": [198, 173]},
						{"origin": [-17, 28.33468, 21.46101], "size": [1, 1, 1], "pivot": [-16, 27.7, 20.4], "rotation": [-96, 0, 0], "uv": [198, 156]},
						{"origin": [-16, 27.73468, 20.46101], "size": [32, 5, 1], "pivot": [16, 27.7, 20.4], "rotation": [-96, 0, 0], "uv": [96, 112]},
						{"origin": [-17, 27.73468, 20.46101], "size": [1, 5, 1], "pivot": [-16, 27.7, 20.4], "rotation": [-96, 0, 0], "uv": [0, 195]},
						{"origin": [16, 16.45587, 20.89739], "size": [1, 10, 1], "pivot": [17, 26.5, 21.9], "rotation": [12.5, 0, 0], "uv": [155, 183]},
						{"origin": [-17, 16.45587, 20.89739], "size": [1, 10, 1], "pivot": [-16, 26.5, 21.9], "rotation": [12.5, 0, 0], "uv": [182, 125]},
						{"origin": [17.05, 10, 7], "size": [1, 1, 10], "uv": [178, 0]},
						{"origin": [-18.05, 10, 7], "size": [1, 1, 10], "uv": [104, 177]},
						{"origin": [17.05, 10, -15], "size": [1, 1, 3], "uv": [0, 167]},
						{"origin": [-18.05, 10, -15], "size": [1, 1, 3], "uv": [166, 108]},
						{"origin": [-15, 16.91, 28.0419], "size": [30, 1, 1], "pivot": [15, 16.9, 29], "rotation": [12.5, 0, 0], "uv": [128, 74]},
						{"origin": [14, 17.91, 28.0419], "size": [1, 2, 1], "pivot": [15, 16.9, 29], "rotation": [12.5, 0, 0], "uv": [148, 166]},
						{"origin": [-15, 17.91, 28.0419], "size": [1, 2, 1], "pivot": [-14, 16.9, 29], "rotation": [12.5, 0, 0], "uv": [142, 166]}
					]
				},
				{
					"name": "leftdoor",
					"parent": "mid",
					"pivot": [17, 17, -12],
					"cubes": [
						{"origin": [16, 5, -12], "size": [1, 12, 19], "uv": [0, 132]},
						{"origin": [17, 18.12707, -11.927], "size": [1, 2, 1], "pivot": [18, 18.1, -11.9], "rotation": [-130, 0, 0], "uv": [36, 163]},
						{"origin": [17, 5, -12], "size": [1, 12, 19], "uv": [121, 121]},
						{"origin": [17.05, 10, -12], "size": [1, 1, 19], "uv": [134, 31]},
						{"origin": [16, 27.855, -0.505], "size": [1, 1, 1], "pivot": [17, 27.9, -1.5], "rotation": [-85, 0, 0], "uv": [198, 153]},
						{"origin": [16, 27.24687, 6.42819], "size": [1, 1, 1], "pivot": [17, 27.2, 6.4], "rotation": [-90, 0, 0], "uv": [198, 150]},
						{"origin": [16, 26.2469, 6.42819], "size": [1, 1, 8], "pivot": [17, 26.2, 6.4], "rotation": [-90, 0, 0], "uv": [156, 0]},
						{"origin": [16, 28.04971, 0.4115], "size": [1, 7, 1], "pivot": [17, 28, -0.6], "rotation": [-88.5, 0, 0], "uv": [118, 166]},
						{"origin": [16, 16, -10.5], "size": [1, 20, 1], "pivot": [17, 17.7, -10.6], "rotation": [-90, 0, 0], "uv": [84, 180]},
						{"origin": [16, 36.45, -11.2], "size": [1, 1, 1], "pivot": [17, 18.7, -11.3], "rotation": [-90, 0, 0], "uv": [198, 146]},
						{"origin": [16, 17, -9.6], "size": [1, 1, 1], "pivot": [17, 18.7, -9.7], "rotation": [-90, 0, 0], "uv": [198, 132]},
						{"origin": [16, 19, -13], "size": [1, 14, 1], "pivot": [17, 18, -14], "rotation": [-50, 0, 0], "uv": [151, 183]},
						{"origin": [16, 27.6025, -1.543], "size": [1, 1, 1], "pivot": [17, 27.6, -2.5], "rotation": [-75, 0, 0], "uv": [198, 118]}
					]
				},
				{
					"name": "sml",
					"parent": "leftdoor",
					"pivot": [17, 17, -12],
					"cubes": [
						{"origin": [17, 17.4, -11.6], "size": [1, 1, 1], "uv": [198, 116]},
						{"origin": [18, 17.3, -11.6], "size": [3, 2, 1], "pivot": [18, 17.3, -11.6], "rotation": [0, -30, 0], "uv": [31, 167]}
					]
				},
				{
					"name": "rightdoor",
					"parent": "mid",
					"pivot": [-17, 17, -12],
					"cubes": [
						{"origin": [-17, 5, -12], "size": [1, 12, 19], "uv": [39, 120]},
						{"origin": [-18, 18.12707, -11.927], "size": [1, 2, 1], "pivot": [-17, 18.1, -11.9], "rotation": [-130, 0, 0], "uv": [5, 163]},
						{"origin": [-18, 5, -12], "size": [1, 12, 19], "uv": [81, 118]},
						{"origin": [-17, 27.855, -0.505], "size": [1, 1, 1], "pivot": [-16, 27.9, -1.5], "rotation": [-85, 0, 0], "uv": [198, 112]},
						{"origin": [-17, 27.24687, 6.42819], "size": [1, 1, 1], "pivot": [-16, 27.2, 6.4], "rotation": [-90, 0, 0], "uv": [198, 110]},
						{"origin": [-17, 26.24687, 6.42819], "size": [1, 1, 8], "pivot": [-16, 26.2, 6.4], "rotation": [-90, 0, 0], "uv": [139, 152]},
						{"origin": [-17, 28.04971, 0.4115], "size": [1, 7, 1], "pivot": [-16, 28, -0.6], "rotation": [-88.5, 0, 0], "uv": [160, 0]},
						{"origin": [-17, 16, -10.5], "size": [1, 20, 1], "pivot": [-16, 17.7, -10.6], "rotation": [-90, 0, 0], "uv": [80, 180]},
						{"origin": [-17, 17, -9.6], "size": [1, 1, 1], "pivot": [-16, 18.7, -9.7], "rotation": [-90, 0, 0], "uv": [198, 102]},
						{"origin": [-17, 19, -13], "size": [1, 14, 1], "pivot": [-16, 18, -14], "rotation": [-50, 0, 0], "uv": [181, 146]},
						{"origin": [-17, 27.6025, -1.543], "size": [1, 1, 1], "pivot": [-16, 27.6, -2.5], "rotation": [-75, 0, 0], "uv": [198, 100]},
						{"origin": [-17, 36.45, -11.2], "size": [1, 1, 1], "pivot": [-16, 18.7, -11.3], "rotation": [-90, 0, 0], "uv": [198, 98]},
						{"origin": [-18.05, 10, -12], "size": [1, 1, 19], "uv": [60, 132]}
					]
				},
				{
					"name": "smr",
					"parent": "rightdoor",
					"pivot": [-18, 17, -12],
					"cubes": [
						{"origin": [-18, 17.4, -11.6], "size": [1, 1, 1], "uv": [198, 84]},
						{"origin": [-21, 17.3, -11.6], "size": [3, 2, 1], "pivot": [-18, 17.3, -11.6], "rotation": [0, 30, 0], "uv": [144, 46]}
					]
				},
				{
					"name": "cabinin",
					"parent": "mid",
					"pivot": [0, 0, -3],
					"cubes": [
						{"origin": [-9.5, 13, -10], "size": [1, 1, 3], "pivot": [-8.5, 13, -10], "rotation": [10, 0, 0], "uv": [154, 166]},
						{"origin": [-10.5, 12, -10], "size": [3, 2, 2], "uv": [176, 98]}
					]
				},
				{
					"name": "stickshift",
					"parent": "cabinin",
					"pivot": [0, 0, -4],
					"cubes": [
						{"origin": [-1, 7.6, -7], "size": [3, 1, 3], "uv": [32, 84]},
						{"origin": [-0.5, 7.8, -6.5], "size": [2, 1, 2], "uv": [49, 136]}
					]
				},
				{
					"name": "stick",
					"parent": "stickshift",
					"pivot": [0, 9, -6],
					"rotation": [-7.5, 0, 0],
					"cubes": [
						{"origin": [0.1, 8.6, -5.95], "size": [1, 3, 1], "uv": [135, 31]},
						{"origin": [0.1, 8.6, -5.95], "size": [1, 3, 1], "uv": [81, 132]},
						{"origin": [-0.15, 8.6, -6.2], "size": [1, 3, 1], "uv": [60, 132]},
						{"origin": [0.1, 8.6, -6.2], "size": [1, 3, 1], "uv": [129, 36]},
						{"origin": [0, 11.6, -6], "size": [1, 1, 1], "uv": [198, 82]}
					]
				},
				{
					"name": "passengerseat",
					"parent": "cabinin",
					"pivot": [0.5, 0, -3],
					"cubes": [
						{"origin": [4.5, 4, -5], "size": [10, 3, 10], "uv": [155, 31]},
						{"origin": [14.5, 7, -5], "size": [1, 1, 10], "uv": [176, 98]},
						{"origin": [14.5, 7, -4], "size": [1, 1, 10], "pivot": [15.5, 8, 5], "rotation": [-107.5, 0, 0], "uv": [176, 16]},
						{"origin": [4.5, 7, -4], "size": [10, 1, 11], "pivot": [15.5, 8, 5], "rotation": [-107.5, 0, 0], "uv": [150, 150]},
						{"origin": [6.5, 16.85959, 2.82935], "size": [1, 1, 4], "pivot": [6.5, 16.9, 6.8], "rotation": [-90, 0, 0], "uv": [172, 76]},
						{"origin": [11.5, 16.85959, 2.82935], "size": [1, 1, 4], "pivot": [11.5, 16.9, 6.8], "rotation": [-90, 0, 0], "uv": [166, 117]},
						{"origin": [7.5, 16.85959, 2.82935], "size": [4, 1, 4], "pivot": [10.5, 16.9, 6.8], "rotation": [-90, 0, 0], "uv": [0, 146]},
						{"origin": [11.5, 16.85959, 4.82935], "size": [1, 1, 2], "pivot": [12.5, 16.9, 6.8], "rotation": [-90, 0, 15], "uv": [68, 195]},
						{"origin": [12.00879, 18.75959, 4.79402], "size": [1, 1, 2], "pivot": [13, 18.8, 6.8], "rotation": [-90, 0, -15], "uv": [62, 195]},
						{"origin": [6.5, 16.85959, 4.82935], "size": [1, 1, 2], "pivot": [6.5, 16.9, 6.8], "rotation": [-90, 0, -15], "uv": [56, 195]},
						{"origin": [5.99121, 18.75959, 4.79402], "size": [1, 1, 2], "pivot": [6, 18.8, 6.8], "rotation": [-90, 0, 14.5], "uv": [50, 195]},
						{"origin": [3.5, 7, -4], "size": [1, 1, 10], "pivot": [4.5, 8, 5], "rotation": [-107.5, 0, 0], "uv": [174, 87]},
						{"origin": [3.5, 6.1, -1.13], "size": [1, 1, 7], "pivot": [4.5, 8, 5], "rotation": [-107.5, 0, 0], "uv": [166, 125]},
						{"origin": [14.5, 6.1, -1.13], "size": [1, 1, 7], "pivot": [15.5, 8, 5], "rotation": [-107.5, 0, 0], "uv": [80, 152]},
						{"origin": [3.5, 16.95496, 6.69928], "size": [1, 1, 3], "pivot": [4.5, 16.9, 6.7], "rotation": [-125, 0, 0], "uv": [164, 164]},
						{"origin": [14.5, 16.95496, 6.69928], "size": [1, 1, 3], "pivot": [15.5, 16.9, 6.7], "rotation": [-125, 0, 0], "uv": [31, 163]},
						{"origin": [3.5, 7, -5], "size": [1, 1, 10], "uv": [173, 174]}
					]
				},
				{
					"name": "passengerseat2",
					"parent": "cabinin",
					"pivot": [-2, 0, 15],
					"cubes": [
						{"origin": [-12, 4, 13], "size": [24, 3, 10], "uv": [98, 0]},
						{"origin": [12, 7, 13], "size": [1, 1, 10], "uv": [126, 173]},
						{"origin": [12, 7, 14], "size": [1, 1, 10], "pivot": [13, 8, 23], "rotation": [-107.5, 0, 0], "uv": [172, 76]},
						{"origin": [-12, 7, 14], "size": [24, 1, 11], "pivot": [13, 8, 23], "rotation": [-107.5, 0, 0], "uv": [96, 79]},
						{"origin": [4, 16.85959, 20.82935], "size": [1, 1, 4], "pivot": [4, 16.9, 24.8], "rotation": [-90, 0, 0], "uv": [166, 0]},
						{"origin": [9, 16.85959, 20.82935], "size": [1, 1, 4], "pivot": [9, 16.9, 24.8], "rotation": [-90, 0, 0], "uv": [142, 166]},
						{"origin": [-5, 16.85959, 20.82935], "size": [1, 1, 4], "pivot": [-5, 16.9, 24.8], "rotation": [-90, 0, 0], "uv": [163, 17]},
						{"origin": [-10, 16.85959, 20.82935], "size": [1, 1, 4], "pivot": [-10, 16.9, 24.8], "rotation": [-90, 0, 0], "uv": [162, 103]},
						{"origin": [5, 16.85959, 20.82935], "size": [4, 1, 4], "pivot": [8, 16.9, 24.8], "rotation": [-90, 0, 0], "uv": [21, 145]},
						{"origin": [-9, 16.85959, 20.82935], "size": [4, 1, 4], "pivot": [-6, 16.9, 24.8], "rotation": [-90, 0, 0], "uv": [81, 132]},
						{"origin": [9, 16.85959, 22.82935], "size": [1, 1, 2], "pivot": [10, 16.9, 24.8], "rotation": [-90, 0, 15], "uv": [44, 195]},
						{"origin": [-5, 16.85959, 22.82935], "size": [1, 1, 2], "pivot": [-4, 16.9, 24.8], "rotation": [-90, 0, 15], "uv": [38, 195]},
						{"origin": [9.50879, 18.75959, 22.79402], "size": [1, 1, 2], "pivot": [10.5, 18.8, 24.8], "rotation": [-90, 0, -15], "uv": [32, 195]},
						{"origin": [-4.49121, 18.75959, 22.79402], "size": [1, 1, 2], "pivot": [-3.5, 18.8, 24.8], "rotation": [-90, 0, -15], "uv": [194, 187]},
						{"origin": [4, 16.85959, 22.82935], "size": [1, 1, 2], "pivot": [4, 16.9, 24.8], "rotation": [-90, 0, -15], "uv": [194, 183]},
						{"origin": [-10, 16.85959, 22.82935], "size": [1, 1, 2], "pivot": [-10, 16.9, 24.8], "rotation": [-90, 0, -15], "uv": [194, 179]},
						{"origin": [3.49121, 18.75959, 22.79402], "size": [1, 1, 2], "pivot": [3.5, 18.8, 24.8], "rotation": [-90, 0, 14.5], "uv": [194, 176]},
						{"origin": [-10.50879, 18.75959, 22.79402], "size": [1, 1, 2], "pivot": [-10.5, 18.8, 24.8], "rotation": [-90, 0, 14.5], "uv": [194, 173]},
						{"origin": [-13, 7, 14], "size": [1, 1, 10], "pivot": [-12, 8, 23], "rotation": [-107.5, 0, 0], "uv": [166, 114]},
						{"origin": [-13, 6.1, 16.87], "size": [1, 1, 7], "pivot": [-12, 8, 23], "rotation": [-107.5, 0, 0], "uv": [135, 42]},
						{"origin": [12, 6.1, 16.87], "size": [1, 1, 7], "pivot": [13, 8, 23], "rotation": [-107.5, 0, 0], "uv": [123, 123]},
						{"origin": [-13, 16.95496, 24.69928], "size": [1, 1, 3], "pivot": [-12, 16.9, 24.7], "rotation": [-125, 0, 0], "uv": [21, 163]},
						{"origin": [12, 16.95496, 24.69928], "size": [1, 1, 3], "pivot": [13, 16.9, 24.7], "rotation": [-125, 0, 0], "uv": [11, 163]},
						{"origin": [-13, 7, 13], "size": [1, 1, 10], "uv": [166, 49]}
					]
				},
				{
					"name": "driversseat",
					"parent": "cabinin",
					"pivot": [-17.5, 0, -3],
					"cubes": [
						{"origin": [-13.5, 4, -5], "size": [10, 3, 10], "uv": [40, 152]},
						{"origin": [-3.5, 7, -5], "size": [1, 1, 10], "uv": [114, 166]},
						{"origin": [-3.5, 7, -4], "size": [1, 1, 10], "pivot": [-2.5, 8, 5], "rotation": [-107.5, 0, 0], "uv": [164, 15]},
						{"origin": [-13.5, 7, -4], "size": [10, 1, 11], "pivot": [-2.5, 8, 5], "rotation": [-107.5, 0, 0], "uv": [89, 149]},
						{"origin": [-11.5, 16.85959, 2.82935], "size": [1, 1, 4], "pivot": [-11.5, 16.9, 6.8], "rotation": [-90, 0, 0], "uv": [40, 156]},
						{"origin": [-6.5, 16.85959, 2.82935], "size": [1, 1, 4], "pivot": [-6.5, 16.9, 6.8], "rotation": [-90, 0, 0], "uv": [155, 36]},
						{"origin": [-10.5, 16.85959, 2.82935], "size": [4, 1, 4], "pivot": [-7.5, 16.9, 6.8], "rotation": [-90, 0, 0], "uv": [60, 132]},
						{"origin": [-6.5, 16.85959, 4.82935], "size": [1, 1, 2], "pivot": [-5.5, 16.9, 6.8], "rotation": [-90, 0, 15], "uv": [194, 156]},
						{"origin": [-5.99121, 18.75959, 4.79402], "size": [1, 1, 2], "pivot": [-5, 18.8, 6.8], "rotation": [-90, 0, -15], "uv": [194, 153]},
						{"origin": [-11.5, 16.85959, 4.82935], "size": [1, 1, 2], "pivot": [-11.5, 16.9, 6.8], "rotation": [-90, 0, -15], "uv": [194, 150]},
						{"origin": [-12.00879, 18.75959, 4.79402], "size": [1, 1, 2], "pivot": [-12, 18.8, 6.8], "rotation": [-90, 0, 14.5], "uv": [194, 147]},
						{"origin": [-14.5, 7, -4], "size": [1, 1, 10], "pivot": [-13.5, 8, 5], "rotation": [-107.5, 0, 0], "uv": [129, 31]},
						{"origin": [-14.5, 6.1, -1.13], "size": [1, 1, 7], "pivot": [-13.5, 8, 5], "rotation": [-107.5, 0, 0], "uv": [12, 108]},
						{"origin": [-3.5, 6.1, -1.13], "size": [1, 1, 7], "pivot": [-2.5, 8, 5], "rotation": [-107.5, 0, 0], "uv": [0, 84]},
						{"origin": [-14.5, 16.95496, 6.69928], "size": [1, 1, 3], "pivot": [-13.5, 16.9, 6.7], "rotation": [-125, 0, 0], "uv": [0, 163]},
						{"origin": [-3.5, 16.95496, 6.69928], "size": [1, 1, 3], "pivot": [-2.5, 16.9, 6.7], "rotation": [-125, 0, 0], "uv": [154, 162]},
						{"origin": [-14.5, 7, -5], "size": [1, 1, 10], "uv": [0, 108]}
					]
				},
				{
					"name": "pedals",
					"parent": "cabinin",
					"pivot": [0, 0, -3]
				},
				{
					"name": "pecutan",
					"parent": "pedals",
					"pivot": [0, 0, -3],
					"cubes": [
						{"origin": [-13, 4.2, -13], "size": [1, 1, 3], "uv": [144, 42]},
						{"origin": [-13.6, 4.7, -13], "size": [2, 1, 3], "pivot": [-12, 4.7, -10], "rotation": [-5, 0, 0], "uv": [176, 19]}
					]
				},
				{
					"name": "brake",
					"parent": "pedals",
					"pivot": [3, 0, -3],
					"cubes": [
						{"origin": [-10, 4.2, -13], "size": [1, 1, 3], "uv": [31, 138]},
						{"origin": [-10.6, 4.7, -13], "size": [2, 1, 3], "pivot": [-9, 4.7, -10], "rotation": [-5, 0, 0], "uv": [176, 15]}
					]
				},
				{
					"name": "clutch",
					"parent": "pedals",
					"pivot": [7, 0, -3],
					"cubes": [
						{"origin": [-6, 4.2, -13], "size": [1, 1, 3], "uv": [134, 45]},
						{"origin": [-6.6, 4.7, -13], "size": [2, 1, 3], "pivot": [-5, 4.7, -10], "rotation": [-5, 0, 0], "uv": [126, 172]}
					]
				},
				{
					"name": "steeringwheel",
					"parent": "cabinin",
					"pivot": [-9, 14.3, -6],
					"cubes": [
						{"origin": [-9.5, 12.83614, -7.12807], "size": [1, 2, 1], "uv": [161, 36]},
						{"origin": [-9.5, 14.49, -7.12807], "size": [1, 1, 1], "uv": [198, 80]},
						{"origin": [-9.4, 14.49, -7.12807], "size": [1, 1, 1], "uv": [198, 63]},
						{"origin": [-9.6, 14.49, -7.12807], "size": [1, 1, 1], "uv": [198, 60]},
						{"origin": [-8.5, 13.83614, -7.12807], "size": [3, 1, 1], "uv": [194, 15]},
						{"origin": [-8.5, 13.83614, -7.12807], "size": [3, 1, 1], "pivot": [-5.5, 14.9, -7], "rotation": [0, 0, 12.5], "uv": [194, 11]},
						{"origin": [-12.5, 13.83614, -7.12807], "size": [3, 1, 1], "pivot": [-12.5, 14.9, -7], "rotation": [0, 0, -12.5], "uv": [193, 169]},
						{"origin": [-12.5, 13.83614, -7.12807], "size": [3, 1, 1], "uv": [193, 144]},
						{"origin": [-9.5, 10.83614, -7.12807], "size": [1, 2, 1], "uv": [157, 158]},
						{"origin": [-9.5, 10.83614, -7.12807], "size": [1, 4, 1], "pivot": [-8.5, 10.8, -7], "rotation": [0, 0, 12.5], "uv": [20, 195]},
						{"origin": [-9.5, 10.83614, -7.12807], "size": [1, 4, 1], "pivot": [-9.5, 10.8, -7], "rotation": [0, 0, -12.5], "uv": [96, 96]}
					]
				},
				{
					"name": "sw1",
					"parent": "steeringwheel",
					"pivot": [-9, 14.3, -7],
					"cubes": [
						{"origin": [-9.5, 17.83614, -7.12807], "size": [1, 1, 1], "uv": [198, 58]},
						{"origin": [-9.5, 17.83614, -7.12807], "size": [1, 1, 1], "pivot": [-9, 14.3, -7], "rotation": [0, 0, 12.5], "uv": [198, 55]},
						{"origin": [-9.5, 17.83614, -7.12807], "size": [1, 1, 1], "pivot": [-9, 14.3, -7], "rotation": [0, 0, 25], "uv": [198, 35]},
						{"origin": [-9.5, 17.83614, -7.12807], "size": [1, 1, 1], "pivot": [-9, 14.3, -7], "rotation": [0, 0, 37.5], "uv": [198, 32]},
						{"origin": [-9.5, 17.83614, -7.12807], "size": [1, 1, 1], "pivot": [-9, 14.3, -7], "rotation": [0, 0, 50], "uv": [150, 198]},
						{"origin": [-9.5, 17.83614, -7.12807], "size": [1, 1, 1], "pivot": [-9, 14.3, -7], "rotation": [0, 0, 62.5], "uv": [121, 198]},
						{"origin": [-9.5, 17.83614, -7.12807], "size": [1, 1, 1], "pivot": [-9, 14.3, -7], "rotation": [0, 0, 75], "uv": [107, 198]},
						{"origin": [-9.5, 17.83614, -7.12807], "size": [1, 1, 1], "pivot": [-9, 14.3, -7], "rotation": [0, 0, 87.5], "uv": [159, 197]}
					]
				},
				{
					"name": "sw2",
					"parent": "steeringwheel",
					"pivot": [-9, 14.3, -7],
					"rotation": [0, 0, 100],
					"cubes": [
						{"origin": [-9.5, 17.83614, -7.12807], "size": [1, 1, 1], "uv": [190, 195]},
						{"origin": [-9.5, 17.83614, -7.12807], "size": [1, 1, 1], "pivot": [-9, 14.3, -7], "rotation": [0, 0, 12.5], "uv": [159, 195]},
						{"origin": [-9.5, 17.83614, -7.12807], "size": [1, 1, 1], "pivot": [-9, 14.3, -7], "rotation": [0, 0, 25], "uv": [142, 195]},
						{"origin": [-9.5, 17.83614, -7.12807], "size": [1, 1, 1], "pivot": [-9, 14.3, -7], "rotation": [0, 0, 37.5], "uv": [72, 195]},
						{"origin": [-9.5, 17.83614, -7.12807], "size": [1, 1, 1], "pivot": [-9, 14.3, -7], "rotation": [0, 0, 50], "uv": [66, 195]},
						{"origin": [-9.5, 17.83614, -7.12807], "size": [1, 1, 1], "pivot": [-9, 14.3, -7], "rotation": [0, 0, 62.5], "uv": [60, 195]},
						{"origin": [-9.5, 17.83614, -7.12807], "size": [1, 1, 1], "pivot": [-9, 14.3, -7], "rotation": [0, 0, 75], "uv": [54, 195]},
						{"origin": [-9.5, 17.83614, -7.12807], "size": [1, 1, 1], "pivot": [-9, 14.3, -7], "rotation": [0, 0, 87.5], "uv": [48, 195]}
					]
				},
				{
					"name": "sw3",
					"parent": "steeringwheel",
					"pivot": [-9, 14.3, -7],
					"rotation": [0, 0, -160],
					"cubes": [
						{"origin": [-9.5, 17.83614, -7.12807], "size": [1, 1, 1], "uv": [42, 195]},
						{"origin": [-9.5, 17.83614, -7.12807], "size": [1, 1, 1], "pivot": [-9, 14.3, -7], "rotation": [0, 0, 12.5], "uv": [36, 195]},
						{"origin": [-9.5, 17.83614, -7.12807], "size": [1, 1, 1], "pivot": [-9, 14.3, -7], "rotation": [0, 0, 25], "uv": [143, 189]},
						{"origin": [-9.5, 17.83614, -7.12807], "size": [1, 1, 1], "pivot": [-9, 14.3, -7], "rotation": [0, 0, 37.5], "uv": [143, 187]},
						{"origin": [-9.5, 17.83614, -7.12807], "size": [1, 1, 1], "pivot": [-9, 14.3, -7], "rotation": [0, 0, 50], "uv": [180, 136]},
						{"origin": [-9.5, 17.83614, -7.12807], "size": [1, 1, 1], "pivot": [-9, 14.3, -7], "rotation": [0, 0, 62.5], "uv": [178, 83]}
					]
				},
				{
					"name": "sw4",
					"parent": "steeringwheel",
					"pivot": [-9, 14.3, -7],
					"rotation": [0, 0, -85],
					"cubes": [
						{"origin": [-9.5, 17.83614, -7.12807], "size": [1, 1, 1], "uv": [178, 81]},
						{"origin": [-9.5, 17.83614, -7.12807], "size": [1, 1, 1], "pivot": [-9, 14.3, -7], "rotation": [0, 0, 12.5], "uv": [178, 78]},
						{"origin": [-9.5, 17.83614, -7.12807], "size": [1, 1, 1], "pivot": [-9, 14.3, -7], "rotation": [0, 0, 25], "uv": [178, 76]},
						{"origin": [-9.5, 17.83614, -7.12807], "size": [1, 1, 1], "pivot": [-9, 14.3, -7], "rotation": [0, 0, 37.5], "uv": [177, 148]},
						{"origin": [-9.5, 17.83614, -7.12807], "size": [1, 1, 1], "pivot": [-9, 14.3, -7], "rotation": [0, 0, 50], "uv": [177, 146]},
						{"origin": [-9.5, 17.83614, -7.12807], "size": [1, 1, 1], "pivot": [-9, 14.3, -7], "rotation": [0, 0, 62.5], "uv": [174, 167]},
						{"origin": [-9.5, 17.83614, -7.12807], "size": [1, 1, 1], "pivot": [-9, 14.3, -7], "rotation": [0, 0, 75], "uv": [174, 165]}
					]
				},
				{
					"name": "ebrake",
					"parent": "cabinin",
					"pivot": [0, 0, -3],
					"cubes": [
						{"origin": [-1, 8, 1], "size": [2, 2, 2], "uv": [54, 63]},
						{"origin": [-0.5, 9, -2], "size": [1, 1, 3], "uv": [22, 62]},
						{"origin": [-1, 8, 3], "size": [2, 2, 3], "pivot": [0, 10, 3], "rotation": [-50, 0, 0], "uv": [155, 31]}
					]
				},
				{
					"name": "rvm",
					"parent": "cabinin",
					"pivot": [0, 0, -3],
					"cubes": [
						{"origin": [-0.5, 26, -1.7], "size": [1, 1, 1], "uv": [172, 119]},
						{"origin": [-2.5, 24, -1.7], "size": [5, 2, 1], "uv": [174, 162]}
					]
				},
				{
					"name": "back",
					"pivot": [0, 0, -6],
					"cubes": [
						{"origin": [17, 5, 29], "size": [1, 6, 1], "pivot": [18, 5, 30], "rotation": [-10, 0, 0], "uv": [80, 152]},
						{"origin": [6, 5, 29], "size": [11, 6, 1], "pivot": [17, 5, 30], "rotation": [-10, 0, 0], "uv": [32, 54]},
						{"origin": [-6, 5, 29], "size": [12, 1, 1], "pivot": [3, 5, 30], "rotation": [-10, 0, 0], "uv": [0, 59]},
						{"origin": [-6, 6, 28.3], "size": [12, 4, 1], "pivot": [3, 5, 30], "rotation": [-10, 0, 0], "uv": [0, 25]},
						{"origin": [-6, 9, 29], "size": [12, 2, 1], "pivot": [3, 5, 30], "rotation": [-10, 0, 0], "uv": [0, 56]},
						{"origin": [-9, 5, 29], "size": [3, 6, 1], "pivot": [-7, 5, 30], "rotation": [-10, 0, 0], "uv": [132, 123]},
						{"origin": [-17, 5, 29], "size": [4, 6, 1], "pivot": [-15, 5, 30], "rotation": [-10, 0, 0], "uv": [64, 31]},
						{"origin": [-13, 6, 29], "size": [4, 5, 1], "pivot": [-12, 5, 30], "rotation": [-10, 0, 0], "uv": [79, 83]},
						{"origin": [-18, 5, 29], "size": [1, 6, 1], "pivot": [-17, 5, 30], "rotation": [-10, 0, 0], "uv": [123, 123]},
						{"origin": [17, 10.91, 30.0419], "size": [1, 1, 1], "uv": [172, 117]},
						{"origin": [-17, 10.91, 30.0419], "size": [34, 1, 1], "uv": [96, 110]},
						{"origin": [-18, 10.91, 30.0419], "size": [1, 1, 1], "uv": [172, 114]},
						{"origin": [17, 15.91, 29.0419], "size": [1, 1, 1], "uv": [172, 83]},
						{"origin": [-17, 15.91, 29.0419], "size": [34, 1, 1], "uv": [96, 108]},
						{"origin": [13, 12.41, 29.0419], "size": [5, 3, 1], "uv": [64, 83]},
						{"origin": [-18, 12.41, 29.0419], "size": [5, 3, 1], "uv": [79, 79]},
						{"origin": [-13, 12.41, 29.0419], "size": [26, 2, 1], "uv": [0, 124]},
						{"origin": [-17, 14.16, 29.01], "size": [34, 2, 1], "uv": [96, 102]},
						{"origin": [-17.98, 15.16, 29.01], "size": [1, 1, 1], "uv": [172, 81]},
						{"origin": [16.98, 15.16, 29.01], "size": [1, 1, 1], "uv": [172, 78]},
						{"origin": [-18, 15.91, 29.0419], "size": [1, 1, 1], "uv": [172, 76]},
						{"origin": [-17, 11.41, 29.0419], "size": [34, 1, 1], "uv": [96, 105]},
						{"origin": [17, 11.41, 29.0419], "size": [1, 1, 1], "uv": [172, 57]},
						{"origin": [-18, 11.41, 29.0419], "size": [1, 1, 1], "uv": [171, 48]},
						{"origin": [16, 16.91, 28.0419], "size": [1, 3, 1], "pivot": [17, 16.9, 29], "rotation": [12.5, 0, 0], "uv": [129, 31]},
						{"origin": [15, 16.91, 28.0419], "size": [1, 3, 1], "pivot": [16, 16.9, 29], "rotation": [12.5, 0, 0], "uv": [0, 129]},
						{"origin": [-17, 16.91, 28.0419], "size": [1, 3, 1], "pivot": [-16, 16.9, 29], "rotation": [12.5, 0, 0], "uv": [92, 120]},
						{"origin": [-16, 16.91, 28.0419], "size": [1, 3, 1], "pivot": [-15, 16.9, 29], "rotation": [12.5, 0, 0], "uv": [60, 120]},
						{"origin": [16, 19.84888, 27.4], "size": [1, 7, 1], "pivot": [17, 19.8, 28.4], "rotation": [20, 0, 0], "uv": [156, 0]},
						{"origin": [16, 26.54888, 27.4], "size": [1, 1, 1], "pivot": [17, 19.8, 28.4], "rotation": [20, 0, 0], "uv": [168, 93]},
						{"origin": [-16, 26.54888, 27.4], "size": [32, 1, 1], "pivot": [16, 19.8, 28.4], "rotation": [20, 0, 0], "uv": [128, 29]},
						{"origin": [-17, 26.54888, 27.4], "size": [1, 1, 1], "pivot": [-16, 19.8, 28.4], "rotation": [20, 0, 0], "uv": [166, 86]},
						{"origin": [15, 19.84888, 27.4], "size": [1, 7, 1], "pivot": [16, 19.8, 28.4], "rotation": [20, 0, 0], "uv": [143, 152]},
						{"origin": [16, 16.45587, 21.89739], "size": [1, 10, 1], "pivot": [17, 26.5, 21.9], "rotation": [12.5, 0, 0], "uv": [182, 48]},
						{"origin": [-17, 16.45587, 21.89739], "size": [1, 10, 1], "pivot": [-16, 26.5, 21.9], "rotation": [12.5, 0, 0], "uv": [178, 48]},
						{"origin": [16, 16.15587, 22.89739], "size": [1, 10, 2], "pivot": [17, 26.5, 21.9], "rotation": [12.5, 0, 0], "uv": [24, 31]},
						{"origin": [-17, 16.15587, 22.89739], "size": [1, 10, 2], "pivot": [-16, 26.5, 21.9], "rotation": [12.5, 0, 0], "uv": [8, 31]},
						{"origin": [16, 15.15587, 24.8974], "size": [1, 10, 1], "pivot": [17, 26.5, 21.9], "rotation": [12.5, 0, 0], "uv": [114, 165]},
						{"origin": [-17, 15.15587, 24.8974], "size": [1, 10, 1], "pivot": [-16, 26.5, 21.9], "rotation": [12.5, 0, 0], "uv": [88, 94]},
						{"origin": [-17, 19.84888, 27.4], "size": [1, 7, 1], "pivot": [-16, 19.8, 28.4], "rotation": [20, 0, 0], "uv": [139, 152]},
						{"origin": [-16, 19.84888, 27.4], "size": [1, 7, 1], "pivot": [-15, 19.8, 28.4], "rotation": [20, 0, 0], "uv": [74, 152]},
						{"origin": [-17, 14.30592, -22.73222], "size": [34, 1, 4], "uv": [96, 91]},
						{"origin": [-17.1, 15.30592, -20.73222], "size": [1, 1, 4], "pivot": [-17.1, 16.3, -16.7322], "rotation": [0, -0.5, 0], "uv": [120, 152]},
						{"origin": [-17.1, 16.30592, -20.73222], "size": [1, 1, 4], "pivot": [-17.1, 17.3, -16.7322], "rotation": [15, -0.5, 0], "uv": [89, 152]},
						{"origin": [16.1, 15.30592, -20.73222], "size": [1, 1, 4], "pivot": [17.1, 16.3, -16.7322], "rotation": [0, 0.5, 0], "uv": [40, 151]},
						{"origin": [16.1, 15.30592, -22.73222], "size": [1, 1, 4], "pivot": [17.1, 16.3, -18.7322], "rotation": [15, 0.5, 0], "uv": [146, 125]},
						{"origin": [-17, 14.30592, -25.03222], "size": [34, 1, 3], "pivot": [18, 15.3, -24.6], "rotation": [2.5, 0, 0], "uv": [91, 60]},
						{"origin": [12.5, 5, 16], "size": [1, 9, 13], "uv": [0, 62]},
						{"origin": [-13.5, 5, 16], "size": [1, 9, 13], "uv": [32, 32]},
						{"origin": [-13, 5, 27], "size": [26, 10, 2], "uv": [30, 94]},
						{"origin": [-16.5, 4, 15.8], "size": [3, 10, 1], "uv": [16, 31]},
						{"origin": [13.5, 4, 15.8], "size": [3, 10, 1], "uv": [0, 31]},
						{"origin": [-16.5, 14, 16], "size": [4, 1, 13], "uv": [118, 152]},
						{"origin": [12.5, 14, 16], "size": [4, 1, 13], "uv": [102, 120]}
					]
				},
				{
					"name": "exhaust",
					"parent": "back",
					"pivot": [0, 0.8, -6],
					"cubes": [
						{"origin": [-11.5, 5.4, 27], "size": [1, 1, 4], "pivot": [-11, 5.3, 30], "rotation": [0, 0, 7.5], "uv": [146, 120]},
						{"origin": [-11.5, 5.4, 27], "size": [1, 1, 4], "pivot": [-11, 5.3, 30], "rotation": [0, 0, 37.5], "uv": [129, 36]},
						{"origin": [-11.5, 5.4, 27], "size": [1, 1, 4], "pivot": [-11, 5.3, 30], "rotation": [0, 0, 75], "uv": [129, 31]},
						{"origin": [-11.5, 5.4, 27], "size": [1, 1, 4], "pivot": [-11, 5.3, 30], "rotation": [0, 0, 112.5], "uv": [0, 113]},
						{"origin": [-11.5, 5.4, 27], "size": [1, 1, 4], "pivot": [-11, 5.3, 30], "rotation": [0, 0, 150], "uv": [0, 108]},
						{"origin": [-11.5, 5.4, 27], "size": [1, 1, 4], "pivot": [-11, 5.3, 30], "rotation": [0, 0, -172.5], "uv": [82, 102]},
						{"origin": [-11.5, 5.4, 27], "size": [1, 1, 4], "pivot": [-11, 5.3, 30], "rotation": [0, 0, -135], "uv": [98, 5]},
						{"origin": [-11.5, 5.4, 27], "size": [1, 1, 4], "pivot": [-11, 5.3, 30], "rotation": [0, 0, -97.5], "uv": [98, 0]},
						{"origin": [-11.5, 5.4, 27], "size": [1, 1, 4], "pivot": [-11, 5.3, 30], "rotation": [0, 0, -60], "uv": [96, 84]},
						{"origin": [-11.5, 4.8, 30.1], "size": [1, 1, 1], "uv": [165, 109]},
						{"origin": [-12.5, 3.8, 22.1], "size": [3, 1, 5], "uv": [9, 84]},
						{"origin": [-11.5, 5.4, 27], "size": [1, 1, 4], "pivot": [-11, 5.3, 30], "rotation": [0, 0, -22.5], "uv": [47, 85]}
					]
				},
				{
					"name": "bbr",
					"parent": "back",
					"pivot": [-7, -2, 15],
					"cubes": [
						{"origin": [-16.5, 5.42315, 20.1], "size": [2, 1.15369, 1], "pivot": [-15, 6, 23], "rotation": [45, 0, 0], "uv": [195, 86]},
						{"origin": [-16.5, 5.42315, 20.1], "size": [2, 1.15369, 1], "pivot": [-15, 6, 23], "rotation": [22.5, 0, 0], "uv": [195, 53]},
						{"origin": [-16.5, 5.42315, 20.1], "size": [2, 1.15369, 1], "uv": [195, 50]},
						{"origin": [-16.5, 5.42315, 20.1], "size": [2, 1.15369, 1], "pivot": [-15, 6, 23], "rotation": [-22.5, 0, 0], "uv": [195, 47]},
						{"origin": [-16.5, 5.42315, 20.1], "size": [2, 1.15369, 1], "pivot": [-15, 6, 23], "rotation": [-45, 0, 0], "uv": [195, 3]},
						{"origin": [-16.5, 5.42315, 24.9], "size": [2, 1.15369, 1], "pivot": [-15, 6, 23], "rotation": [45, 0, 0], "uv": [194, 171]},
						{"origin": [-16.5, 5.42315, 24.9], "size": [2, 1.15369, 1], "pivot": [-15, 6, 23], "rotation": [22.5, 0, 0], "uv": [194, 121]},
						{"origin": [-16.5, 5.42315, 24.9], "size": [2, 1.15369, 1], "uv": [194, 104]},
						{"origin": [-16.5, 5.42315, 24.9], "size": [2, 1.15369, 1], "pivot": [-15, 6, 23], "rotation": [-22.5, 0, 0], "uv": [194, 76]},
						{"origin": [-16.5, 5.42315, 24.9], "size": [2, 1.15369, 1], "pivot": [-15, 6, 23], "rotation": [-45, 0, 0], "uv": [118, 174]},
						{"origin": [-16.5, 3.1, 22.42315], "size": [2, 1, 1.15369], "pivot": [-15, 6, 23], "rotation": [22.5, 0, 0], "uv": [133, 120]},
						{"origin": [-16.5, 3.1, 22.42315], "size": [2, 1, 1.15369], "uv": [21, 113]},
						{"origin": [-16.5, 3.1, 22.42315], "size": [2, 1, 1.15369], "pivot": [-15, 6, 23], "rotation": [-22.5, 0, 0], "uv": [12, 113]},
						{"origin": [-16.5, 7.9, 22.42315], "size": [2, 1, 1.15369], "pivot": [-15, 6, 23], "rotation": [22.5, 0, 0], "uv": [56, 89]},
						{"origin": [-16.5, 7.9, 22.42315], "size": [2, 1, 1.15369], "uv": [0, 89]},
						{"origin": [-16.5, 7.9, 22.42315], "size": [2, 1, 1.15369], "pivot": [-15, 6, 23], "rotation": [-22.5, 0, 0], "uv": [56, 54]}
					]
				},
				{
					"name": "bbl",
					"parent": "back",
					"pivot": [24, -2, 15],
					"cubes": [
						{"origin": [14.5, 5.42315, 20.1], "size": [2, 1.15369, 1], "pivot": [16, 6, 23], "rotation": [45, 0, 0], "uv": [197, 7]},
						{"origin": [14.5, 5.42315, 20.1], "size": [2, 1.15369, 1], "pivot": [16, 6, 23], "rotation": [22.5, 0, 0], "uv": [189, 197]},
						{"origin": [14.5, 5.42315, 20.1], "size": [2, 1.15369, 1], "uv": [110, 197]},
						{"origin": [14.5, 5.42315, 20.1], "size": [2, 1.15369, 1], "pivot": [16, 6, 23], "rotation": [-22.5, 0, 0], "uv": [196, 123]},
						{"origin": [14.5, 5.42315, 20.1], "size": [2, 1.15369, 1], "pivot": [16, 6, 23], "rotation": [-45, 0, 0], "uv": [196, 106]},
						{"origin": [14.5, 5.42315, 24.9], "size": [2, 1.15369, 1], "pivot": [16, 6, 23], "rotation": [45, 0, 0], "uv": [196, 96]},
						{"origin": [14.5, 5.42315, 24.9], "size": [2, 1.15369, 1], "pivot": [16, 6, 23], "rotation": [22.5, 0, 0], "uv": [196, 91]},
						{"origin": [14.5, 5.42315, 24.9], "size": [2, 1.15369, 1], "uv": [196, 5]},
						{"origin": [14.5, 5.42315, 24.9], "size": [2, 1.15369, 1], "pivot": [16, 6, 23], "rotation": [-22.5, 0, 0], "uv": [196, 0]},
						{"origin": [14.5, 5.42315, 24.9], "size": [2, 1.15369, 1], "pivot": [16, 6, 23], "rotation": [-45, 0, 0], "uv": [105, 196]},
						{"origin": [14.5, 3.1, 22.42315], "size": [2, 1, 1.15369], "pivot": [16, 6, 23], "rotation": [22.5, 0, 0], "uv": [99, 196]},
						{"origin": [14.5, 3.1, 22.42315], "size": [2, 1, 1.15369], "uv": [195, 192]},
						{"origin": [14.5, 3.1, 22.42315], "size": [2, 1, 1.15369], "pivot": [16, 6, 23], "rotation": [-22.5, 0, 0], "uv": [195, 190]},
						{"origin": [14.5, 7.9, 22.42315], "size": [2, 1, 1.15369], "pivot": [16, 6, 23], "rotation": [22.5, 0, 0], "uv": [195, 162]},
						{"origin": [14.5, 7.9, 22.42315], "size": [2, 1, 1.15369], "uv": [195, 136]},
						{"origin": [14.5, 7.9, 22.42315], "size": [2, 1, 1.15369], "pivot": [16, 6, 23], "rotation": [-22.5, 0, 0], "uv": [195, 89]}
					]
				},
				{
					"name": "fronttireguard",
					"pivot": [0, 0, 0],
					"cubes": [
						{"origin": [17, 9, -28], "size": [1, 7, 1], "uv": [70, 152]},
						{"origin": [17, 8.4, -28], "size": [1, 1, 1], "uv": [165, 78]},
						{"origin": [17, 8.4, -15], "size": [1, 1, 1], "uv": [96, 158]},
						{"origin": [-18, 8.4, -15], "size": [1, 1, 1], "uv": [137, 42]},
						{"origin": [-18, 8.4, -28], "size": [1, 1, 1], "uv": [75, 136]},
						{"origin": [-18, 9, -28], "size": [1, 7, 1], "uv": [25, 136]},
						{"origin": [-18, 9, -15], "size": [1, 7, 1], "uv": [21, 136]},
						{"origin": [17, 9, -15], "size": [1, 7, 1], "uv": [54, 124]},
						{"origin": [17, 16, -22], "size": [1, 1, 8], "uv": [70, 152]},
						{"origin": [-18, 16, -22], "size": [1, 1, 8], "uv": [21, 136]},
						{"origin": [17, 16, -22.4], "size": [1, 1, 1], "uv": [96, 128]},
						{"origin": [-18, 16, -22.4], "size": [1, 1, 1], "uv": [84, 94]},
						{"origin": [17, 11, -16], "size": [1, 5, 1], "uv": [194, 115]},
						{"origin": [17, 11, -27], "size": [1, 5, 1], "uv": [194, 109]},
						{"origin": [-18, 11, -27], "size": [1, 5, 1], "uv": [194, 98]},
						{"origin": [-18, 11, -16], "size": [1, 5, 1], "uv": [194, 80]},
						{"origin": [17, 12, -26], "size": [1, 4, 1], "uv": [47, 84]},
						{"origin": [-18, 12, -17], "size": [1, 4, 1], "uv": [9, 84]},
						{"origin": [-18, 12, -26], "size": [1, 4, 1], "uv": [47, 63]},
						{"origin": [17, 12, -17], "size": [1, 4, 1], "uv": [32, 63]},
						{"origin": [17, 13, -18], "size": [1, 3, 1], "uv": [6, 113]},
						{"origin": [17, 13, -25], "size": [1, 3, 1], "uv": [0, 113]},
						{"origin": [-18, 13, -25], "size": [1, 3, 1], "uv": [6, 108]},
						{"origin": [-18, 13, -18], "size": [1, 3, 1], "uv": [0, 108]},
						{"origin": [17, 13, -24], "size": [1, 3, 2], "uv": [21, 108]},
						{"origin": [-18, 13, -24], "size": [1, 3, 2], "uv": [12, 108]},
						{"origin": [-18, 13, -20], "size": [1, 3, 2], "uv": [0, 84]},
						{"origin": [17, 13, -20], "size": [1, 3, 2], "uv": [39, 63]},
						{"origin": [17, 14, -22], "size": [1, 2, 2], "uv": [194, 194]},
						{"origin": [-18, 14, -22], "size": [1, 2, 2], "uv": [184, 194]},
						{"origin": [12.5, 3, -28], "size": [1, 11, 14], "uv": [0, 0]},
						{"origin": [-16.8, 5, -22], "size": [4, 2, 2], "uv": [64, 79]},
						{"origin": [12.8, 5, -22], "size": [4, 2, 2], "uv": [15, 71]}
					]
				},
				{
					"name": "hexadecagon",
					"parent": "fronttireguard",
					"pivot": [26, 0, -5],
					"cubes": [
						{"origin": [17.5, 10.95112, -26.89964], "size": [1, 2.78477, 1], "pivot": [18.5, 11, -26.9], "rotation": [-45, 0, 0], "uv": [46, 156]},
						{"origin": [17.5, 5.60761, -15], "size": [1, 2.78477, 1], "pivot": [18, 7, -21], "rotation": [45, 0, 0], "uv": [40, 156]},
						{"origin": [17.5, 13, -22.39239], "size": [1, 1, 2.78477], "pivot": [18, 7, -21], "rotation": [22.5, 0, 0], "uv": [194, 133]},
						{"origin": [17.5, 13, -22.39239], "size": [1, 1, 2.78477], "uv": [194, 55]},
						{"origin": [17.5, 13, -22.39239], "size": [1, 1, 2.78477], "pivot": [18, 7, -21], "rotation": [-22.5, 0, 0], "uv": [194, 35]}
					]
				},
				{
					"name": "h2",
					"parent": "hexadecagon",
					"pivot": [18.5, 11, -15.1],
					"rotation": [0, 0, 1.5],
					"cubes": [
						{"origin": [17.5, 5.60761, -15], "size": [1, 2.78477, 1], "pivot": [18, 7, -21], "rotation": [22.5, 0, 0], "uv": [155, 36]},
						{"origin": [17.5, 3.00761, -15], "size": [1, 5.38477, 1], "pivot": [18.4658, 8.31264, -14], "rotation": [0, 0, 4], "uv": [180, 194]}
					]
				},
				{
					"name": "h1",
					"parent": "hexadecagon",
					"pivot": [18.5, 11, -26.9],
					"rotation": [0, 0, 1.5],
					"cubes": [
						{"origin": [17.5, 8.16993, -26.91838], "size": [1, 2.78477, 1], "pivot": [18.5, 11, -26.9], "rotation": [-22.5, 0, 0], "uv": [152, 125]},
						{"origin": [17.5, 3.70761, -28], "size": [1, 4.68477, 1], "pivot": [18.65873, 8.40485, -28], "rotation": [0, 0, 4], "uv": [15, 62]}
					]
				},
				{
					"name": "hexadecagon4",
					"parent": "fronttireguard",
					"pivot": [-10, 0, -5],
					"cubes": [
						{"origin": [-18.5, 10.95112, -26.89964], "size": [1, 2.78477, 1], "pivot": [-17.5, 11, -26.9], "rotation": [-45, 0, 0], "uv": [152, 120]},
						{"origin": [-18.5, 5.60761, -15], "size": [1, 2.78477, 1], "pivot": [-18, 7, -21], "rotation": [45, 0, 0], "uv": [126, 152]},
						{"origin": [-18.5, 13, -22.39239], "size": [1, 1, 2.78477], "pivot": [-18, 7, -21], "rotation": [22.5, 0, 0], "uv": [194, 32]},
						{"origin": [-18.5, 13, -22.39239], "size": [1, 1, 2.78477], "uv": [194, 29]},
						{"origin": [-18.5, 13, -22.39239], "size": [1, 1, 2.78477], "pivot": [-18, 7, -21], "rotation": [-22.5, 0, 0], "uv": [194, 23]}
					]
				},
				{
					"name": "h3",
					"parent": "hexadecagon4",
					"pivot": [-18.5, 11, -15.1],
					"rotation": [0, 0, -1.5],
					"cubes": [
						{"origin": [-18.5, 5.60761, -15], "size": [1, 2.78477, 1], "pivot": [-18, 7, -21], "rotation": [22.5, 0, 0], "uv": [120, 152]},
						{"origin": [-18.5, 3.00761, -15], "size": [1, 5.38477, 1], "pivot": [-18.5342, 8.31264, -14], "rotation": [0, 0, -4], "uv": [176, 194]}
					]
				},
				{
					"name": "h4",
					"parent": "hexadecagon4",
					"pivot": [-18.5, 11, -26.9],
					"rotation": [0, 0, -1.5],
					"cubes": [
						{"origin": [-18.5, 8.16993, -26.91838], "size": [1, 2.78477, 1], "pivot": [-17.5, 11, -26.9], "rotation": [-22.5, 0, 0], "uv": [95, 152]},
						{"origin": [-18.5, 3.70761, -28], "size": [1, 4.68477, 1], "pivot": [-18.54127, 8.40485, -28], "rotation": [0, 0, -4], "uv": [0, 62]}
					]
				},
				{
					"name": "hexadecagon5",
					"parent": "fronttireguard",
					"pivot": [-9, 0, -5],
					"cubes": [
						{"origin": [13.5, 10.95112, -26.89964], "size": [4, 2.78477, 1], "pivot": [-16.5, 11, -26.9], "rotation": [-45, 0, 0], "uv": [186, 87]},
						{"origin": [13.5, 5.60761, -15], "size": [4, 2.78477, 1], "pivot": [-17, 7, -21], "rotation": [45, 0, 0], "uv": [186, 54]},
						{"origin": [13.5, 13, -22.39239], "size": [4, 1, 2.78477], "pivot": [-17, 7, -21], "rotation": [22.5, 0, 0], "uv": [172, 61]},
						{"origin": [13.5, 13, -22.39239], "size": [4, 1, 2.78477], "uv": [170, 94]},
						{"origin": [13.5, 13, -22.39239], "size": [4, 1, 2.78477], "pivot": [-17, 7, -21], "rotation": [-22.5, 0, 0], "uv": [126, 169]}
					]
				},
				{
					"name": "h5",
					"parent": "hexadecagon5",
					"pivot": [-17.5, 11, -15.1],
					"cubes": [
						{"origin": [13.5, 5.60761, -15], "size": [4, 2.78477, 1], "pivot": [-17, 7, -21], "rotation": [22.5, 0, 0], "uv": [186, 51]},
						{"origin": [13.5, 3.30761, -15], "size": [4, 5.08477, 1], "uv": [47, 78]}
					]
				},
				{
					"name": "h6",
					"parent": "hexadecagon5",
					"pivot": [-17.5, 11, -26.9],
					"cubes": [
						{"origin": [13.5, 8.16993, -26.91838], "size": [4, 2.78477, 1], "pivot": [-16.5, 11, -26.9], "rotation": [-22.5, 0, 0], "uv": [186, 48]},
						{"origin": [13.5, 3.70761, -28], "size": [4, 4.68477, 1], "uv": [96, 79]}
					]
				},
				{
					"name": "hexadecagon9",
					"parent": "fronttireguard",
					"pivot": [-40, 0, -5],
					"cubes": [
						{"origin": [-17.5, 10.95112, -26.89964], "size": [4, 2.78477, 1], "pivot": [-47.5, 11, -26.9], "rotation": [-45, 0, 0], "uv": [185, 181]},
						{"origin": [-17.5, 5.60761, -15], "size": [4, 2.78477, 1], "pivot": [-48, 7, -21], "rotation": [45, 0, 0], "uv": [185, 178]},
						{"origin": [-17.5, 13, -22.39239], "size": [4, 1, 2.78477], "pivot": [-48, 7, -21], "rotation": [22.5, 0, 0], "uv": [168, 90]},
						{"origin": [-17.5, 13, -22.39239], "size": [4, 1, 2.78477], "uv": [126, 166]},
						{"origin": [-17.5, 13, -22.39239], "size": [4, 1, 2.78477], "pivot": [-48, 7, -21], "rotation": [-22.5, 0, 0], "uv": [164, 26]}
					]
				},
				{
					"name": "h15",
					"parent": "hexadecagon9",
					"pivot": [-48.5, 11, -15.1],
					"cubes": [
						{"origin": [-17.5, 5.60761, -15], "size": [4, 2.78477, 1], "pivot": [-48, 7, -21], "rotation": [22.5, 0, 0], "uv": [185, 175]},
						{"origin": [-17.5, 3.30761, -15], "size": [4, 5.08477, 1], "uv": [32, 78]}
					]
				},
				{
					"name": "h16",
					"parent": "hexadecagon9",
					"pivot": [-48.5, 11, -26.9],
					"cubes": [
						{"origin": [-17.5, 8.16993, -26.91838], "size": [4, 2.78477, 1], "pivot": [-47.5, 11, -26.9], "rotation": [-22.5, 0, 0], "uv": [185, 172]},
						{"origin": [-17.5, 3.70761, -28], "size": [4, 4.68477, 1], "uv": [20, 84]}
					]
				},
				{
					"name": "backtireguard",
					"pivot": [0, 0, 44],
					"cubes": [
						{"origin": [17, 9, 16], "size": [1, 7, 1], "uv": [96, 120]},
						{"origin": [17, 8.4, 16], "size": [1, 1, 1], "uv": [72, 90]},
						{"origin": [-18, 8.4, 16], "size": [1, 1, 1], "uv": [74, 63]},
						{"origin": [-18, 9, 16], "size": [1, 7, 1], "uv": [89, 83]},
						{"origin": [-18, 9, 29], "size": [1, 3, 1], "uv": [104, 5]},
						{"origin": [-18, 10.5, 29.1], "size": [1, 1, 1], "uv": [73, 37]},
						{"origin": [17, 10.5, 29.1], "size": [1, 1, 1], "uv": [9, 73]},
						{"origin": [17, 9, 29], "size": [1, 3, 1], "uv": [104, 0]},
						{"origin": [17, 11, 28], "size": [1, 5, 1], "uv": [172, 194]},
						{"origin": [17, 11, 17], "size": [1, 5, 1], "uv": [168, 194]},
						{"origin": [17, 16, 16], "size": [1, 1, 13], "uv": [64, 79]},
						{"origin": [-18, 16, 16], "size": [1, 1, 13], "uv": [32, 78]},
						{"origin": [-18, 16, 29], "size": [1, 1, 1], "pivot": [-17, 17, 29], "rotation": [-5, 0, 0], "uv": [25, 71]},
						{"origin": [17, 16, 29], "size": [1, 1, 1], "pivot": [18, 17, 29], "rotation": [-5, 0, 0], "uv": [68, 63]},
						{"origin": [-18, 11, 17], "size": [1, 5, 1], "uv": [164, 194]},
						{"origin": [-18, 11, 28], "size": [1, 5, 1], "uv": [155, 194]},
						{"origin": [17, 12, 18], "size": [1, 4, 1], "uv": [26, 56]},
						{"origin": [-18, 12, 27], "size": [1, 4, 1], "uv": [26, 25]},
						{"origin": [-18, 12, 18], "size": [1, 4, 1], "uv": [16, 0]},
						{"origin": [17, 12, 27], "size": [1, 4, 1], "uv": [0, 0]},
						{"origin": [17, 13, 26], "size": [1, 3, 1], "uv": [102, 84]},
						{"origin": [17, 13, 19], "size": [1, 3, 1], "uv": [98, 5]},
						{"origin": [-18, 13, 19], "size": [1, 3, 1], "uv": [98, 0]},
						{"origin": [-18, 13, 26], "size": [1, 3, 1], "uv": [96, 91]},
						{"origin": [17, 13, 20], "size": [1, 3, 2], "uv": [7, 62]},
						{"origin": [-18, 13, 20], "size": [1, 3, 2], "uv": [56, 56]},
						{"origin": [-18, 13, 24], "size": [1, 3, 2], "uv": [23, 0]},
						{"origin": [17, 13, 24], "size": [1, 3, 2], "uv": [7, 0]},
						{"origin": [17, 14, 22], "size": [1, 2, 2], "uv": [26, 194]},
						{"origin": [-18, 14, 22], "size": [1, 2, 2], "uv": [193, 140]},
						{"origin": [12.8, 5, 22], "size": [4, 2, 2], "uv": [47, 69]},
						{"origin": [-16.8, 5, 22], "size": [4, 2, 2], "uv": [32, 69]}
					]
				},
				{
					"name": "hexadecagon6",
					"parent": "backtireguard",
					"pivot": [26, 0, 39],
					"cubes": [
						{"origin": [17.5, 10.95112, 17.10036], "size": [1, 2.78477, 1], "pivot": [18.5, 11, 17.1], "rotation": [-45, 0, 0], "uv": [89, 152]},
						{"origin": [17.5, 5.60761, 29], "size": [1, 2.78477, 1], "pivot": [18, 7, 23], "rotation": [45, 0, 0], "uv": [46, 151]},
						{"origin": [17.5, 13, 21.60761], "size": [1, 1, 2.78477], "pivot": [18, 7, 23], "rotation": [22.5, 0, 0], "uv": [194, 20]},
						{"origin": [17.5, 13, 21.60761], "size": [1, 1, 2.78477], "uv": [193, 164]},
						{"origin": [17.5, 13, 21.60761], "size": [1, 1, 2.78477], "pivot": [18, 7, 23], "rotation": [-22.5, 0, 0], "uv": [193, 159]}
					]
				},
				{
					"name": "h7",
					"parent": "hexadecagon6",
					"pivot": [18.5, 11, 28.9],
					"rotation": [0, 0, 1.5],
					"cubes": [
						{"origin": [17.5, 5.60761, 29], "size": [1, 2.78477, 1], "pivot": [18, 7, 23], "rotation": [22.5, 0, 0], "uv": [40, 151]},
						{"origin": [17.5, 4.90761, 29], "size": [1, 3.48477, 1], "pivot": [18.4658, 8.31264, 30], "rotation": [0, 0, 4], "uv": [96, 84]}
					]
				},
				{
					"name": "h8",
					"parent": "hexadecagon6",
					"pivot": [18.5, 11, 17.1],
					"rotation": [0, 0, 1.5],
					"cubes": [
						{"origin": [17.5, 8.16993, 17.08162], "size": [1, 2.78477, 1], "pivot": [18.5, 11, 17.1], "rotation": [-22.5, 0, 0], "uv": [149, 42]},
						{"origin": [17.5, 3.00761, 16], "size": [1, 5.38477, 1], "pivot": [18.65873, 8.40485, 16], "rotation": [0, 0, 4], "uv": [116, 192]}
					]
				},
				{
					"name": "hexadecagon7",
					"parent": "backtireguard",
					"pivot": [-10, 0, 39],
					"cubes": [
						{"origin": [-18.5, 10.95112, 17.10036], "size": [1, 2.78477, 1], "pivot": [-17.5, 11, 17.1], "rotation": [-45, 0, 0], "uv": [146, 125]},
						{"origin": [-18.5, 5.60761, 29], "size": [1, 2.78477, 1], "pivot": [-18, 7, 23], "rotation": [45, 0, 0], "uv": [57, 78]},
						{"origin": [-18.5, 13, 21.60761], "size": [1, 1, 2.78477], "pivot": [-18, 7, 23], "rotation": [22.5, 0, 0], "uv": [193, 42]},
						{"origin": [-18.5, 13, 21.60761], "size": [1, 1, 2.78477], "uv": [193, 38]},
						{"origin": [-18.5, 13, 21.60761], "size": [1, 1, 2.78477], "pivot": [-18, 7, 23], "rotation": [-22.5, 0, 0], "uv": [24, 89]}
					]
				},
				{
					"name": "h9",
					"parent": "hexadecagon7",
					"pivot": [-18.5, 11, 28.9],
					"rotation": [0, 0, -1.5],
					"cubes": [
						{"origin": [-18.5, 5.60761, 29], "size": [1, 2.78477, 1], "pivot": [-18, 7, 23], "rotation": [22.5, 0, 0], "uv": [58, 72]},
						{"origin": [-18.5, 4.90761, 29], "size": [1, 3.48477, 1], "pivot": [-18.5342, 8.31264, 30], "rotation": [0, 0, -4], "uv": [41, 83]}
					]
				},
				{
					"name": "h10",
					"parent": "hexadecagon7",
					"pivot": [-18.5, 11, 17.1],
					"rotation": [0, 0, -1.5],
					"cubes": [
						{"origin": [-18.5, 8.16993, 17.08162], "size": [1, 2.78477, 1], "pivot": [-17.5, 11, 17.1], "rotation": [-22.5, 0, 0], "uv": [58, 68]},
						{"origin": [-18.5, 3.00761, 16], "size": [1, 5.38477, 1], "pivot": [-18.54127, 8.40485, 16], "rotation": [0, 0, -4], "uv": [180, 90]}
					]
				},
				{
					"name": "hexadecagon8",
					"parent": "backtireguard",
					"pivot": [-9, 0, 39],
					"cubes": [
						{"origin": [13.5, 10.95112, 17.10036], "size": [4, 2.78477, 1], "pivot": [-16.5, 11, 17.1], "rotation": [-45, 0, 0], "uv": [185, 158]},
						{"origin": [13.5, 5.60761, 29], "size": [4, 2.78477, 1], "pivot": [-17, 7, 23], "rotation": [45, 0, 0], "uv": [185, 155]},
						{"origin": [13.5, 13, 21.60761], "size": [4, 1, 2.78477], "pivot": [-17, 7, 23], "rotation": [22.5, 0, 0], "uv": [162, 114]},
						{"origin": [13.5, 13, 21.60761], "size": [4, 1, 2.78477], "uv": [162, 60]},
						{"origin": [13.5, 13, 21.60761], "size": [4, 1, 2.78477], "pivot": [-17, 7, 23], "rotation": [-22.5, 0, 0], "uv": [139, 161]}
					]
				},
				{
					"name": "h11",
					"parent": "hexadecagon8",
					"pivot": [-17.5, 11, 28.9],
					"cubes": [
						{"origin": [13.5, 5.60761, 29], "size": [4, 2.78477, 1], "pivot": [-17, 7, 23], "rotation": [22.5, 0, 0], "uv": [185, 152]},
						{"origin": [13.5, 4.90761, 29], "size": [4, 3.48477, 1], "uv": [166, 9]}
					]
				},
				{
					"name": "h12",
					"parent": "hexadecagon8",
					"pivot": [-17.5, 11, 17.1],
					"cubes": [
						{"origin": [13.5, 8.16993, 17.08162], "size": [4, 2.78477, 1], "pivot": [-16.5, 11, 17.1], "rotation": [-22.5, 0, 0], "uv": [185, 149]},
						{"origin": [13.5, 3.10761, 16], "size": [4, 5.28477, 1], "uv": [0, 68]}
					]
				},
				{
					"name": "hexadecagon2",
					"parent": "backtireguard",
					"pivot": [-40, 0, 39],
					"cubes": [
						{"origin": [-17.5, 10.95112, 17.10036], "size": [4, 2.78477, 1], "pivot": [-47.5, 11, 17.1], "rotation": [-45, 0, 0], "uv": [185, 146]},
						{"origin": [-17.5, 5.60761, 29], "size": [4, 2.78477, 1], "pivot": [-48, 7, 23], "rotation": [45, 0, 0], "uv": [185, 135]},
						{"origin": [-17.5, 13, 21.60761], "size": [4, 1, 2.78477], "pivot": [-48, 7, 23], "rotation": [22.5, 0, 0], "uv": [155, 84]},
						{"origin": [-17.5, 13, 21.60761], "size": [4, 1, 2.78477], "uv": [155, 81]},
						{"origin": [-17.5, 13, 21.60761], "size": [4, 1, 2.78477], "pivot": [-48, 7, 23], "rotation": [-22.5, 0, 0], "uv": [155, 78]}
					]
				},
				{
					"name": "h13",
					"parent": "hexadecagon2",
					"pivot": [-48.5, 11, 28.9],
					"cubes": [
						{"origin": [-17.5, 5.60761, 29], "size": [4, 2.78477, 1], "pivot": [-48, 7, 23], "rotation": [22.5, 0, 0], "uv": [185, 37]},
						{"origin": [-17.5, 4.90761, 29], "size": [4, 3.48477, 1], "uv": [146, 130]}
					]
				},
				{
					"name": "h14",
					"parent": "hexadecagon2",
					"pivot": [-48.5, 11, 17.1],
					"cubes": [
						{"origin": [-17.5, 8.16993, 17.08162], "size": [4, 2.78477, 1], "pivot": [-47.5, 11, 17.1], "rotation": [-22.5, 0, 0], "uv": [185, 34]},
						{"origin": [-17.5, 3.10761, 16], "size": [4, 5.28477, 1], "uv": [64, 38]}
					]
				},
				{
					"name": "fronttires",
					"pivot": [0, 0, 0]
				},
				{
					"name": "fronttire1",
					"parent": "fronttires",
					"pivot": [16.5, 6, -21]
				},
				{
					"name": "ftl",
					"parent": "fronttire1",
					"pivot": [26, -2, -29],
					"cubes": [
						{"origin": [14.5, 4.80653, -27], "size": [4, 2.38695, 1.5], "pivot": [18, 6, -21], "rotation": [45, 0, 0], "uv": [185, 31]},
						{"origin": [14.5, 4.80653, -27], "size": [4, 2.38695, 1.5], "pivot": [18, 6, -21], "rotation": [22.5, 0, 0], "uv": [179, 185]},
						{"origin": [14.5, 4.80653, -27], "size": [4, 2.38695, 1.5], "uv": [169, 185]},
						{"origin": [14.5, 4.80653, -27], "size": [4, 2.38695, 1.5], "pivot": [18, 6, -21], "rotation": [-22.5, 0, 0], "uv": [184, 82]},
						{"origin": [14.5, 4.80653, -27], "size": [4, 2.38695, 1.5], "pivot": [18, 6, -21], "rotation": [-45, 0, 0], "uv": [184, 79]},
						{"origin": [14.5, 4.80653, -16.5], "size": [4, 2.38695, 1.5], "pivot": [18, 6, -21], "rotation": [45, 0, 0], "uv": [184, 76]},
						{"origin": [14.5, 4.80653, -16.5], "size": [4, 2.38695, 1.5], "pivot": [18, 6, -21], "rotation": [22.5, 0, 0], "uv": [159, 184]},
						{"origin": [14.5, 4.80653, -16.5], "size": [4, 2.38695, 1.5], "uv": [136, 184]},
						{"origin": [14.5, 4.80653, -16.5], "size": [4, 2.38695, 1.5], "pivot": [18, 6, -21], "rotation": [-22.5, 0, 0], "uv": [126, 184]},
						{"origin": [14.5, 4.80653, -16.5], "size": [4, 2.38695, 1.5], "pivot": [18, 6, -21], "rotation": [-45, 0, 0], "uv": [70, 184]},
						{"origin": [14.5, 0, -22.19347], "size": [4, 1.5, 2.38695], "pivot": [18, 6, -21], "rotation": [22.5, 0, 0], "uv": [149, 155]},
						{"origin": [14.5, 0, -22.19347], "size": [4, 1.5, 2.38695], "uv": [149, 152]},
						{"origin": [14.5, 0, -22.19347], "size": [4, 1.5, 2.38695], "pivot": [18, 6, -21], "rotation": [-22.5, 0, 0], "uv": [141, 37]},
						{"origin": [14.5, 10.5, -22.19347], "size": [4, 1.5, 2.38695], "pivot": [18, 6, -21], "rotation": [22.5, 0, 0], "uv": [141, 34]},
						{"origin": [14.5, 10.5, -22.19347], "size": [4, 1.5, 2.38695], "uv": [141, 31]},
						{"origin": [14.5, 10.5, -22.19347], "size": [4, 1.5, 2.38695], "pivot": [18, 6, -21], "rotation": [-22.5, 0, 0], "uv": [121, 137]}
					]
				},
				{
					"name": "frl",
					"parent": "fronttire1",
					"pivot": [25.6, -2, -29],
					"cubes": [
						{"origin": [15, 5.10489, -25.5], "size": [3, 1.79021, 1], "pivot": [17.6, 6, -21], "rotation": [45, 0, 0], "uv": [193, 78]},
						{"origin": [15, 5.10489, -25.5], "size": [3, 1.79021, 1], "pivot": [17.6, 6, -21], "rotation": [22.5, 0, 0], "uv": [193, 71]},
						{"origin": [15, 5.10489, -25.5], "size": [3, 1.79021, 1], "uv": [193, 69]},
						{"origin": [15, 5.10489, -25.5], "size": [3, 1.79021, 1], "pivot": [17.6, 6, -21], "rotation": [-22.5, 0, 0], "uv": [193, 67]},
						{"origin": [15, 5.10489, -25.5], "size": [3, 1.79021, 1], "pivot": [17.6, 6, -21], "rotation": [-45, 0, 0], "uv": [193, 65]},
						{"origin": [15, 5.10489, -17.5], "size": [3, 1.79021, 1], "pivot": [17.6, 6, -21], "rotation": [45, 0, 0], "uv": [193, 18]},
						{"origin": [15, 5.10489, -17.5], "size": [3, 1.79021, 1], "pivot": [17.6, 6, -21], "rotation": [22.5, 0, 0], "uv": [188, 193]},
						{"origin": [15, 5.10489, -17.5], "size": [3, 1.79021, 1], "uv": [39, 193]},
						{"origin": [15, 5.10489, -17.5], "size": [3, 1.79021, 1], "pivot": [17.6, 6, -21], "rotation": [-22.5, 0, 0], "uv": [31, 193]},
						{"origin": [15, 5.10489, -17.5], "size": [3, 1.79021, 1], "pivot": [17.6, 6, -21], "rotation": [-45, 0, 0], "uv": [192, 45]},
						{"origin": [15, 1.5, -21.89511], "size": [3, 1, 1.79021], "pivot": [17.6, 6, -21], "rotation": [22.5, 0, 0], "uv": [192, 27]},
						{"origin": [15, 1.5, -21.89511], "size": [3, 1, 1.79021], "uv": [181, 192]},
						{"origin": [15, 1.5, -21.89511], "size": [3, 1, 1.79021], "pivot": [17.6, 6, -21], "rotation": [-22.5, 0, 0], "uv": [173, 192]},
						{"origin": [15, 9.5, -21.89511], "size": [3, 1, 1.79021], "pivot": [17.6, 6, -21], "rotation": [22.5, 0, 0], "uv": [165, 192]},
						{"origin": [15, 9.5, -21.89511], "size": [3, 1, 1.79021], "uv": [191, 62]},
						{"origin": [15, 9.5, -21.89511], "size": [3, 1, 1.79021], "pivot": [17.6, 6, -21], "rotation": [-22.5, 0, 0], "uv": [191, 59]}
					]
				},
				{
					"name": "fal",
					"parent": "fronttire1",
					"pivot": [0.2, 0, 0]
				},
				{
					"name": "a1",
					"parent": "fal",
					"pivot": [17.2, 6, -21],
					"cubes": [
						{"origin": [15.2, 7, -21.6], "size": [2, 3, 1], "uv": [110, 192]},
						{"origin": [15.2, 7, -21.4], "size": [2, 3, 1], "uv": [104, 192]}
					]
				},
				{
					"name": "a2",
					"parent": "fal",
					"pivot": [17.2, 6, -21],
					"rotation": [57.5, 0, 0],
					"cubes": [
						{"origin": [15.2, 7, -21.6], "size": [2, 3, 1], "uv": [159, 191]},
						{"origin": [15.2, 7, -21.4], "size": [2, 3, 1], "uv": [139, 191]}
					]
				},
				{
					"name": "a3",
					"parent": "fal",
					"pivot": [17.2, 6, -21],
					"rotation": [180, 0, 0],
					"cubes": [
						{"origin": [15.2, 7, -21.6], "size": [2, 3, 1], "uv": [133, 191]},
						{"origin": [15.2, 7, -21.4], "size": [2, 3, 1], "uv": [127, 191]}
					]
				},
				{
					"name": "a4",
					"parent": "fal",
					"pivot": [17.2, 6, -21],
					"rotation": [122.5, 0, 0],
					"cubes": [
						{"origin": [15.2, 7, -21.6], "size": [2, 3, 1], "uv": [121, 191]},
						{"origin": [15.2, 7, -21.4], "size": [2, 3, 1], "uv": [72, 191]}
					]
				},
				{
					"name": "a5",
					"parent": "fal",
					"pivot": [17.2, 6, -21],
					"rotation": [-122.5, 0, 0],
					"cubes": [
						{"origin": [15.2, 7, -21.6], "size": [2, 3, 1], "uv": [66, 191]},
						{"origin": [15.2, 7, -21.4], "size": [2, 3, 1], "uv": [60, 191]}
					]
				},
				{
					"name": "a6",
					"parent": "fal",
					"pivot": [17.2, 6, -21],
					"rotation": [-57.5, 0, 0],
					"cubes": [
						{"origin": [15.2, 7, -21.6], "size": [2, 3, 1], "uv": [54, 191]},
						{"origin": [15.2, 7, -21.4], "size": [2, 3, 1], "uv": [48, 191]}
					]
				},
				{
					"name": "fronttire2",
					"parent": "fronttires",
					"pivot": [-16.5, 6, -21]
				},
				{
					"name": "ftr",
					"parent": "fronttire2",
					"pivot": [-7, -2, -29],
					"cubes": [
						{"origin": [-18.5, 4.80653, -27], "size": [4, 2.38695, 1.5], "pivot": [-15, 6, -21], "rotation": [45, 0, 0], "uv": [60, 184]},
						{"origin": [-18.5, 4.80653, -27], "size": [4, 2.38695, 1.5], "pivot": [-15, 6, -21], "rotation": [22.5, 0, 0], "uv": [50, 184]},
						{"origin": [-18.5, 4.80653, -27], "size": [4, 2.38695, 1.5], "uv": [40, 184]},
						{"origin": [-18.5, 4.80653, -27], "size": [4, 2.38695, 1.5], "pivot": [-15, 6, -21], "rotation": [-22.5, 0, 0], "uv": [30, 184]},
						{"origin": [-18.5, 4.80653, -27], "size": [4, 2.38695, 1.5], "pivot": [-15, 6, -21], "rotation": [-45, 0, 0], "uv": [20, 184]},
						{"origin": [-18.5, 4.80653, -16.5], "size": [4, 2.38695, 1.5], "pivot": [-15, 6, -21], "rotation": [45, 0, 0], "uv": [10, 184]},
						{"origin": [-18.5, 4.80653, -16.5], "size": [4, 2.38695, 1.5], "pivot": [-15, 6, -21], "rotation": [22.5, 0, 0], "uv": [0, 184]},
						{"origin": [-18.5, 4.80653, -16.5], "size": [4, 2.38695, 1.5], "uv": [183, 169]},
						{"origin": [-18.5, 4.80653, -16.5], "size": [4, 2.38695, 1.5], "pivot": [-15, 6, -21], "rotation": [-22.5, 0, 0], "uv": [116, 183]},
						{"origin": [-18.5, 4.80653, -16.5], "size": [4, 2.38695, 1.5], "pivot": [-15, 6, -21], "rotation": [-45, 0, 0], "uv": [104, 183]},
						{"origin": [-18.5, 0, -22.19347], "size": [4, 1.5, 2.38695], "pivot": [-15, 6, -21], "rotation": [22.5, 0, 0], "uv": [102, 129]},
						{"origin": [-18.5, 0, -22.19347], "size": [4, 1.5, 2.38695], "uv": [102, 126]},
						{"origin": [-18.5, 0, -22.19347], "size": [4, 1.5, 2.38695], "pivot": [-15, 6, -21], "rotation": [-22.5, 0, 0], "uv": [123, 120]},
						{"origin": [-18.5, 10.5, -22.19347], "size": [4, 1.5, 2.38695], "pivot": [-15, 6, -21], "rotation": [22.5, 0, 0], "uv": [102, 123]},
						{"origin": [-18.5, 10.5, -22.19347], "size": [4, 1.5, 2.38695], "uv": [102, 120]},
						{"origin": [-18.5, 10.5, -22.19347], "size": [4, 1.5, 2.38695], "pivot": [-15, 6, -21], "rotation": [-22.5, 0, 0], "uv": [15, 102]}
					]
				},
				{
					"name": "frr",
					"parent": "fronttire2",
					"pivot": [-7.4, -2, -29],
					"cubes": [
						{"origin": [-18, 5.10489, -25.5], "size": [3, 1.79021, 1], "pivot": [-15.4, 6, -21], "rotation": [45, 0, 0], "uv": [40, 191]},
						{"origin": [-18, 5.10489, -25.5], "size": [3, 1.79021, 1], "pivot": [-15.4, 6, -21], "rotation": [22.5, 0, 0], "uv": [32, 191]},
						{"origin": [-18, 5.10489, -25.5], "size": [3, 1.79021, 1], "uv": [190, 138]},
						{"origin": [-18, 5.10489, -25.5], "size": [3, 1.79021, 1], "pivot": [-15.4, 6, -21], "rotation": [-22.5, 0, 0], "uv": [190, 131]},
						{"origin": [-18, 5.10489, -25.5], "size": [3, 1.79021, 1], "pivot": [-15.4, 6, -21], "rotation": [-45, 0, 0], "uv": [190, 129]},
						{"origin": [-18, 5.10489, -17.5], "size": [3, 1.79021, 1], "pivot": [-15.4, 6, -21], "rotation": [45, 0, 0], "uv": [190, 127]},
						{"origin": [-18, 5.10489, -17.5], "size": [3, 1.79021, 1], "pivot": [-15.4, 6, -21], "rotation": [22.5, 0, 0], "uv": [190, 125]},
						{"origin": [-18, 5.10489, -17.5], "size": [3, 1.79021, 1], "uv": [190, 94]},
						{"origin": [-18, 5.10489, -17.5], "size": [3, 1.79021, 1], "pivot": [-15.4, 6, -21], "rotation": [-22.5, 0, 0], "uv": [190, 74]},
						{"origin": [-18, 5.10489, -17.5], "size": [3, 1.79021, 1], "pivot": [-15.4, 6, -21], "rotation": [-45, 0, 0], "uv": [190, 13]},
						{"origin": [-18, 1.5, -21.89511], "size": [3, 1, 1.79021], "pivot": [-15.4, 6, -21], "rotation": [22.5, 0, 0], "uv": [190, 8]},
						{"origin": [-18, 1.5, -21.89511], "size": [3, 1, 1.79021], "uv": [189, 167]},
						{"origin": [-18, 1.5, -21.89511], "size": [3, 1, 1.79021], "pivot": [-15.4, 6, -21], "rotation": [-22.5, 0, 0], "uv": [188, 123]},
						{"origin": [-18, 9.5, -21.89511], "size": [3, 1, 1.79021], "pivot": [-15.4, 6, -21], "rotation": [22.5, 0, 0], "uv": [188, 106]},
						{"origin": [-18, 9.5, -21.89511], "size": [3, 1, 1.79021], "uv": [188, 23]},
						{"origin": [-18, 9.5, -21.89511], "size": [3, 1, 1.79021], "pivot": [-15.4, 6, -21], "rotation": [-22.5, 0, 0], "uv": [186, 133]}
					]
				},
				{
					"name": "far",
					"parent": "fronttire2",
					"pivot": [-32.4, 0, 0]
				},
				{
					"name": "a7",
					"parent": "far",
					"pivot": [-15.4, 6, -21],
					"cubes": [
						{"origin": [-17.4, 7, -21.6], "size": [2, 3, 1], "uv": [190, 90]},
						{"origin": [-17.4, 7, -21.4], "size": [2, 3, 1], "uv": [190, 4]}
					]
				},
				{
					"name": "a8",
					"parent": "far",
					"pivot": [-15.4, 6, -21],
					"rotation": [57.5, 0, 0],
					"cubes": [
						{"origin": [-17.4, 7, -21.6], "size": [2, 3, 1], "uv": [190, 0]},
						{"origin": [-17.4, 7, -21.4], "size": [2, 3, 1], "uv": [189, 185]}
					]
				},
				{
					"name": "a9",
					"parent": "far",
					"pivot": [-15.4, 6, -21],
					"rotation": [180, 0, 0],
					"cubes": [
						{"origin": [-17.4, 7, -21.6], "size": [2, 3, 1], "uv": [189, 162]},
						{"origin": [-17.4, 7, -21.4], "size": [2, 3, 1], "uv": [189, 189]}
					]
				},
				{
					"name": "a10",
					"parent": "far",
					"pivot": [-15.4, 6, -21],
					"rotation": [122.5, 0, 0],
					"cubes": [
						{"origin": [-17.4, 7, -21.6], "size": [2, 3, 1], "uv": [188, 119]},
						{"origin": [-17.4, 7, -21.4], "size": [2, 3, 1], "uv": [188, 115]}
					]
				},
				{
					"name": "a11",
					"parent": "far",
					"pivot": [-15.4, 6, -21],
					"rotation": [-122.5, 0, 0],
					"cubes": [
						{"origin": [-17.4, 7, -21.6], "size": [2, 3, 1], "uv": [188, 111]},
						{"origin": [-17.4, 7, -21.4], "size": [2, 3, 1], "uv": [188, 102]}
					]
				},
				{
					"name": "a12",
					"parent": "far",
					"pivot": [-15.4, 6, -21],
					"rotation": [-57.5, 0, 0],
					"cubes": [
						{"origin": [-17.4, 7, -21.6], "size": [2, 3, 1], "uv": [188, 98]},
						{"origin": [-17.4, 7, -21.4], "size": [2, 3, 1], "uv": [188, 19]}
					]
				},
				{
					"name": "backtires",
					"pivot": [0, 6, 23]
				},
				{
					"name": "backtire1",
					"parent": "backtires",
					"pivot": [17, 6, 23]
				},
				{
					"name": "btl",
					"parent": "backtire1",
					"pivot": [26, -2, 15],
					"cubes": [
						{"origin": [14.5, 4.80653, 17], "size": [4, 2.38695, 1.5], "pivot": [18, 6, 23], "rotation": [45, 0, 0], "uv": [182, 60]},
						{"origin": [14.5, 4.80653, 17], "size": [4, 2.38695, 1.5], "pivot": [18, 6, 23], "rotation": [22.5, 0, 0], "uv": [180, 165]},
						{"origin": [14.5, 4.80653, 17], "size": [4, 2.38695, 1.5], "uv": [126, 180]},
						{"origin": [14.5, 4.80653, 17], "size": [4, 2.38695, 1.5], "pivot": [18, 6, 23], "rotation": [-22.5, 0, 0], "uv": [116, 180]},
						{"origin": [14.5, 4.80653, 17], "size": [4, 2.38695, 1.5], "pivot": [18, 6, 23], "rotation": [-45, 0, 0], "uv": [104, 180]},
						{"origin": [14.5, 4.80653, 27.5], "size": [4, 2.38695, 1.5], "pivot": [18, 6, 23], "rotation": [45, 0, 0], "uv": [178, 120]},
						{"origin": [14.5, 4.80653, 27.5], "size": [4, 2.38695, 1.5], "pivot": [18, 6, 23], "rotation": [22.5, 0, 0], "uv": [178, 117]},
						{"origin": [14.5, 4.80653, 27.5], "size": [4, 2.38695, 1.5], "uv": [178, 114]},
						{"origin": [14.5, 4.80653, 27.5], "size": [4, 2.38695, 1.5], "pivot": [18, 6, 23], "rotation": [-22.5, 0, 0], "uv": [178, 6]},
						{"origin": [14.5, 4.80653, 27.5], "size": [4, 2.38695, 1.5], "pivot": [18, 6, 23], "rotation": [-45, 0, 0], "uv": [178, 3]},
						{"origin": [14.5, 0, 21.80653], "size": [4, 1.5, 2.38695], "pivot": [18, 6, 23], "rotation": [22.5, 0, 0], "uv": [0, 102]},
						{"origin": [14.5, 0, 21.80653], "size": [4, 1.5, 2.38695], "uv": [15, 99]},
						{"origin": [14.5, 0, 21.80653], "size": [4, 1.5, 2.38695], "pivot": [18, 6, 23], "rotation": [-22.5, 0, 0], "uv": [0, 99]},
						{"origin": [14.5, 10.5, 21.80653], "size": [4, 1.5, 2.38695], "pivot": [18, 6, 23], "rotation": [22.5, 0, 0], "uv": [15, 96]},
						{"origin": [14.5, 10.5, 21.80653], "size": [4, 1.5, 2.38695], "uv": [0, 96]},
						{"origin": [14.5, 10.5, 21.80653], "size": [4, 1.5, 2.38695], "pivot": [18, 6, 23], "rotation": [-22.5, 0, 0], "uv": [15, 93]}
					]
				},
				{
					"name": "brl",
					"parent": "backtire1",
					"pivot": [25.6, -2, 15],
					"cubes": [
						{"origin": [15, 5.10489, 18.5], "size": [3, 1.79021, 1], "pivot": [17.6, 6, 23], "rotation": [45, 0, 0], "uv": [186, 109]},
						{"origin": [15, 5.10489, 18.5], "size": [3, 1.79021, 1], "pivot": [17.6, 6, 23], "rotation": [22.5, 0, 0], "uv": [186, 57]},
						{"origin": [15, 5.10489, 18.5], "size": [3, 1.79021, 1], "uv": [186, 11]},
						{"origin": [15, 5.10489, 18.5], "size": [3, 1.79021, 1], "pivot": [17.6, 6, 23], "rotation": [-22.5, 0, 0], "uv": [184, 27]},
						{"origin": [15, 5.10489, 18.5], "size": [3, 1.79021, 1], "pivot": [17.6, 6, 23], "rotation": [-45, 0, 0], "uv": [178, 11]},
						{"origin": [15, 5.10489, 26.5], "size": [3, 1.79021, 1], "pivot": [17.6, 6, 23], "rotation": [45, 0, 0], "uv": [176, 27]},
						{"origin": [15, 5.10489, 26.5], "size": [3, 1.79021, 1], "pivot": [17.6, 6, 23], "rotation": [22.5, 0, 0], "uv": [176, 23]},
						{"origin": [15, 5.10489, 26.5], "size": [3, 1.79021, 1], "uv": [174, 170]},
						{"origin": [15, 5.10489, 26.5], "size": [3, 1.79021, 1], "pivot": [17.6, 6, 23], "rotation": [-22.5, 0, 0], "uv": [31, 170]},
						{"origin": [15, 5.10489, 26.5], "size": [3, 1.79021, 1], "pivot": [17.6, 6, 23], "rotation": [-45, 0, 0], "uv": [169, 98]},
						{"origin": [15, 1.5, 22.10489], "size": [3, 1, 1.79021], "pivot": [17.6, 6, 23], "rotation": [22.5, 0, 0], "uv": [164, 168]},
						{"origin": [15, 1.5, 22.10489], "size": [3, 1, 1.79021], "uv": [166, 122]},
						{"origin": [15, 1.5, 22.10489], "size": [3, 1, 1.79021], "pivot": [17.6, 6, 23], "rotation": [-22.5, 0, 0], "uv": [164, 162]},
						{"origin": [15, 9.5, 22.10489], "size": [3, 1, 1.79021], "pivot": [17.6, 6, 23], "rotation": [22.5, 0, 0], "uv": [164, 15]},
						{"origin": [15, 9.5, 22.10489], "size": [3, 1, 1.79021], "uv": [163, 48]},
						{"origin": [15, 9.5, 22.10489], "size": [3, 1, 1.79021], "pivot": [17.6, 6, 23], "rotation": [-22.5, 0, 0], "uv": [149, 158]}
					]
				},
				{
					"name": "bal",
					"parent": "backtire1",
					"pivot": [0.2, 0, 44]
				},
				{
					"name": "a13",
					"parent": "bal",
					"pivot": [17.2, 6, 23],
					"cubes": [
						{"origin": [15.2, 7, 22.4], "size": [2, 3, 1], "uv": [188, 15]},
						{"origin": [15.2, 7, 22.6], "size": [2, 3, 1], "uv": [183, 188]}
					]
				},
				{
					"name": "a14",
					"parent": "bal",
					"pivot": [17.2, 6, 23],
					"rotation": [57.5, 0, 0],
					"cubes": [
						{"origin": [15.2, 7, 22.4], "size": [2, 3, 1], "uv": [177, 188]},
						{"origin": [15.2, 7, 22.6], "size": [2, 3, 1], "uv": [171, 188]}
					]
				},
				{
					"name": "a15",
					"parent": "bal",
					"pivot": [17.2, 6, 23],
					"rotation": [180, 0, 0],
					"cubes": [
						{"origin": [15.2, 7, 22.4], "size": [2, 3, 1], "uv": [165, 188]},
						{"origin": [15.2, 7, 22.6], "size": [2, 3, 1], "uv": [116, 188]}
					]
				},
				{
					"name": "a16",
					"parent": "bal",
					"pivot": [17.2, 6, 23],
					"rotation": [122.5, 0, 0],
					"cubes": [
						{"origin": [15.2, 7, 22.4], "size": [2, 3, 1], "uv": [110, 188]},
						{"origin": [15.2, 7, 22.6], "size": [2, 3, 1], "uv": [104, 188]}
					]
				},
				{
					"name": "a17",
					"parent": "bal",
					"pivot": [17.2, 6, 23],
					"rotation": [-122.5, 0, 0],
					"cubes": [
						{"origin": [15.2, 7, 22.4], "size": [2, 3, 1], "uv": [159, 187]},
						{"origin": [15.2, 7, 22.6], "size": [2, 3, 1], "uv": [137, 187]}
					]
				},
				{
					"name": "a18",
					"parent": "bal",
					"pivot": [17.2, 6, 23],
					"rotation": [-57.5, 0, 0],
					"cubes": [
						{"origin": [15.2, 7, 22.4], "size": [2, 3, 1], "uv": [131, 187]},
						{"origin": [15.2, 7, 22.6], "size": [2, 3, 1], "uv": [125, 187]}
					]
				},
				{
					"name": "backtire2",
					"parent": "backtires",
					"pivot": [-17, 6, 23]
				},
				{
					"name": "btr",
					"parent": "backtire2",
					"pivot": [-7, -2, 15],
					"cubes": [
						{"origin": [-18.5, 4.80653, 17], "size": [4, 2.38695, 1.5], "pivot": [-15, 6, 23], "rotation": [45, 0, 0], "uv": [178, 0]},
						{"origin": [-18.5, 4.80653, 17], "size": [4, 2.38695, 1.5], "pivot": [-15, 6, 23], "rotation": [22.5, 0, 0], "uv": [126, 177]},
						{"origin": [-18.5, 4.80653, 17], "size": [4, 2.38695, 1.5], "uv": [116, 177]},
						{"origin": [-18.5, 4.80653, 17], "size": [4, 2.38695, 1.5], "pivot": [-15, 6, 23], "rotation": [-22.5, 0, 0], "uv": [176, 109]},
						{"origin": [-18.5, 4.80653, 17], "size": [4, 2.38695, 1.5], "pivot": [-15, 6, 23], "rotation": [-45, 0, 0], "uv": [176, 105]},
						{"origin": [-18.5, 4.80653, 27.5], "size": [4, 2.38695, 1.5], "pivot": [-15, 6, 23], "rotation": [45, 0, 0], "uv": [176, 102]},
						{"origin": [-18.5, 4.80653, 27.5], "size": [4, 2.38695, 1.5], "pivot": [-15, 6, 23], "rotation": [22.5, 0, 0], "uv": [166, 5]},
						{"origin": [-18.5, 4.80653, 27.5], "size": [4, 2.38695, 1.5], "uv": [164, 22]},
						{"origin": [-18.5, 4.80653, 27.5], "size": [4, 2.38695, 1.5], "pivot": [-15, 6, 23], "rotation": [-22.5, 0, 0], "uv": [120, 157]},
						{"origin": [-18.5, 4.80653, 27.5], "size": [4, 2.38695, 1.5], "pivot": [-15, 6, 23], "rotation": [-45, 0, 0], "uv": [14, 129]},
						{"origin": [-18.5, 0, 21.80653], "size": [4, 1.5, 2.38695], "pivot": [-15, 6, 23], "rotation": [22.5, 0, 0], "uv": [0, 93]},
						{"origin": [-18.5, 0, 21.80653], "size": [4, 1.5, 2.38695], "uv": [79, 89]},
						{"origin": [-18.5, 0, 21.80653], "size": [4, 1.5, 2.38695], "pivot": [-15, 6, 23], "rotation": [-22.5, 0, 0], "uv": [32, 88]},
						{"origin": [-18.5, 10.5, 21.80653], "size": [4, 1.5, 2.38695], "pivot": [-15, 6, 23], "rotation": [22.5, 0, 0], "uv": [64, 87]},
						{"origin": [-18.5, 10.5, 21.80653], "size": [4, 1.5, 2.38695], "uv": [47, 73]},
						{"origin": [-18.5, 10.5, 21.80653], "size": [4, 1.5, 2.38695], "pivot": [-15, 6, 23], "rotation": [-22.5, 0, 0], "uv": [32, 73]}
					]
				},
				{
					"name": "brr",
					"parent": "backtire2",
					"pivot": [-7.4, -2, 15],
					"cubes": [
						{"origin": [-18, 5.10489, 18.5], "size": [3, 1.79021, 1], "pivot": [-15.4, 6, 23], "rotation": [45, 0, 0], "uv": [89, 157]},
						{"origin": [-18, 5.10489, 18.5], "size": [3, 1.79021, 1], "pivot": [-15.4, 6, 23], "rotation": [22.5, 0, 0], "uv": [155, 48]},
						{"origin": [-18, 5.10489, 18.5], "size": [3, 1.79021, 1], "uv": [89, 149]},
						{"origin": [-18, 5.10489, 18.5], "size": [3, 1.79021, 1], "pivot": [-15.4, 6, 23], "rotation": [-22.5, 0, 0], "uv": [81, 149]},
						{"origin": [-18, 5.10489, 18.5], "size": [3, 1.79021, 1], "pivot": [-15.4, 6, 23], "rotation": [-45, 0, 0], "uv": [31, 142]},
						{"origin": [-18, 5.10489, 26.5], "size": [3, 1.79021, 1], "pivot": [-15.4, 6, 23], "rotation": [45, 0, 0], "uv": [131, 137]},
						{"origin": [-18, 5.10489, 26.5], "size": [3, 1.79021, 1], "pivot": [-15.4, 6, 23], "rotation": [22.5, 0, 0], "uv": [68, 137]},
						{"origin": [-18, 5.10489, 26.5], "size": [3, 1.79021, 1], "uv": [60, 137]},
						{"origin": [-18, 5.10489, 26.5], "size": [3, 1.79021, 1], "pivot": [-15.4, 6, 23], "rotation": [-22.5, 0, 0], "uv": [131, 131]},
						{"origin": [-18, 5.10489, 26.5], "size": [3, 1.79021, 1], "pivot": [-15.4, 6, 23], "rotation": [-45, 0, 0], "uv": [123, 131]},
						{"origin": [-18, 1.5, 22.10489], "size": [3, 1, 1.79021], "pivot": [-15.4, 6, 23], "rotation": [22.5, 0, 0], "uv": [129, 42]},
						{"origin": [-18, 1.5, 22.10489], "size": [3, 1, 1.79021], "uv": [46, 127]},
						{"origin": [-18, 1.5, 22.10489], "size": [3, 1, 1.79021], "pivot": [-15.4, 6, 23], "rotation": [-22.5, 0, 0], "uv": [12, 116]},
						{"origin": [-18, 9.5, 22.10489], "size": [3, 1, 1.79021], "pivot": [-15.4, 6, 23], "rotation": [22.5, 0, 0], "uv": [64, 90]},
						{"origin": [-18, 9.5, 22.10489], "size": [3, 1, 1.79021], "uv": [16, 90]},
						{"origin": [-18, 9.5, 22.10489], "size": [3, 1, 1.79021], "pivot": [-15.4, 6, 23], "rotation": [-22.5, 0, 0], "uv": [86, 60]}
					]
				},
				{
					"name": "bar",
					"parent": "backtire2",
					"pivot": [-32.4, 0, 44]
				},
				{
					"name": "a19",
					"parent": "bar",
					"pivot": [-15.4, 6, 23],
					"cubes": [
						{"origin": [-17.4, 7, 22.4], "size": [2, 3, 1], "uv": [74, 187]},
						{"origin": [-17.4, 7, 22.6], "size": [2, 3, 1], "uv": [68, 187]}
					]
				},
				{
					"name": "a20",
					"parent": "bar",
					"pivot": [-15.4, 6, 23],
					"rotation": [57.5, 0, 0],
					"cubes": [
						{"origin": [-17.4, 7, 22.4], "size": [2, 3, 1], "uv": [62, 187]},
						{"origin": [-17.4, 7, 22.6], "size": [2, 3, 1], "uv": [56, 187]}
					]
				},
				{
					"name": "a21",
					"parent": "bar",
					"pivot": [-15.4, 6, 23],
					"rotation": [180, 0, 0],
					"cubes": [
						{"origin": [-17.4, 7, 22.4], "size": [2, 3, 1], "uv": [50, 187]},
						{"origin": [-17.4, 7, 22.6], "size": [2, 3, 1], "uv": [44, 187]}
					]
				},
				{
					"name": "a22",
					"parent": "bar",
					"pivot": [-15.4, 6, 23],
					"rotation": [122.5, 0, 0],
					"cubes": [
						{"origin": [-17.4, 7, 22.4], "size": [2, 3, 1], "uv": [38, 187]},
						{"origin": [-17.4, 7, 22.6], "size": [2, 3, 1], "uv": [32, 187]}
					]
				},
				{
					"name": "a23",
					"parent": "bar",
					"pivot": [-15.4, 6, 23],
					"rotation": [-122.5, 0, 0],
					"cubes": [
						{"origin": [-17.4, 7, 22.4], "size": [2, 3, 1], "uv": [12, 146]},
						{"origin": [-17.4, 7, 22.6], "size": [2, 3, 1], "uv": [33, 145]}
					]
				},
				{
					"name": "a24",
					"parent": "bar",
					"pivot": [-15.4, 6, 23],
					"rotation": [-57.5, 0, 0],
					"cubes": [
						{"origin": [-17.4, 7, 22.4], "size": [2, 3, 1], "uv": [93, 132]},
						{"origin": [-17.4, 7, 22.6], "size": [2, 3, 1], "uv": [72, 132]}
					]
				}
			]
		}
	]
}