{
	"format_version": "1.8.0",
	"animations": {
		"animation.hnsx.turning": {
			"loop": true,
			"bones": {
				"fronttire1": {
					"rotation": [0, "Math.max(-26, Math.min(26,query.yaw_speed * 0.5))", 0]
				},
				"fronttire2": {
					"rotation": [0, "Math.max(-26, Math.min(26,query.yaw_speed * 0.5))", 0]
				},
				"steeringwheel": {
					"rotation": [0, 0, "Math.max(-30, Math.min(30,query.yaw_speed * 0.5))*-1"]
				}
			}
		},
		"animation.hnsx.drive": {
			"loop": true,
			"animation_length": 0.1667,
			"bones": {
				"fronttire1": {
					"rotation": {
						"0.0": [0, 0, 0],
						"0.1667": [180, 0, 0]
					}
				},
				"fronttire2": {
					"rotation": {
						"0.0": [0, 0, 0],
						"0.1667": [180, 0, 0]
					}
				},
				"backtires": {
					"rotation": {
						"0.0": [0, 0, 0],
						"0.1667": [180, 0, 0]
					}
				},
				"pecutan": {
					"position": [0, -1, 0]
				}
			}
		},
		"animation.hnsx.door": {
			"loop": true,
			"bones": {
				"leftdoor": {
					"rotation": [0, -45, 0]
					},
				"rightdoor": {
					"rotation": [0, 45, 0]
					}
				}
			},
		"animation.hnsx.open": {
			"loop": false,
			"bones": {
				"leftdoor": {
					"rotation": {
						"0.0": [0, -45, 0],
						"0.56": [0, 0, 0]
					}
				},
				"rightdoor": {
					"rotation": {
						"0.0": [0, 45, 0],
						"0.56": [0, 0, 0]
					}
				}
			}
		},
		"animation.hnsx.popups": {
			"loop": false,
			"bones": {
				"popups": {
					"rotation": {
						"0.0": [33, 0, 0],
						"0.56": [0, 0, 0]
					}
				}
			}
		},
		"animation.hnsx.popups2": {
			"loop": false,
			"bones": {
				"popups": {
					"rotation": {
						"0.0": [-33, 0, 0],
						"0.56": [0, 0, 0]
					}
				}
			}
		},
		"animation.hnsx.close": {
			"loop": false,
			"bones": {
				"leftdoor": {
					"rotation": {
						"0.0": [0, 45, 0],
						"0.56": [0, 0, 0]
					}
				},
				"rightdoor": {
					"rotation": {
						"0.0": [0, -45, 0],
						"0.56": [0, 0, 0]
					}
				}
			}
		}
	}
}