{
	"format_version": "1.10.0",
	"minecraft:entity": {
		"description": {
			"identifier": "mazda929hc:maroon_gray1",
			"is_spawnable": true,
			"is_summonable": true,
			"is_experimental": false
		},
		"component_groups": {
			"door_open": {
        		"minecraft:transformation": {
          		"into": "mazda929hc:maroon_gray2",
          		"delay": 0.1
       			 }
    		}
		},
		"components": {
			"minecraft:type_family": {
				"family": [
					"cars"
				]
			},
			"minecraft:scale": {
				"value": 0.99
			},
			"minecraft:knockback_resistance": {
				"value": 1,
				"max": 1
			},
			"minecraft:collision_box": {
				"width": 2,
				"height": 1.5
			},
			"minecraft:health": {
				"value": 60
			},
			"minecraft:jump.static": {},
			"minecraft:physics": {},
			"minecraft:interact": [
				{
					"on_interact": {
						"event": "door_open"
					},
					"use_item": false,
					"interact_text": "Open Door"
				}
			],
			"minecraft:pushable": {
				"is_pushable": false,
				"is_pushable_by_piston": true
			}
		},

		"events": {
			"minecraft:entity_transformed": {
  				"run_command": {
    				"command": [
      					"playsound vehicle.929hc.doorclose @a[r=50] ~~~"
    				]
  				}
			},
			"door_open": {
        		"add": {
          			"component_groups": [
            			"door_open"
          			]
        		}
      		}
		}
	}
}