{
    "format_version": "1.14.0",
    "minecraft:entity": {
        "description": {
            "identifier": "pixelpoly:car_formula_1",
            "is_summonable": true,
            "is_spawnable": true,
            "is_experimental": false
        },
        "component_groups": {
            "pixelpoly_formula1:default_color": {
                "minecraft:mark_variant": { "value": 0 }
            },
            "pixelpoly_formula1:black": {
                "minecraft:mark_variant": { "value": 1 }
            },
            "pixelpoly_formula1:blue": {
                "minecraft:mark_variant": { "value": 2 }
            },
			"pixelpoly_formula1:gray": {
                "minecraft:mark_variant": { "value": 3 }
            },
			"pixelpoly_formula1:green": {
                "minecraft:mark_variant": { "value": 4 }
            },
			"pixelpoly_formula1:cyan": {
                "minecraft:mark_variant": { "value": 5 }
            },
			"pixelpoly_formula1:magenta": {
                "minecraft:mark_variant": { "value": 6 }
            },
			"pixelpoly_formula1:orange": {
                "minecraft:mark_variant": { "value": 7 }
            },
			"pixelpoly_formula1:pink": {
                "minecraft:mark_variant": { "value": 8 }
            },
			"pixelpoly_formula1:red": {
                "minecraft:mark_variant": { "value": 9 }
            },
			"pixelpoly_formula1:yellow": {
                "minecraft:mark_variant": { "value": 10 }
            },
			"pixelpoly_formula1:despawn": {
			    "minecraft:despawn": {}
			}
        },
        "components": {
            "minecraft:breathable": {
				"total_supply": 15,
				"suffocate_time": 0
            },
            "minecraft:mark_variant": { "value": 0 },
            "minecraft:collision_box": {
				"width": 3.0,
				"height": 1.0
            },
            "minecraft:navigation.walk": {
				"can_path_over_water": true
            },
            "minecraft:movement.basic": {},
			"minecraft:health": {
				"value": 50,
				"max": 50
            },
            "minecraft:damage_sensor": {
                "triggers": {
                    "cause": "all",
                    "deals_damage": false
                }
            },
            "minecraft:nameable": {},
            "minecraft:rideable": {
				"seat_count": 1,
				"crouching_skip_interact": true,
				"family_types": [
					"player"
				],
				"interact_text": "action.interact.ride",
				"seats": {
					"position": [ 0, 0.4, -0.7 ]
				},
				"rider_can_interact": true
            },
            "minecraft:type_family": {
				"family": [
					"formula_1", "car", "inanimate"
				]
            },
            "minecraft:pushable": {
				"is_pushable": false,
				"is_pushable_by_piston": false
            },
            "minecraft:physics": {},
            "minecraft:input_ground_controlled": {},
            "minecraft:movement": {
				"value": 1.75
			},
            "minecraft:is_stackable": {},
            "minecraft:interact": {
                "interactions": [
                    {
                        "interact_text": "interact.formula_1:default.name",
                        "on_interact": {
                            "filters": {
                                "all_of": [
                                    { "test": "is_family", "subject": "other", "value": "player" },
                                    { "test": "has_equipment", "domain": "hand", "subject": "other", "value": "dye:19" }
                                ]
                            },
                            "event": "minecraft:entity_spawned"
                        }
                    },
                    {
                        "interact_text": "interact.formula_1:black.name",
                        "on_interact": {
                            "filters": {
                                "all_of": [
                                    { "test": "is_family", "subject": "other", "value": "player" },
                                    { "test": "has_equipment", "domain": "hand", "subject": "other", "value": "dye:16" }
                                ]
                            },
                            "event": "pixelpoly_formula1:enable_color_black"
                        }
                    },
                    {
                        "interact_text": "interact.formula_1:blue.name",
                        "on_interact": {
                            "filters": {
                                "all_of": [
                                    { "test": "is_family", "subject": "other", "value": "player" },
                                    { "test": "has_equipment", "domain": "hand", "subject": "other", "value": "dye:18" }
                                ]
                            },
                            "event": "pixelpoly_formula1:enable_color_blue"
                        }
                    },
					{
                        "interact_text": "interact.formula_1:gray.name",
                        "on_interact": {
                            "filters": {
                                "all_of": [
                                    { "test": "is_family", "subject": "other", "value": "player" },
                                    { "test": "has_equipment", "domain": "hand", "subject": "other", "value": "dye:8" }
                                ]
                            },
                            "event": "pixelpoly_formula1:enable_color_gray"
                        }
                    },
					{
                        "interact_text": "interact.formula_1:green.name",
                        "on_interact": {
                            "filters": {
                                "all_of": [
                                    { "test": "is_family", "subject": "other", "value": "player" },
                                    { "test": "has_equipment", "domain": "hand", "subject": "other", "value": "dye:2" }
                                ]
                            },
                            "event": "pixelpoly_formula1:enable_color_green"
                        }
                    },
					{
                        "interact_text": "interact.formula_1:cyan.name",
                        "on_interact": {
                            "filters": {
                                "all_of": [
                                    { "test": "is_family", "subject": "other", "value": "player" },
                                    { "test": "has_equipment", "domain": "hand", "subject": "other", "value": "dye:6" }
                                ]
                            },
                            "event": "pixelpoly_formula1:enable_color_cyan"
                        }
                    },
					{
                        "interact_text": "interact.formula_1:magenta.name",
                        "on_interact": {
                            "filters": {
                                "all_of": [
                                    { "test": "is_family", "subject": "other", "value": "player" },
                                    { "test": "has_equipment", "domain": "hand", "subject": "other", "value": "dye:13" }
                                ]
                            },
                            "event": "pixelpoly_formula1:enable_color_magenta"
                        }
                    },
					{
                        "interact_text": "interact.formula_1:orange.name",
                        "on_interact": {
                            "filters": {
                                "all_of": [
                                    { "test": "is_family", "subject": "other", "value": "player" },
                                    { "test": "has_equipment", "domain": "hand", "subject": "other", "value": "dye:14" }
                                ]
                            },
                            "event": "pixelpoly_formula1:enable_color_orange"
                        }
                    },
					{
                        "interact_text": "interact.formula_1:pink.name",
                        "on_interact": {
                            "filters": {
                                "all_of": [
                                    { "test": "is_family", "subject": "other", "value": "player" },
                                    { "test": "has_equipment", "domain": "hand", "subject": "other", "value": "dye:9" }
                                ]
                            },
                            "event": "pixelpoly_formula1:enable_color_pink"
                        }
                    },
					{
                        "interact_text": "interact.formula_1:red.name",
                        "on_interact": {
                            "filters": {
                                "all_of": [
                                    { "test": "is_family", "subject": "other", "value": "player" },
                                    { "test": "has_equipment", "domain": "hand", "subject": "other", "value": "dye:1" }
                                ]
                            },
                            "event": "pixelpoly_formula1:enable_color_red"
                        }
                    },
					{
                        "interact_text": "interact.formula_1:yellow.name",
                        "on_interact": {
                            "filters": {
                                "all_of": [
                                    { "test": "is_family", "subject": "other", "value": "player" },
                                    { "test": "has_equipment", "domain": "hand", "subject": "other", "value": "dye:11" }
                                ]
                            },
                            "event": "pixelpoly_formula1:enable_color_yellow"
                        }
                    },
					{
                        "interact_text": "interact.formula_1:despawn.name",
                        "on_interact": {
                            "filters": {
                                "all_of": [
                                    { "test": "is_family", "subject": "other", "value": "player" },
                                    { "test": "has_equipment", "domain": "hand", "subject": "other", "value": "barrier" }
                                ]
                            },
                            "event": "pixelpoly_formula1:despawn_entity"
                        }
                    }
                ]
            }
        },
        "events": {
            "minecraft:entity_spawned": {
                "add": { "component_groups": [ "pixelpoly_formula1:default_color" ]},
                "remove": { "component_groups": [
				    "pixelpoly_formula1:black",
					"pixelpoly_formula1:blue",
					"pixelpoly_formula1:gray",
					"pixelpoly_formula1:green",
					"pixelpoly_formula1:cyan",
					"pixelpoly_formula1:magenta",
					"pixelpoly_formula1:orange",
					"pixelpoly_formula1:pink",
					"pixelpoly_formula1:red",
					"pixelpoly_formula1:yellow"
				]}
            },
            "pixelpoly_formula1:enable_color_black": {
                "add": { "component_groups": [ "pixelpoly_formula1:black" ]},
                "remove": { "component_groups": [
				    "pixelpoly_formula1:default_color",
					"pixelpoly_formula1:blue",
					"pixelpoly_formula1:gray",
					"pixelpoly_formula1:green",
					"pixelpoly_formula1:cyan",
					"pixelpoly_formula1:magenta",
					"pixelpoly_formula1:orange",
					"pixelpoly_formula1:pink",
					"pixelpoly_formula1:red",
					"pixelpoly_formula1:yellow"
				]}
            },
            "pixelpoly_formula1:enable_color_blue": {
                "add": { "component_groups": [ "pixelpoly_formula1:blue" ]},
                "remove": { "component_groups": [
				    "pixelpoly_formula1:black",
					"pixelpoly_formula1:default_color",
					"pixelpoly_formula1:gray",
					"pixelpoly_formula1:green",
					"pixelpoly_formula1:cyan",
					"pixelpoly_formula1:magenta",
					"pixelpoly_formula1:orange",
					"pixelpoly_formula1:pink",
					"pixelpoly_formula1:red",
					"pixelpoly_formula1:yellow"
				]}
            },
			"pixelpoly_formula1:enable_color_gray": {
                "add": { "component_groups": [ "pixelpoly_formula1:gray" ]},
                "remove": { "component_groups": [
				    "pixelpoly_formula1:black",
					"pixelpoly_formula1:blue",
					"pixelpoly_formula1:default_color",
					"pixelpoly_formula1:green",
					"pixelpoly_formula1:cyan",
					"pixelpoly_formula1:magenta",
					"pixelpoly_formula1:orange",
					"pixelpoly_formula1:pink",
					"pixelpoly_formula1:red",
					"pixelpoly_formula1:yellow"
				]}
            },
			"pixelpoly_formula1:enable_color_green": {
                "add": { "component_groups": [ "pixelpoly_formula1:green" ]},
                "remove": { "component_groups": [
				    "pixelpoly_formula1:black",
					"pixelpoly_formula1:blue",
					"pixelpoly_formula1:gray",
					"pixelpoly_formula1:default_color",
					"pixelpoly_formula1:cyan",
					"pixelpoly_formula1:magenta",
					"pixelpoly_formula1:orange",
					"pixelpoly_formula1:pink",
					"pixelpoly_formula1:red",
					"pixelpoly_formula1:yellow"
				]}
            },
			"pixelpoly_formula1:enable_color_cyan": {
                "add": { "component_groups": [ "pixelpoly_formula1:cyan" ]},
                "remove": { "component_groups": [
				    "pixelpoly_formula1:black",
					"pixelpoly_formula1:blue",
					"pixelpoly_formula1:gray",
					"pixelpoly_formula1:green",
					"pixelpoly_formula1:default_color",
					"pixelpoly_formula1:magenta",
					"pixelpoly_formula1:orange",
					"pixelpoly_formula1:pink",
					"pixelpoly_formula1:red",
					"pixelpoly_formula1:yellow"
				]}
            },
			"pixelpoly_formula1:enable_color_magenta": {
                "add": { "component_groups": [ "pixelpoly_formula1:magenta" ]},
                "remove": { "component_groups": [
				    "pixelpoly_formula1:black",
					"pixelpoly_formula1:blue",
					"pixelpoly_formula1:gray",
					"pixelpoly_formula1:green",
					"pixelpoly_formula1:cyan",
					"pixelpoly_formula1:default_color",
					"pixelpoly_formula1:orange",
					"pixelpoly_formula1:pink",
					"pixelpoly_formula1:red",
					"pixelpoly_formula1:yellow"
				]}
            },
			"pixelpoly_formula1:enable_color_orange": {
                "add": { "component_groups": [ "pixelpoly_formula1:orange" ]},
                "remove": { "component_groups": [
				    "pixelpoly_formula1:black",
					"pixelpoly_formula1:blue",
					"pixelpoly_formula1:gray",
					"pixelpoly_formula1:green",
					"pixelpoly_formula1:cyan",
					"pixelpoly_formula1:magenta",
					"pixelpoly_formula1:default_color",
					"pixelpoly_formula1:pink",
					"pixelpoly_formula1:red",
					"pixelpoly_formula1:yellow"
				]}
            },
			"pixelpoly_formula1:enable_color_pink": {
                "add": { "component_groups": [ "pixelpoly_formula1:pink" ]},
                "remove": { "component_groups": [
				    "pixelpoly_formula1:black",
					"pixelpoly_formula1:blue",
					"pixelpoly_formula1:gray",
					"pixelpoly_formula1:green",
					"pixelpoly_formula1:cyan",
					"pixelpoly_formula1:magenta",
					"pixelpoly_formula1:orange",
					"pixelpoly_formula1:default_color",
					"pixelpoly_formula1:red",
					"pixelpoly_formula1:yellow"
				]}
            },
			"pixelpoly_formula1:enable_color_red": {
                "add": { "component_groups": [ "pixelpoly_formula1:red" ]},
                "remove": { "component_groups": [
				    "pixelpoly_formula1:black",
					"pixelpoly_formula1:blue",
					"pixelpoly_formula1:gray",
					"pixelpoly_formula1:green",
					"pixelpoly_formula1:cyan",
					"pixelpoly_formula1:magenta",
					"pixelpoly_formula1:orange",
					"pixelpoly_formula1:pink",
					"pixelpoly_formula1:default_color",
					"pixelpoly_formula1:yellow"
				]}
            },
			"pixelpoly_formula1:enable_color_yellow": {
                "add": { "component_groups": [ "pixelpoly_formula1:yellow" ]},
                "remove": { "component_groups": [
				    "pixelpoly_formula1:black",
					"pixelpoly_formula1:blue",
					"pixelpoly_formula1:gray",
					"pixelpoly_formula1:green",
					"pixelpoly_formula1:cyan",
					"pixelpoly_formula1:magenta",
					"pixelpoly_formula1:orange",
					"pixelpoly_formula1:pink",
					"pixelpoly_formula1:red",
					"pixelpoly_formula1:default_color"
				]}
            },
			"pixelpoly_formula1:despawn_entity": {
			    "add": { "component_groups": [ "pixelpoly_formula1:despawn" ]}
			}
        }
    }
}