{
	"entity_sounds": {
		"entities": {
			"bugatti:chiron": {
				"volume": 1.0,
        "pitch": [ 0.8, 1.2 ],
        "events": {
          "ambient": "mob.bveyron.say",
          "hurt": "mob.bveyron.hurt",
          "death": "mob.bveyron.death",
           "step": {
            "sound": "mob.bveyron.step",
            "volume": 1000.0,
            "pitch": 1000.0
          }
        }
      },
			"bugatti:veyron2": {
				"volume": 1.0,
        "pitch": [ 0.8, 1.2 ],
        "events": {
          "ambient": "mob.bveyron.say",
          "hurt": "mob.bveyron.hurt",
          "death": "mob.bveyron.death",
           "step": {
            "sound": "mob.bveyron.step",
            "volume": 1000.0,
            "pitch": 1000.0
          }
        }
      },
	"bugatti:veyron03": {
				"volume": 1.0,
        "pitch": [ 0.8, 1.2 ],
        "events": {
          "ambient": "mob.bveyron.say",
          "hurt": "mob.bveyron.hurt",
          "death": "mob.bveyron.death",
           "step": {
            "sound": "mob.bveyron.step",
            "volume": 1000.0,
            "pitch": 1000.0
          }
        }
      },
	"bugatti:veyron4": {
				"volume": 1.0,
        "pitch": [ 0.8, 1.2 ],
        "events": {
          "ambient": "mob.bveyron.say",
          "hurt": "mob.bveyron.hurt",
          "death": "mob.bveyron.death",
           "step": {
            "sound": "mob.bveyron.step",
            "volume": 1000.0,
            "pitch": 1000.0
          }
        }
      },
	"bugatti:veyron5": {
				"volume": 1.0,
        "pitch": [ 0.8, 1.2 ],
        "events": {
          "ambient": "mob.bveyron.say",
          "hurt": "mob.bveyron.hurt",
          "death": "mob.bveyron.death",
           "step": {
            "sound": "mob.bveyron.step",
            "volume": 1000.0,
            "pitch": 1000.0
          }
        }
      },
	"bugatti:veyron6": {
				"volume": 1.0,
        "pitch": [ 0.8, 1.2 ],
        "events": {
          "ambient": "mob.bveyron.say",
          "hurt": "mob.bveyron.hurt",
          "death": "mob.bveyron.death",
           "step": {
            "sound": "mob.bveyron.step",
            "volume": 1000.0,
            "pitch": 1000.0
          }
        }
      },
	"bugatti:veyron77": {
				"volume": 1.0,
        "pitch": [ 0.8, 1.2 ],
        "events": {
          "ambient": "mob.bveyron.say",
          "hurt": "mob.bveyron.hurt",
          "death": "mob.bveyron.death",
           "step": {
            "sound": "mob.bveyron.step",
            "volume": 1000.0,
            "pitch": 1000.0
          }
        }
      },
			"mcpe:snake_10": {
				"volume": 1.0,
        "pitch": [ 0.8, 1.2 ],
        "events": {
          "ambient": "mob.snake.say",
          "hurt": "mob.snake.hurt",
          "death": "mob.snake.death",
           "step": {
            "sound": "mob.snake.step",
            "volume": 1000.0,
            "pitch": 1000.0
          }
        }
      }
    }
  }
}