{
	"entity_sounds": {
		"entities": {
	   		"car:epica": {
				"volume": 3,
				"pitch": [
				1,
				1
				],
			"events": {
				"spawn": "tosca.spawn",
				"step": "tosca.drive",
				"ride": "tosca.door_close",
				"saddle": "tosca.saddled"
				}
      },
	  	   		"car:epica_tl": {
				"volume": 3,
				"pitch": [
				1,
				1
				],
			"events": {
				"spawn": "tosca.spawn",
				"step": "tosca.drive",
				"ride": "tosca.door_close",
				"saddle": "tosca.saddled"
				}
      },
			"car:tosca_gb": {
							"volume": 3,
							"pitch": [
							1,
							1
							],
						"events": {
				"spawn": "tosca.spawn",
				"step": "tosca.drive",
				"ride": "tosca.door_close",
				"saddle": "tosca.saddled"
							}
				  },
			"car:tosca_gw": {
							"volume": 3,
							"pitch": [
							1,
							1
							],
						"events": {
				"spawn": "tosca.spawn",
				"step": "tosca.drive",
				"ride": "tosca.door_close",
				"saddle": "tosca.saddled"
							}
				  },
			"car:tosca_ps": {
							"volume": 3,
							"pitch": [
							1,
							1
							],
						"events": {
				"spawn": "tosca.spawn",
				"step": "tosca.drive",
				"ride": "tosca.door_close",
				"saddle": "tosca.saddled"
							}
				  },	
			"car:tosca_sdg": {
							"volume": 3,
							"pitch": [
							1,
							1
							],
						"events": {
				"spawn": "tosca.spawn",
				"step": "tosca.drive",
				"ride": "tosca.door_close",
				"saddle": "tosca.saddled"
							}
				  },	
			"car:tosca_wp": {
							"volume": 3,
							"pitch": [
							1,
							1
							],
						"events": {
				"spawn": "tosca.spawn",
				"step": "tosca.drive",
				"ride": "tosca.door_close",
				"saddle": "tosca.saddled"
							}
				  }  
      }
   }
}